Papel;Setor;Preço Atual (R$);Liquidez Diária (R$);Último Dividendo;Dividend Yield;DY (3M) Acumulado;DY (6M) Acumulado;DY (12M) Acumulado;DY (3M) média;DY (6M) média;DY (12M) média;DY Ano;Variação Preço;Rentab. Período;Rentab. Acumulada;Patrimônio Líquido;VPA;P/VPA;DY Patrimonial;Variação Patrimonial;Rentab. Patr. Período;Rentab. Patr. Acumulada;Quant. Ativos;Volatilidade;Num. Cotistas
AAGR11;Indefinido;92,00;15.093,48;1,53;1,65 ;4,51 ;8,50 ;16,54 ;1,50 ;1,42 ;1,38 ;11,40 ;-2,16 ;-0,54 ;19,12 ;;;;0,00 ;0,00 ;0,00 ;0,00 ;0;64,13;0
AAZQ11;Indefinido;7,43;349.426,13;0,10;1,33 ;4,51 ;8,59 ;18,51 ;1,50 ;1,43 ;1,54 ;13,82 ;-2,21 ;-0,91 ;39,30 ;207.729.876,31;8,64;0,86;1,56 ;0,00 ;0,00 ;0,00 ;0;19,34;29.519
ABCP11;Shoppings;83,21;69.061,78;0,50;0,59 ;2,48 ;4,94 ;10,54 ;0,83 ;0,82 ;0,88 ;7,15 ;-9,60 ;-9,07 ;41,53 ;503.643.939,47;106,95;0,78;1,08 ;16,48 ;17,73 ;26,11 ;1;23,51;14.884
AFHI11;Papéis;92,65;694.315,17;1,01;1,11 ;3,44 ;6,78 ;13,48 ;1,15 ;1,13 ;1,12 ;9,07 ;0,00 ;1,11 ;20,64 ;427.523.494,63;93,85;0,99;1,16 ;-1,18 ;-0,03 ;6,24 ;14;11,68;38.876
AGRX11;Indefinido;8,11;365.296,96;0,12;1,53 ;4,67 ;9,14 ;15,55 ;1,56 ;1,52 ;1,30 ;10,59 ;-1,13 ;0,38 ;31,29 ;187.401.380,81;10,47;0,77;1,15 ;0,00 ;0,00 ;0,00 ;0;31,74;18.685
AIEC11;Lajes Corporativas;47,81;274.710,57;0,34;0,72 ;2,17 ;4,28 ;12,68 ;0,72 ;0,71 ;1,06 ;8,20 ;2,71 ;3,45 ;20,54 ;374.962.017,03;77,71;0,62;0,41 ;-16,90 ;-16,55 ;-15,59 ;2;19,14;15.724
AJFI11;Shoppings;7,70;311.242,96;0,06;0,83 ;2,50 ;5,55 ;11,73 ;0,83 ;0,93 ;0,98 ;7,70 ;0,42 ;1,25 ;15,69 ;384.210.693,68;;;;;;;13;13,10;12.781
ALMI11;Lajes Corporativas;575,02;15.238,47;4,23;0,68 ;1,56 ;2,90 ;7,82 ;0,52 ;0,48 ;0,65 ;5,02 ;0,00 ;0,00 ;;234.160.784,97;2.046,78;0,28;0,00 ;-0,05 ;-0,05 ;0,90 ;1;45,26;1.957
ALZC11;Papéis;7,61;172.134,13;0,11;1,35 ;4,00 ;9,07 ;16,84 ;1,33 ;1,51 ;1,40 ;11,14 ;-4,30 ;-3,01 ;1,41 ;189.178.719,25;;;;;;;14;52,73;9.104
ALZM11;Fundo de Fundos;6,32;164,43;0,40;6,30 ;0,00 ;0,00 ;12,12 ;0,00 ;0,00 ;1,01 ;7,55 ;-1,25 ;4,97 ;4,65 ;113.203.496,22;7,46;0,85;1,07 ;-91,94 ;-91,85 ;-91,51 ;14;17,89;12.195
ALZR11;Misto;10,26;1.276.391,83;0,08;0,82 ;2,56 ;5,06 ;10,02 ;0,85 ;0,84 ;0,84 ;6,78 ;-0,10 ;0,72 ;18,87 ;1.317.134.585,24;10,77;0,95;0,87 ;-89,92 ;-89,84 ;-89,02 ;19;11,54;165.613
APTO11;Imóveis Residenciais;8,45;12.564,57;0,09;1,06 ;3,31 ;6,62 ;13,24 ;1,10 ;1,10 ;1,10 ;9,99 ;2,17 ;3,25 ;14,36 ;45.186.047,74;9,80;0,86;0,98 ;-1,61 ;-0,64 ;13,45 ;3;20,64;8.330
APXM11;Shoppings;86,00;106.044,70;0,25;0,30 ;0,98 ;2,44 ;4,78 ;0,98 ;0,41 ;0,40 ;3,07 ;-8,83 ;-8,56 ;-12,23 ;348.928.821,47;;;;;;;1;58,64;593
ARCT11;Imóveis Industriais e Logísticos;87,13;1.053.903,45;0,50;0,00 ;1,30 ;3,82 ;12,55 ;0,43 ;0,64 ;1,05 ;0,00 ;0,00 ;0,00 ;;371.534.654,03;99,77;0,87;0,76 ;0,04 ;0,80 ;6,31 ;9;15,63;43.228
AROA11;Imóveis Industriais e Logísticos;1,01;4.457,04;0,01;0,73 ;2,01 ;3,99 ;7,94 ;0,67 ;0,67 ;0,66 ;5,96 ;-0,97 ;-0,25 ;12,75 ;160.197.706,28;;;;;;;6;32,59;4.661
ARRI11;Papéis;6,67;136.104,74;0,09;1,34 ;3,94 ;7,72 ;14,95 ;1,31 ;1,29 ;1,25 ;11,44 ;-1,61 ;-0,29 ;-3,31 ;175.533.265,54;8,47;0,79;1,06 ;-4,40 ;-3,39 ;-89,38 ;1;16,44;23.824
ARXD11;Papéis;7,44;76.289,57;0,10;1,28 ;3,79 ;7,78 ;15,92 ;1,26 ;1,30 ;1,33 ;12,11 ;-1,46 ;-0,20 ;11,73 ;82.140.658,62;;;;;;;14;31,20;1.771
ASMT11;Lajes Corporativas;4,10;12.484,00;0,08;1,12 ;0,00 ;0,00 ;0,00 ;0,00 ;0,00 ;0,00 ;2,19 ;-4,46 ;-3,39 ;-3,83 ;169.085.584,25;;;;;;;3;52,59;1
ASRF11;Indefinido;10.888,00;494,91;256,33;0,00 ;0,00 ;0,00 ;0,00 ;0,00 ;0,00 ;0,00 ;0,00 ;0,00 ;0,00 ;;38.854.069,91;;;;;;;2;15,42;68
ATSA11;Shoppings;49,74;629,17;0,15;0,00 ;1,37 ;2,10 ;5,08 ;0,46 ;0,35 ;0,42 ;4,12 ;0,00 ;0,00 ;;134.519.467,21;76,82;0,65;0,69 ;-5,67 ;-5,02 ;-13,75 ;1;34,81;299
AURB11;Imóveis Comerciais - Outros;72,80;2.838.399,20;0,41;0,00 ;0,00 ;0,00 ;0,00 ;0,00 ;0,00 ;0,00 ;0,00 ;0,00 ;0,00 ;;85.085.042,30;;;;;;;2;38,34;19
AZIN11;;100,09;1.018.441,96;1,50;1,55 ;3,15 ;7,94 ;9,60 ;1,05 ;1,32 ;0,80 ;9,60 ;3,30 ;4,90 ;33,66 ;;;;;;;;0;13,15;0
AZPE11;Papéis;;;0,15;0,00 ;0,00 ;0,00 ;0,00 ;0,00 ;0,00 ;0,00 ;0,00 ;0,00 ;0,00 ;;125.116.740,48;;;;;;;6;;2
AZPL11;Serviços Financeiros Diversos;7,63;903.448,26;0,07;0,92 ;3,23 ;7,10 ;15,27 ;1,08 ;1,18 ;1,27 ;11,67 ;2,41 ;3,35 ;36,35 ;176.932.625,82;;;;;;;1;30,08;6.591
BARI11;Papéis;79,20;896.491,00;4,38;0,00 ;0,00 ;4,06 ;12,32 ;0,00 ;0,68 ;1,03 ;10,01 ;0,00 ;0,00 ;;410.276.059,88;88,53;0,89;1,19 ;-7,16 ;-6,06 ;-1,81 ;2;19,89;31.744
BBFI11B;Lajes Corporativas;1.257,10;182.918,19;634,23;47,51 ;0,00 ;47,51 ;69,77 ;0,00 ;7,92 ;5,81 ;69,77 ;4,22 ;53,73 ;119,39 ;111.645.834,19;864,77;1,45;73,34 ;-60,09 ;-30,81 ;-43,61 ;1;43,40;6.989
BBFO11;Fundo de Fundos;62,96;214.338,04;0,73;1,16 ;3,63 ;7,20 ;14,10 ;1,21 ;1,20 ;1,18 ;10,96 ;1,25 ;2,43 ;23,59 ;290.643.427,56;72,59;0,87;1,07 ;-11,18 ;-10,23 ;-5,96 ;14;15,55;6.963
BBGO11;Indefinido;63,68;214.869,48;0,90;1,39 ;4,17 ;8,38 ;16,65 ;1,39 ;1,40 ;1,39 ;15,21 ;-1,74 ;-0,38 ;8,93 ;376.205.273,02;93,93;0,68;1,01 ;-4,09 ;-3,12 ;4,73 ;0;19,59;11.750
BBIG11;Serviços Financeiros Diversos;6,90;832.491,13;0,08;1,15 ;3,41 ;6,95 ;14,24 ;1,14 ;1,16 ;1,19 ;10,84 ;0,43 ;1,59 ;20,92 ;923.684.712,61;;;;;;;3;22,62;31.784
BBIM11;Papéis;;;0,10;0,00 ;0,00 ;0,00 ;0,00 ;0,00 ;0,00 ;0,00 ;0,00 ;0,00 ;0,00 ;;667,50;;;0,00 ;-100,00 ;0,00 ;0,00 ;14;;20
BBRC11;Agências de Bancos;97,91;66.929,35;1,05;1,05 ;3,15 ;6,32 ;13,17 ;1,05 ;1,05 ;1,10 ;9,88 ;2,68 ;3,76 ;10,57 ;166.087.534,33;104,46;0,94;0,96 ;-2,97 ;-2,04 ;9,10 ;21;19,42;8.954
BCIA11;Fundo de Fundos;82,99;314.046,35;0,84;1,00 ;2,99 ;6,04 ;12,57 ;1,00 ;1,01 ;1,05 ;9,43 ;0,24 ;1,24 ;20,44 ;362.556.988,30;97,49;0,85;0,86 ;-2,76 ;-1,93 ;2,50 ;14;17,68;22.044
BCRI11;Papéis;63,11;303.803,04;0,83;1,27 ;4,01 ;7,77 ;16,19 ;1,34 ;1,30 ;1,35 ;12,08 ;1,59 ;2,88 ;31,12 ;521.396.300,60;83,32;0,76;1,02 ;-17,43 ;-16,59 ;-10,35 ;14;17,02;43.136
BDIF11;Indefinido;75,50;2.067.715,26;0,90;1,24 ;3,53 ;7,82 ;15,59 ;1,18 ;1,30 ;1,30 ;10,74 ;-3,65 ;-2,45 ;19,43 ;;;;;;;;0;16,28;0
BDIV11;Indefinido;38,74;188.831,57;1,60;4,13 ;4,13 ;8,64 ;224,27 ;1,38 ;1,44 ;18,69 ;13,59 ;9,19 ;13,70 ;15,47 ;;;;;;;;0;23,49;0
BETW11;Indefinido;;;0,49;0,00 ;0,00 ;0,00 ;0,00 ;0,00 ;0,00 ;0,00 ;0,00 ;0,00 ;0,00 ;;263.673.514,23;;;;;;;1;;2
BICE11;Fundo de Fundos;898,00;1.925.644,00;1,00;0,11 ;0,51 ;1,32 ;5,74 ;0,51 ;0,22 ;0,48 ;3,75 ;0,00 ;0,00 ;;142.141.981,33;1.065,42;0,84;0,34 ;6,89 ;7,24 ;15,00 ;14;45,24;119
BICR11;Papéis;35,92;72,00;0,36;1,02 ;0,00 ;0,00 ;1,70 ;0,00 ;0,00 ;0,14 ;4,52 ;-10,54 ;-9,63 ;-26,97 ;20.805.910,51;42,51;0,84;0,85 ;-57,20 ;-56,84 ;-52,66 ;14;33,09;641
BIDB11;Indefinido;77,17;310.987,70;1,10;1,43 ;2,81 ;7,37 ;16,45 ;0,94 ;1,23 ;1,37 ;12,46 ;0,71 ;2,15 ;21,83 ;;;;;;;;0;18,37;0
BIME11;Indefinido;6,95;47.994,65;0,09;1,30 ;3,88 ;8,02 ;16,38 ;1,29 ;1,34 ;1,37 ;10,93 ;-1,43 ;-0,15 ;23,24 ;49.272.719,64;8,43;0,82;1,07 ;-6,64 ;-5,65 ;1,16 ;3;17,79;8.483
BINC11;Papéis;97,50;714.639,65;1,18;1,32 ;0,00 ;3,69 ;9,40 ;0,00 ;0,62 ;1,34 ;7,40 ;1,14 ;2,48 ;13,81 ;;;;;;;;0;21,74;0
BIPD11;Indefinido;972,83;760.000,00;27,17;0,00 ;0,00 ;0,00 ;0,00 ;0,00 ;0,00 ;0,00 ;0,00 ;0,00 ;0,00 ;;110.183.858,03;;;;;;;1;7,82;111
BLCA11;Indefinido;94,99;254.282,22;0,85;0,93 ;2,04 ;3,76 ;7,06 ;0,68 ;0,63 ;0,59 ;4,93 ;2,59 ;3,54 ;6,30 ;205.465.140,46;128,42;0,74;0,39 ;-10,58 ;-10,24 ;26,92 ;1;70,65;466
BLMC11;Papéis;85,75;150.671,33;5,34;0,00 ;0,00 ;0,00 ;0,00 ;0,00 ;0,00 ;0,00 ;0,74 ;0,00 ;0,00 ;;118.155.565,38;94,69;0,91;1,13 ;-1,48 ;-0,36 ;2,88 ;14;3,23;8.102
BLMG11;Imóveis Industriais e Logísticos;35,08;493.620,04;0,36;1,09 ;2,91 ;6,47 ;17,67 ;0,97 ;1,08 ;1,47 ;11,63 ;-12,80 ;-11,85 ;23,61 ;330.785.007,13;70,76;0,50;0,49 ;-26,25 ;-25,88 ;-22,68 ;2;31,08;12.836
BLMO11;Lajes Corporativas;87,99;83.590,50;0,53;0,63 ;1,95 ;4,01 ;7,79 ;0,65 ;0,67 ;0,65 ;5,83 ;0,62 ;1,26 ;29,21 ;104.248.546,24;104,79;0,84;0,55 ;-99,65 ;-99,64 ;-99,59 ;1;47,03;328
BLMR11;Fundo de Fundos;6,78;1.157.702,33;0,37;0,00 ;0,00 ;0,00 ;0,00 ;0,00 ;0,00 ;0,00 ;0,00 ;0,00 ;0,00 ;;118.155.565,38;7,61;0,89;0,70 ;-1,68 ;-0,99 ;1,82 ;14;3,49;8.102
BLOG11;Misto;10,05;61,00;0,02;0,20 ;1,21 ;2,09 ;4,78 ;0,40 ;0,35 ;0,40 ;2,76 ;-6,82 ;-6,63 ;-8,76 ;346.922.775,80;;;;;;;6;78,84;92
BLUR11;Papéis;76,03;228,00;74,29;0,00 ;0,00 ;2,24 ;6,80 ;0,00 ;0,37 ;0,57 ;4,01 ;0,00 ;0,00 ;;6.851.720,42;;;;;;;14;96,42;1
BMLC11;Lajes Corporativas;96,90;98.618,32;0,69;0,71 ;2,18 ;4,39 ;9,01 ;0,73 ;0,73 ;0,75 ;5,90 ;1,43 ;2,15 ;12,22 ;105.628.332,89;105,80;0,92;0,66 ;-6,76 ;-6,14 ;2,48 ;1;988,30;1.290
BNFS11;Agências de Bancos;72,00;79.877,17;1,00;1,38 ;4,11 ;8,41 ;16,71 ;1,37 ;1,40 ;1,39 ;12,41 ;0,14 ;1,52 ;-5,07 ;54.869.484,53;78,38;0,92;1,28 ;-14,25 ;-13,15 ;-7,52 ;18;20,06;5.951
BODB11;Indefinido;7,22;1.261.568,26;0,09;1,23 ;3,02 ;7,10 ;13,61 ;1,01 ;1,18 ;1,13 ;13,61 ;0,55 ;1,79 ;19,70 ;;;;;;;;0;21,74;0
BPFF11;Fundo de Fundos;54,53;358.573,09;0,70;0,00 ;2,49 ;5,90 ;12,76 ;0,83 ;0,98 ;1,06 ;9,50 ;0,00 ;0,00 ;;314.197.241,89;69,94;0,78;1,00 ;-4,83 ;-3,88 ;-1,05 ;14;17,61;20.325
BPLC11;Misto;;;14,42;0,00 ;0,00 ;0,00 ;0,00 ;0,00 ;0,00 ;0,00 ;0,00 ;0,00 ;0,00 ;;324.215.630,98;;;;;;;1;;129
BPML11;Shoppings;78,01;928.613,35;0,92;1,18 ;3,74 ;7,74 ;17,41 ;1,25 ;1,29 ;1,45 ;14,21 ;0,14 ;1,32 ;52,19 ;930.300.664,67;126,21;0,62;0,84 ;1,17 ;2,02 ;2,98 ;11;18,46;5.960
BPRP11;Imóveis Industriais e Logísticos;107,50;2.150,00;0,93;0,00 ;0,00 ;0,00 ;0,00 ;0,00 ;0,00 ;0,00 ;4,54 ;0,00 ;0,00 ;;169.496.975,27;;;;;;;15;1,52;171
BRCO11;Imóveis Industriais e Logísticos;111,90;2.291.811,39;0,87;0,78 ;2,55 ;5,02 ;10,48 ;0,85 ;0,84 ;0,87 ;7,80 ;1,81 ;2,60 ;29,20 ;1.873.877.235,23;117,82;0,95;0,89 ;-3,01 ;-2,15 ;6,48 ;12;14,72;121.554
BRCR11;Lajes Corporativas;42,29;807.071,70;0,41;1,00 ;2,89 ;6,34 ;13,97 ;0,96 ;1,06 ;1,16 ;8,97 ;-3,18 ;-2,21 ;20,88 ;2.264.212.740,68;85,00;0,50;0,48 ;-15,05 ;-14,64 ;-15,88 ;6;13,70;123.217
BREV11;Lajes Corporativas;105,00;532.138,00;0,58;0,55 ;0,00 ;0,00 ;0,00 ;0,00 ;0,00 ;0,00 ;10,03 ;0,32 ;0,87 ;22,08 ;118.155.565,38;;;0,00 ;-100,00 ;0,00 ;0,00 ;1;0,34;8.102
BRFT11;Misto;84,85;85.049,43;1,22;1,42 ;4,85 ;9,73 ;19,79 ;1,62 ;1,62 ;1,65 ;16,48 ;5,08 ;6,57 ;42,87 ;;;;0,00 ;0,00 ;0,00 ;0,00 ;0;50,85;0
BRIM11;Fundo de Desenvolvimento;475,00;14.786,04;120,84;23,52 ;40,70 ;66,45 ;115,28 ;13,57 ;11,08 ;9,61 ;93,17 ;9,60 ;35,37 ;91,18 ;45.906.376,13;;;;;;;2;125,73;685
BRIP11;Fundo de Desenvolvimento;706,90;4.557,65;46,41;6,94 ;26,61 ;41,01 ;75,67 ;8,87 ;6,84 ;6,31 ;52,15 ;13,21 ;21,07 ;91,75 ;137.962.795,11;;;;;;;10;231,67;435
BRIX11;Indefinido;1.673,35;195.781,00;180,14;0,00 ;0,00 ;0,00 ;0,00 ;0,00 ;0,00 ;0,00 ;0,00 ;0,00 ;0,00 ;;124.008.928,61;;;;;;;10;;103
BRLA11;Imóveis Industriais e Logísticos;148,00;21.194,28;1,15;0,78 ;2,38 ;3,11 ;4,64 ;0,79 ;0,52 ;0,39 ;4,64 ;4,99 ;5,81 ;5,06 ;815.145.198,38;166,46;0,89;0,69 ;5,36 ;6,09 ;-2,26 ;8;76,52;435
BROF11;Lajes Corporativas;52,05;395.481,65;0,42;0,76 ;3,12 ;6,88 ;13,89 ;1,04 ;1,15 ;1,16 ;9,42 ;5,51 ;6,32 ;58,72 ;1.256.326.727,66;;;;;;;2;23,63;10.001
BRZP11;;140,10;688.335,00;0,92;0,66 ;1,96 ;3,64 ;7,95 ;0,65 ;0,61 ;0,66 ;5,84 ;0,59 ;1,25 ;68,83 ;;;;;;;;0;23,48;0
BTAG11;Indefinido;96,20;45.522,30;1,30;1,39 ;4,16 ;8,23 ;731,87 ;1,39 ;1,37 ;60,99 ;697,41 ;-1,31 ;0,07 ;1.319,36 ;;;;0,00 ;0,00 ;0,00 ;0,00 ;0;31,16;0
BTAL11;Imóveis Industriais e Logísticos;78,18;467.810,09;0,90;1,16 ;3,38 ;6,95 ;14,84 ;1,13 ;1,16 ;1,24 ;9,56 ;-5,69 ;-4,59 ;44,05 ;673.183.103,37;112,52;0,69;0,80 ;7,10 ;7,96 ;17,04 ;9;15,99;39.264
BTCI11;Papéis;9,29;1.164.632,22;0,10;1,10 ;3,31 ;6,67 ;13,38 ;1,10 ;1,11 ;1,12 ;8,97 ;0,11 ;1,21 ;33,14 ;999.013.277,79;;;;;;;14;16,03;191.444
BTCR11;Papéis;88,00;571.148,00;0,90;0,98 ;0,00 ;0,00 ;0,00 ;0,00 ;0,00 ;0,00 ;12,53 ;-5,96 ;-5,04 ;14,54 ;118.155.565,38;95,27;0,92;0,94 ;0,64 ;1,59 ;4,62 ;14;32,78;8.102
BTHF11;Papéis;8,69;2.880.847,17;0,09;1,13 ;3,28 ;6,99 ;11,17 ;1,09 ;1,17 ;1,24 ;9,87 ;-5,23 ;-4,16 ;20,49 ;2.081.493.718,95;;;;;;;0;16,89;321.729
BTHI11;Hotéis;43,19;35.985,52;0,41;0,96 ;3,22 ;5,77 ;11,73 ;1,07 ;0,96 ;0,98 ;7,84 ;3,43 ;4,42 ;14,12 ;633.626.128,16;;;;;;;14;33,72;1.420
BTLG11;Imóveis Industriais e Logísticos;100,51;5.999.639,52;0,78;0,80 ;2,38 ;4,85 ;10,21 ;0,79 ;0,81 ;0,85 ;6,69 ;-1,70 ;-0,92 ;22,37 ;4.612.541.737,89;103,71;0,97;0,75 ;5,00 ;5,79 ;11,25 ;21;14,04;396.300
BTML11;Lajes Corporativas;101,37;;1,00;0,00 ;0,00 ;1,73 ;7,03 ;0,00 ;0,29 ;0,59 ;4,59 ;0,00 ;0,00 ;;144.707.018,00;;;;;;;2;2,27;1
BTRA11;Indefinido;54,01;125.830,17;0,30;0,56 ;2,89 ;4,75 ;9,58 ;0,96 ;0,79 ;0,80 ;6,38 ;2,46 ;3,04 ;48,43 ;373.254.978,90;110,94;0,49;0,75 ;-20,01 ;-19,42 ;14,74 ;6;27,93;12.561
BTSG11;Imóveis Industriais e Logísticos;150,45;150,00;1,00;0,66 ;0,66 ;1,86 ;5,44 ;0,66 ;0,31 ;0,45 ;3,66 ;0,00 ;0,00 ;;117.868.181,76;152,09;0,99;0,62 ;10,49 ;11,18 ;22,45 ;1;16,92;107
BTSI11;Misto;108,80;109,00;0,79;0,00 ;0,00 ;2,13 ;6,27 ;0,00 ;0,36 ;0,52 ;3,53 ;0,00 ;0,00 ;;675.582.022,67;;;;;;;5;33,56;199
BTWR11;Fundo de Desenvolvimento;105,49;15,85;0,60;0,00 ;0,00 ;1,14 ;4,45 ;0,00 ;0,19 ;0,37 ;2,72 ;0,00 ;0,00 ;;95.847.412,44;118,44;0,89;0,55 ;5,74 ;6,32 ;14,88 ;1;32,41;140
BTYU11;Incorporações;9,16;2.619,00;0,11;1,09 ;3,48 ;7,71 ;16,00 ;1,16 ;1,29 ;1,33 ;10,20 ;-2,91 ;-1,85 ;6,91 ;303.135.711,52;;;;;;;14;76,57;459
BZEL11;Misto;;;5,09;0,00 ;0,00 ;0,00 ;0,00 ;0,00 ;0,00 ;0,00 ;0,00 ;0,00 ;0,00 ;;514.334.784,40;;;;;;;14;;3
CACR11;Papéis;70,65;4.307.399,30;1,35;1,63 ;4,51 ;8,97 ;18,44 ;1,50 ;1,50 ;1,54 ;13,91 ;-13,56 ;-12,15 ;12,98 ;460.265.927,91;95,17;0,74;1,52 ;-8,08 ;-6,67 ;30,34 ;14;21,41;24.423
CARE11;Misto;1,10;7.511,65;0,01;1,13 ;0,00 ;0,00 ;0,00 ;0,00 ;0,00 ;0,00 ;6,79 ;-2,63 ;-1,53 ;-2,26 ;249.882.258,24;1,60;0,69;0,10 ;-0,24 ;-0,14 ;3,56 ;14;41,35;11.738
CBOP11;Lajes Corporativas;23,72;9.232,43;0,10;0,40 ;1,28 ;2,51 ;4,58 ;0,43 ;0,42 ;0,38 ;3,95 ;8,00 ;8,43 ;13,18 ;95.582.244,35;67,55;0,35;0,15 ;-8,49 ;-8,36 ;-18,33 ;1;54,56;2.233
CCME11;Indefinido;8,91;160.871,13;0,08;0,97 ;2,92 ;5,92 ;11,90 ;0,97 ;0,99 ;0,99 ;8,03 ;-2,48 ;-1,53 ;24,08 ;700.807.137,56;;;;;;;1;30,80;8.265
CCRF11;Papéis;92,50;1.276,82;3,50;0,00 ;0,00 ;0,00 ;0,00 ;0,00 ;0,00 ;0,00 ;0,00 ;0,00 ;0,00 ;;118.155.565,38;93,23;0,99;3,76 ;-2,86 ;0,79 ;3,55 ;14;8,06;8.102
CCVA11;Indefinido;98,97;159.202,27;0,53;0,00 ;0,00 ;1,08 ;3,92 ;0,00 ;0,18 ;0,33 ;2,29 ;0,00 ;0,00 ;;60.471.384,34;;;;;;;1;4,68;1
CDII11;Indefinido;107,19;3.790.918,30;1,61;1,50 ;4,39 ;8,11 ;15,55 ;1,46 ;1,35 ;1,30 ;11,75 ;2,44 ;3,97 ;26,61 ;;;;;;;;0;14,73;0
CEOC11;Lajes Corporativas;44,43;24.503,30;0,47;1,12 ;3,41 ;7,14 ;14,66 ;1,14 ;1,19 ;1,22 ;9,69 ;0,43 ;1,56 ;31,24 ;132.025.374,14;72,71;0,61;0,65 ;-7,73 ;-7,13 ;-15,30 ;1;20,01;4.035
CFHI11;Fundo de Desenvolvimento;320,00;320,00;65,00;0,00 ;0,00 ;21,79 ;23,53 ;0,00 ;3,63 ;2,14 ;23,53 ;0,00 ;0,00 ;;29.351.679,76;;;;;;;7;385,50;101
CFII11;Indefinido;650,00;520,00;105,00;0,00 ;0,00 ;4,09 ;13,43 ;0,00 ;0,68 ;1,49 ;13,43 ;0,00 ;0,00 ;;124.595.142,09;;;;;;;5;106,95;112
CIXM11;Misto;9,04;220.499,50;0,15;0,00 ;0,00 ;0,00 ;0,00 ;0,00 ;0,00 ;0,00 ;0,00 ;0,00 ;0,00 ;;239.776.833,04;;;;;;;14;;108
CJCT11;Lajes Corporativas;60,98;2.934.041,33;0,20;0,00 ;0,88 ;1,84 ;3,28 ;0,88 ;0,31 ;0,27 ;2,77 ;0,00 ;0,00 ;;229.044.214,43;57,90;1,05;0,00 ;0,58 ;0,58 ;0,58 ;1;34,68;878
CLIN11;Fundo de Fundos;88,87;664.423,09;1,00;1,13 ;3,65 ;7,62 ;15,05 ;1,22 ;1,27 ;1,25 ;10,34 ;-2,19 ;-1,08 ;28,60 ;421.237.172,01;;;;;;;14;18,89;12.390
CNES11;Lajes Corporativas;1,41;142.427,87;0,01;0,64 ;1,58 ;3,45 ;7,70 ;0,53 ;0,58 ;0,64 ;5,22 ;3,39 ;4,05 ;27,24 ;258.302.277,66;7,57;0,19;0,05 ;-91,54 ;-91,53 ;-91,16 ;1;38,33;90.036
COPP11;Lajes Corporativas;103,00;1.827.632,00;0,75;0,00 ;0,00 ;0,00 ;0,00 ;0,00 ;0,00 ;0,00 ;0,00 ;0,00 ;0,00 ;;518.545.832,67;;;;;;;4;17,75;126
CORM11;Lajes Corporativas;;;0,77;0,90 ;2,76 ;5,35 ;11,38 ;0,92 ;0,89 ;0,95 ;6,20 ;-2,97 ;-2,10 ;-4,27 ;;90,56;;0,89 ;-2,33 ;-1,45 ;0,21 ;0;;0
CPFO11;Fundo de Fundos;;;31,42;0,00 ;0,00 ;0,00 ;0,00 ;0,00 ;0,00 ;0,00 ;0,00 ;0,00 ;0,00 ;;118.155.565,38;;;;;;;14;;8.102
CPLG11;Misto;11,90;2.638.620,04;0,03;0,26 ;0,52 ;2,97 ;7,78 ;0,52 ;0,50 ;0,97 ;4,44 ;2,45 ;2,71 ;21,52 ;332.390.719,14;;;;;;;1;38,18;397
CPOF11;Misto;110,00;7.500.196,00;0,75;0,00 ;0,61 ;1,37 ;6,34 ;0,61 ;0,23 ;0,53 ;3,02 ;0,00 ;0,00 ;;518.545.832,67;;;;;;;4;56,99;126
CPSH11;Indefinido;9,65;1.071.872,09;0,10;1,05 ;3,13 ;6,53 ;13,76 ;1,04 ;1,09 ;1,15 ;8,92 ;-3,17 ;-2,15 ;25,72 ;930.103.655,46;;;;;;;7;14,42;22.952
CPTI11;Indefinido;82,17;1.469.814,43;1,00;1,22 ;3,70 ;7,41 ;15,19 ;1,23 ;1,24 ;1,27 ;11,42 ;2,41 ;3,66 ;18,27 ;;;;;;;;0;16,25;0
CPTR11;Indefinido;7,63;198.096,57;0,11;1,40 ;4,49 ;8,43 ;12,27 ;1,50 ;1,41 ;1,02 ;9,59 ;3,16 ;4,60 ;7,84 ;195.672.303,20;9,87;0,77;1,11 ;-90,00 ;-89,89 ;-89,74 ;0;17,61;21.953
CPTS11;Papéis;7,46;5.379.963,09;0,09;1,20 ;3,67 ;7,31 ;14,28 ;1,22 ;1,22 ;1,19 ;9,85 ;-0,83 ;0,36 ;33,72 ;2.914.035.233,99;8,87;0,84;0,99 ;-90,01 ;-89,91 ;-89,81 ;14;15,53;356.073
CPUR11;Misto;10,16;2.121.124,74;0,05;0,51 ;2,07 ;5,13 ;11,56 ;0,69 ;0,86 ;0,96 ;7,50 ;-1,87 ;-1,37 ;18,35 ;615.592.123,52;;;;;;;13;12,31;1.393
CRAA11;Indefinido;96,26;573.529,39;1,25;1,32 ;4,01 ;7,88 ;14,37 ;1,34 ;1,31 ;1,20 ;9,89 ;0,31 ;1,63 ;33,13 ;241.829.110,61;102,04;0,94;1,23 ;0,00 ;0,00 ;0,00 ;0;12,09;9.485
CRFF11;Fundo de Fundos;74,22;18.539,70;0,61;0,81 ;2,53 ;5,02 ;10,84 ;0,84 ;0,84 ;0,90 ;8,98 ;8,16 ;9,04 ;27,54 ;55.769.698,78;80,82;0,92;0,75 ;-3,79 ;-3,06 ;2,37 ;14;42,40;1.250
CSMC11;Indefinido;;;9,21;0,00 ;0,00 ;0,00 ;0,00 ;0,00 ;0,00 ;0,00 ;0,00 ;0,00 ;0,00 ;;1.686.070.497,08;;;;;;;8;;1
CTXT11;Lajes Corporativas;5,05;1.898,35;0,01;0,04 ;0,00 ;0,00 ;0,00 ;0,00 ;0,00 ;0,00 ;1,34 ;1,40 ;1,44 ;-49,65 ;99.614.785,81;48,33;0,10;0,19 ;-0,10 ;0,09 ;0,54 ;1;58,76;2.265
CVBI11;Papéis;85,02;2.094.994,30;1,05;1,23 ;3,74 ;7,68 ;15,03 ;1,25 ;1,28 ;1,25 ;10,55 ;0,98 ;2,23 ;33,01 ;1.019.760.053,98;92,62;0,92;1,13 ;-1,32 ;-0,20 ;6,48 ;14;18,96;84.172
CVPR11;Indefinido;;;0,89;0,00 ;0,00 ;0,00 ;0,00 ;0,00 ;0,00 ;0,00 ;0,00 ;0,00 ;0,00 ;;59.907.960,02;;;;;;;14;;3
CXAG11;Agências de Bancos;73,36;127.699,87;0,70;0,95 ;3,49 ;6,54 ;12,81 ;1,16 ;1,09 ;1,07 ;9,71 ;-0,09 ;0,85 ;22,99 ;230.922.327,70;110,46;0,66;1,06 ;-3,65 ;-2,63 ;15,91 ;32;13,76;11.881
CXCE11B;Lajes Corporativas;44,01;9.205,00;0,43;1,09 ;3,25 ;6,56 ;12,24 ;1,08 ;1,09 ;1,02 ;12,24 ;0,18 ;1,27 ;3,73 ;110.543.765,88;64,53;0,68;0,67 ;-1,63 ;-0,97 ;0,19 ;1;22,21;3.247
CXCI11;Indefinido;65,95;134.807,26;0,75;1,18 ;3,66 ;7,26 ;14,26 ;1,22 ;1,21 ;1,19 ;9,78 ;-3,60 ;-2,46 ;13,34 ;171.496.272,60;83,34;0,79;1,08 ;-10,49 ;-9,53 ;-7,58 ;14;17,19;5.439
CXCO11;Lajes Corporativas;57,21;179.986,30;0,66;1,11 ;3,96 ;7,47 ;14,55 ;1,32 ;1,25 ;1,21 ;11,53 ;1,66 ;2,79 ;28,28 ;377.113.247,49;96,09;0,60;1,08 ;-3,23 ;-2,19 ;10,22 ;10;23,99;12.514
CXRI11;Fundo de Fundos;61,00;17.108,82;0,59;0,95 ;2,87 ;5,67 ;11,41 ;0,96 ;0,95 ;0,95 ;9,61 ;2,16 ;3,13 ;6,52 ;126.173.260,11;80,07;0,76;0,74 ;-3,12 ;-2,41 ;2,13 ;1;40,57;1.802
CXTL11;Imóveis Industriais e Logísticos;289,00;367.092,89;0,65;0,23 ;1,36 ;3,17 ;9,82 ;0,45 ;0,53 ;0,82 ;6,28 ;26,24 ;26,53 ;57,56 ;21.572.989,78;392,08;0,74;0,55 ;-19,90 ;-19,46 ;-32,48 ;1;64,15;633
CYCR11;Indefinido;8,65;373.332,48;0,11;1,23 ;3,80 ;7,77 ;15,03 ;1,27 ;1,30 ;1,25 ;11,69 ;0,93 ;2,18 ;27,00 ;341.690.640,98;9,35;0,93;1,24 ;-1,99 ;-0,78 ;-89,30 ;14;16,87;18.051
DAMA11;Misto;6,89;12.957,65;0,09;1,26 ;3,70 ;7,10 ;12,00 ;1,23 ;1,18 ;1,00 ;8,61 ;2,64 ;3,93 ;-13,12 ;46.490.935,33;;;;;;;14;37,85;791
DAMT11B;Shoppings;11,45;23,00;0,40;3,50 ;3,50 ;3,50 ;3,50 ;1,17 ;0,58 ;0,29 ;3,50 ;-11,86 ;-8,77 ;-8,77 ;266.485.019,60;;;;;;;2;11,75;525
DCRA11;Indefinido;7,18;55.367,74;0,09;1,25 ;3,66 ;7,64 ;16,79 ;1,22 ;1,27 ;1,40 ;10,92 ;-3,23 ;-2,02 ;28,45 ;65.059.674,21;9,65;0,74;0,91 ;0,00 ;0,00 ;0,00 ;0;20,08;15.979
DEVA11;Papéis;28,08;725.904,65;0,34;1,11 ;3,87 ;8,54 ;17,65 ;1,29 ;1,42 ;1,47 ;11,74 ;-8,49 ;-7,47 ;26,95 ;1.355.442.033,99;96,51;0,29;0,48 ;-4,73 ;-4,27 ;14,78 ;14;25,08;87.039
DLMT11;Varejo;;;0,00;0,00 ;0,00 ;0,00 ;0,00 ;0,00 ;0,00 ;0,00 ;0,00 ;0,00 ;0,00 ;;8.443.649,01;;;;;;;7;;9
DPRO11;Indefinido;6,14;666,65;0,06;1,02 ;2,93 ;5,82 ;11,74 ;0,98 ;0,97 ;0,98 ;8,05 ;-0,34 ;0,68 ;13,12 ;45.757.870,31;;;;;;;1;52,19;742
DRIT11B;Lajes Corporativas;83,30;1.547,00;0,53;0,63 ;1,94 ;3,25 ;13,98 ;0,65 ;0,54 ;1,17 ;1,94 ;17,70 ;18,44 ;16,76 ;60.485.010,41;130,56;0,64;0,46 ;-1,36 ;-0,91 ;7,46 ;4;29,85;348
DVFF11;Fundo de Fundos;6,28;48.872,09;0,07;1,08 ;3,26 ;6,47 ;13,53 ;1,09 ;1,08 ;1,13 ;9,05 ;3,78 ;4,90 ;13,55 ;91.868.250,27;8,34;0,75;0,78 ;-90,85 ;-90,77 ;-89,93 ;14;34,56;1.888
EDFO11B;Lajes Corporativas;229,98;7.938,50;0,49;0,42 ;2,45 ;5,30 ;11,89 ;0,82 ;0,88 ;0,99 ;3,59 ;-0,22 ;0,20 ;-17,93 ;49.670.858,85;210,47;1,09;0,60 ;9,69 ;10,35 ;20,16 ;1;181,93;490
EDGA11;Lajes Corporativas;14,04;10.341,09;0,08;0,49 ;0,49 ;2,11 ;4,91 ;0,49 ;0,35 ;0,41 ;3,48 ;-3,60 ;-3,13 ;6,67 ;178.068.035,06;46,99;0,30;0,17 ;-23,34 ;-23,21 ;-28,02 ;1;25,93;3.994
EGAF11;Indefinido;92,67;440.925,48;1,42;1,50 ;4,65 ;9,18 ;18,60 ;1,55 ;1,53 ;1,55 ;14,14 ;1,59 ;3,11 ;41,36 ;310.835.558,50;310.835.558,50;0,00;0,00 ;0,00 ;0,00 ;0,00 ;0;12,72;11.430
EMET11;Misto;10,14;326.248,64;0,10;1,05 ;1,05 ;1,05 ;1,05 ;1,05 ;1,05 ;1,05 ;1,05 ;0,00 ;0,00 ;;50.847.381,65;;;;;;;14;39,23;53
ENDD11;Indefinido;106,01;242.101,91;0,16;0,16 ;0,16 ;0,16 ;5,35 ;0,16 ;0,16 ;0,45 ;0,16 ;9,99 ;10,17 ;10,17 ;;;;;;;;0;17,13;0
EQIA11;Fiagro;;;0,45;;;;;;;;;;;;;;;;;;;0;;0
EQIR11;Indefinido;7,90;134.235,52;0,10;1,29 ;3,94 ;7,98 ;16,05 ;1,31 ;1,33 ;1,34 ;10,83 ;-0,90 ;0,38 ;34,25 ;103.513.574,51;9,49;0,83;1,11 ;-2,77 ;-1,68 ;-89,69 ;14;15,90;10.046
ERCR11;Varejo;15.707,85;;2.558,14;0,00 ;0,00 ;0,00 ;16,74 ;0,00 ;0,00 ;1,40 ;0,93 ;0,00 ;0,00 ;;41.593.835,11;17.505,82;0,90;4,07 ;-73,69 ;-72,62 ;-70,95 ;14;12,50;10
ERPA11;Lajes Corporativas;125,89;87.959,75;0,94;0,75 ;1,48 ;3,54 ;6,69 ;0,49 ;0,59 ;0,56 ;4,78 ;-1,53 ;-0,79 ;-1,22 ;79.892.902,91;159,49;0,79;0,59 ;16,36 ;17,04 ;43,99 ;2;46,79;621
ESUD11;Indefinido;315,99;1.579,95;72,93;23,08 ;0,00 ;0,00 ;23,08 ;0,00 ;0,00 ;5,77 ;23,08 ;0,00 ;0,00 ;;;;;;;;;0;26,87;0
ESUT11;Indefinido;32,00;609,52;67,49;210,90 ;0,00 ;0,00 ;210,90 ;0,00 ;0,00 ;52,73 ;210,90 ;0,00 ;0,00 ;;;;;;;;;0;9,96;0
ESUU11;Indefinido;32,00;3.200,00;63,84;199,49 ;0,00 ;0,00 ;199,49 ;0,00 ;0,00 ;49,87 ;199,49 ;0,00 ;0,00 ;;;;;;;;;0;10,03;0
EURO11;Imóveis Industriais e Logísticos;242,01;45.180,61;2,00;0,87 ;2,51 ;5,12 ;10,55 ;0,84 ;0,85 ;0,88 ;7,88 ;-8,78 ;-7,98 ;19,76 ;126.643.041,61;329,85;0,73;0,60 ;1,58 ;2,18 ;13,83 ;7;28,80;2.065
EVBI11;renda urbana;9,50;32.194,42;0,11;1,05 ;2,88 ;5,14 ;9,85 ;0,96 ;0,86 ;0,82 ;9,85 ;5,74 ;6,85 ;23,48 ;411.540.046,98;9,86;0,96;0,96 ;-90,11 ;-90,02 ;-89,22 ;13;14,99;1.313
EXES11;Indefinido;9,91;7.436,65;0,13;1,38 ;4,23 ;8,62 ;16,70 ;1,41 ;1,44 ;1,39 ;11,47 ;2,84 ;4,26 ;31,18 ;68.581.134,88;;;;;;;14;15,58;760
FAED11;Educacional;144,41;47.390,30;1,66;1,16 ;3,57 ;7,36 ;14,91 ;1,19 ;1,23 ;1,24 ;9,95 ;-0,84 ;0,32 ;28,69 ;153.672.554,72;221,95;0,65;0,79 ;1,99 ;2,79 ;9,39 ;4;19,75;4.168
FAMB11B;Lajes Corporativas;609,99;47.041,93;1.001,61;0,00 ;0,00 ;0,00 ;0,00 ;0,00 ;0,00 ;0,00 ;0,00 ;0,00 ;0,00 ;;424.524.340,32;3.593,26;0,17;0,25 ;0,53 ;0,79 ;12,82 ;1;47,01;2.173
FAOE11;Indefinido;926,90;;11,16;0,00 ;0,00 ;0,00 ;0,00 ;0,00 ;0,00 ;0,00 ;0,00 ;0,00 ;0,00 ;;118.155.565,38;;;;;;;3;;8.102
FATN11;Lajes Corporativas;82,47;1.049.461,57;0,80;0,98 ;3,11 ;6,43 ;12,99 ;1,04 ;1,07 ;1,08 ;8,70 ;9,36 ;10,43 ;19,61 ;458.571.343,38;98,42;0,84;0,81 ;-0,60 ;0,21 ;5,68 ;54;9,86;20.992
FCFL11;Educacional;125,22;249.428,96;0,89;0,71 ;2,16 ;4,50 ;9,48 ;0,72 ;0,75 ;0,79 ;6,21 ;1,28 ;2,00 ;30,77 ;428.015.265,46;123,20;1,02;0,73 ;6,05 ;6,83 ;25,93 ;1;16,85;3.059
FEXC11;Papéis;83,50;860.137,12;0,50;0,00 ;1,08 ;4,14 ;11,48 ;0,36 ;0,69 ;0,96 ;0,00 ;0,00 ;0,00 ;;1.001.470.167,13;90,75;0,92;0,99 ;-1,13 ;-0,15 ;7,12 ;0;14,57;36.232
FGAA11;Indefinido;8,69;909.314,17;0,12;1,40 ;4,22 ;7,06 ;14,80 ;1,41 ;1,18 ;1,23 ;14,80 ;0,35 ;1,76 ;51,28 ;423.677.987,49;9,40;0,92;0,64 ;0,00 ;0,00 ;0,00 ;0;13,28;50.225
FIGS11;Shoppings;46,72;126.645,57;0,48;1,01 ;3,07 ;6,12 ;12,05 ;1,02 ;1,02 ;1,00 ;9,24 ;-1,27 ;-0,27 ;16,25 ;217.378.624,05;76,27;0,61;0,63 ;-0,27 ;0,35 ;-19,27 ;2;17,33;11.976
FIIB11;Imóveis Industriais e Logísticos;509,89;167.223,87;3,58;0,70 ;2,21 ;4,58 ;9,40 ;0,74 ;0,76 ;0,78 ;6,97 ;0,84 ;1,54 ;18,46 ;325.711.119,73;475,49;1,07;0,84 ;3,03 ;3,90 ;14,25 ;9;12,68;15.325
FIIP11B;Imóveis Industriais e Logísticos;161,37;1.172,80;1,40;0,96 ;2,95 ;5,92 ;10,89 ;0,98 ;0,99 ;0,91 ;4,03 ;-1,78 ;-0,84 ;6,81 ;184.360.354,72;198,84;0,81;0,70 ;6,81 ;7,56 ;8,46 ;7;11,96;6.586
FISC11;Lajes Corporativas;68,90;597,55;0,50;0,00 ;1,55 ;4,00 ;8,74 ;0,52 ;0,67 ;0,73 ;5,54 ;0,00 ;0,00 ;;193.436.827,13;113,79;0,61;0,43 ;-1,10 ;-0,68 ;-0,19 ;5;96,39;220
FLCR11;Papéis;94,99;103.850,96;1,05;1,10 ;3,83 ;7,50 ;15,89 ;1,28 ;1,25 ;1,32 ;10,52 ;1,59 ;2,71 ;22,72 ;70.133.879,39;93,28;1,02;1,50 ;-5,22 ;-3,80 ;5,80 ;1;9,12;3.024
FLFL11;Fundo de Desenvolvimento;;;0,18;0,00 ;0,00 ;0,00 ;0,00 ;0,00 ;0,00 ;0,00 ;0,00 ;0,00 ;0,00 ;;476.994.955,71;;;;;;;1;;1
FLMA11;Lajes Corporativas;138,05;83.920,09;1,02;0,77 ;2,60 ;4,79 ;10,01 ;0,87 ;0,80 ;0,83 ;6,49 ;-0,36 ;0,41 ;13,39 ;304.634.612,00;220,64;0,63;0,49 ;37,68 ;38,36 ;51,01 ;2;21,50;12.098
FLRP11;Shoppings;20,35;18.706,61;0,14;0,70 ;2,77 ;4,95 ;9,43 ;0,92 ;0,83 ;0,79 ;7,31 ;-2,63 ;-1,94 ;21,65 ;150.432.515,53;20,33;1,00;1,43 ;-98,89 ;-98,87 ;-98,74 ;1;54,61;1.566
FMOF11;Lajes Corporativas;76,05;1.731.917,87;0,41;0,53 ;1,77 ;3,63 ;7,05 ;0,59 ;0,61 ;0,59 ;7,05 ;3,12 ;3,67 ;64,06 ;58.938.615,10;116,02;0,66;0,44 ;-2,17 ;-1,74 ;-4,80 ;2;77,28;221
FPAB11;Lajes Corporativas;207,00;6.163,35;1,35;0,57 ;1,26 ;3,48 ;7,02 ;0,42 ;0,58 ;0,59 ;4,96 ;22,05 ;22,75 ;16,40 ;267.840.260,25;357,12;0,58;0,38 ;-4,77 ;-4,41 ;-8,30 ;3;75,98;705
FPOR11;Indefinido;21,93;220,00;0,07;0,00 ;0,18 ;0,18 ;0,18 ;0,18 ;0,18 ;0,18 ;0,18 ;0,00 ;0,00 ;;;;;;;;;0;147,12;0
FRHY11;Indefinido;;;1,03;0,00 ;0,00 ;0,00 ;0,00 ;0,00 ;0,00 ;0,00 ;0,00 ;0,00 ;0,00 ;;2.167.937,93;;;;;;;14;;7
FTCA11;Indefinido;8,54;41.805,30;0,13;0,00 ;0,00 ;0,00 ;0,00 ;0,00 ;0,00 ;0,00 ;0,00 ;0,00 ;0,00 ;;47.308.757,12;10,61;0,80;1,13 ;0,00 ;0,00 ;0,00 ;0;21,80;7.706
FVPQ11;Shoppings;67,00;31.136,43;0,05;0,07 ;2,37 ;6,11 ;11,96 ;0,79 ;1,02 ;1,00 ;9,88 ;2,37 ;2,45 ;81,83 ;436.452.649,82;155,87;0,43;0,50 ;-18,93 ;-18,53 ;-17,17 ;1;30,03;3.938
FYTO11;Papéis;8,07;139.758,48;0,10;1,27 ;3,95 ;7,83 ;15,40 ;1,32 ;1,31 ;1,28 ;10,55 ;-4,59 ;-3,38 ;18,87 ;148.545.762,24;;;;;;;0;17,96;10.876
FZDA11;Indefinido;130,01;2.920,45;4,11;3,40 ;0,00 ;3,40 ;3,40 ;0,00 ;1,70 ;1,70 ;3,40 ;-0,69 ;2,69 ;2,69 ;281.164.347,80;173,55;0,75;2,37 ;0,00 ;0,00 ;0,00 ;0;70,92;306
FZDB11;Indefinido;136,38;32.510,57;4,21;3,32 ;0,00 ;3,32 ;3,32 ;0,00 ;3,32 ;3,32 ;3,32 ;21,43 ;25,46 ;25,46 ;642.474.088,61;168,93;0,81;2,49 ;0,00 ;0,00 ;0,00 ;0;42,63;115
GAME11;Indefinido;8,49;73.057,43;0,10;1,13 ;3,40 ;6,96 ;13,92 ;1,13 ;1,16 ;1,16 ;9,36 ;-1,18 ;-0,06 ;20,84 ;201.973.096,77;9,31;0,91;1,02 ;-5,39 ;-4,42 ;-98,88 ;14;13,08;21.864
GARE11;Imóveis Industriais e Logísticos;9,01;8.111.718,65;0,08;0,92 ;2,79 ;5,72 ;12,47 ;0,93 ;0,95 ;1,04 ;9,12 ;1,35 ;2,28 ;21,31 ;1.325.953.871,67;;;;;;;4;14,43;390.202
GCFF11;Fundo de Fundos;69,30;87.694,83;3,07;0,00 ;0,00 ;0,00 ;0,00 ;0,00 ;0,00 ;0,00 ;4,27 ;0,00 ;0,00 ;;118.155.565,38;77,31;0,90;0,97 ;-5,00 ;-4,08 ;-7,97 ;1;1,15;8.102
GCOI11;Indefinido;98,90;10.879,00;0,81;0,00 ;0,00 ;0,00 ;0,00 ;0,00 ;0,00 ;0,00 ;0,00 ;0,00 ;0,00 ;;10.863.863,97;;;;;;;5;3,39;302
GCRA11;Indefinido;52,01;127.596,04;0,66;1,31 ;3,97 ;8,07 ;16,63 ;1,32 ;1,35 ;1,39 ;11,03 ;0,10 ;1,41 ;48,89 ;148.803.585,71;84,99;0,61;0,78 ;-13,27 ;-12,60 ;-1,47 ;0;24,15;7.343
GCRI11;Papéis;64,29;112.465,87;0,85;1,34 ;4,05 ;8,46 ;17,82 ;1,35 ;1,41 ;1,49 ;11,70 ;-3,95 ;-2,66 ;33,84 ;130.306.527,78;89,63;0,72;0,97 ;-5,02 ;-4,10 ;-2,05 ;14;18,82;4.378
GESE11B;Educacional;1.520,00;;1.112,72;0,00 ;0,00 ;0,00 ;0,00 ;0,00 ;0,00 ;0,00 ;0,00 ;0,00 ;0,00 ;;118.155.565,38;1.119,08;1,36;104,32 ;-36,85 ;29,02 ;33,17 ;14;;8.102
GGRC11;Imóveis Industriais e Logísticos;9,70;3.831.113,70;0,10;1,01 ;3,10 ;6,22 ;12,68 ;1,03 ;1,04 ;1,06 ;9,47 ;1,96 ;2,99 ;17,47 ;1.685.014.935,35;11,05;0,88;0,95 ;-91,12 ;-91,03 ;-90,79 ;41;12,96;185.954
GLOG11;Imóveis Industriais e Logísticos;64,34;27.127,64;0,41;0,62 ;1,92 ;4,08 ;9,57 ;0,64 ;0,68 ;0,80 ;6,79 ;3,37 ;4,01 ;32,60 ;81.538.693,94;;;;;;;1;26,11;1.967
GRUL11;Logística;7,85;333.291,09;0,08;0,98 ;3,70 ;7,83 ;15,74 ;1,23 ;1,31 ;1,57 ;12,77 ;2,01 ;3,00 ;30,51 ;236.632.519,15;;;;;;;1;33,88;5.263
GRWA11;Indefinido;7,70;9.370,70;0,06;0,77 ;2,29 ;5,30 ;12,85 ;0,76 ;0,88 ;1,07 ;7,79 ;-2,37 ;-1,61 ;9,03 ;27.662.546,19;10,03;0,77;0,60 ;0,00 ;0,00 ;0,00 ;0;33,43;2.235
GSFI11;Shoppings;9,17;2.171.878,61;0,00;0,03 ;0,03 ;0,03 ;0,03 ;0,01 ;0,00 ;0,00 ;0,03 ;0,00 ;0,03 ;0,03 ;1.260.137.088,59;11,90;0,77;0,01 ;0,01 ;0,02 ;0,02 ;9;16,59;6.407
GTLG11;Imóveis Industriais e Logísticos;63,99;22.885,25;60,62;0,00 ;0,00 ;0,00 ;0,00 ;0,00 ;0,00 ;0,00 ;37,59 ;0,00 ;0,00 ;;118.155.565,38;60,62;1,06;100,00 ;-35,83 ;28,33 ;35,22 ;1;34,61;8.102
GTWR11;Lajes Corporativas;75,55;756.587,43;0,90;1,18 ;3,52 ;7,14 ;14,57 ;1,17 ;1,19 ;1,21 ;11,04 ;1,93 ;3,14 ;30,07 ;1.197.356.381,10;99,78;0,76;0,87 ;5,36 ;6,28 ;11,89 ;3;13,17;35.639
GURB11;Indefinido;108,00;5.000.076,00;0,70;0,65 ;0,00 ;0,00 ;0,00 ;0,00 ;0,00 ;0,00 ;0,65 ;0,00 ;0,00 ;;144.707.018,00;;;;;;;2;1,17;1
GZIT11;Indefinido;44,15;491.275,91;0,78;1,81 ;5,31 ;10,52 ;22,65 ;1,77 ;1,75 ;1,89 ;14,78 ;-2,42 ;-0,65 ;43,38 ;1.979.152.353,93;;;;;;;6;29,58;7.214
HAAA11;Lajes Corporativas;48,03;3.999,47;0,08;0,16 ;1,21 ;2,05 ;4,92 ;0,40 ;0,34 ;0,41 ;4,20 ;-1,49 ;-1,33 ;63,60 ;229.763.993,67;66,50;0,72;0,66 ;-25,83 ;-25,34 ;-24,14 ;2;74,74;225
HABT11;Papéis;77,74;823.328,83;1,05;1,33 ;4,05 ;8,21 ;17,03 ;1,35 ;1,37 ;1,42 ;12,91 ;-2,92 ;-1,63 ;33,96 ;761.613.418,42;93,72;0,83;1,23 ;-6,07 ;-4,92 ;11,32 ;14;16,43;61.302
HBCR11;Indefinido;130,00;8.457.610,00;0,57;0,00 ;0,00 ;1,33 ;10,62 ;0,00 ;0,22 ;0,89 ;8,32 ;0,00 ;0,00 ;;199.155.774,66;;;;;;;3;78,73;36
HBRH11;Lajes Corporativas;90,80;14.627,00;0,50;0,55 ;1,65 ;6,85 ;9,22 ;0,55 ;1,14 ;0,77 ;9,22 ;1,00 ;1,56 ;2,46 ;316.852.348,31;112,23;0,81;0,45 ;-0,86 ;-0,42 ;7,60 ;5;13,98;720
HCHG11;Papéis;74,48;24.320,32;0,65;0,82 ;2,87 ;6,42 ;14,46 ;0,96 ;1,07 ;1,21 ;10,57 ;1,14 ;1,97 ;38,81 ;112.219.128,41;93,52;0,80;0,94 ;-7,52 ;-6,65 ;7,81 ;14;39,34;610
HCRA11;Indefinido;10,22;0,83;14,85;145,30 ;0,00 ;148,99 ;241,63 ;0,00 ;24,83 ;20,14 ;233,94 ;2,20 ;150,70 ;11,17 ;54.923.324,77;;;0,00 ;0,00 ;0,00 ;0,00 ;0;1.398,88;113
HCRI11;Hospitalar;260,02;34.635,52;2,73;1,05 ;3,26 ;6,64 ;13,13 ;1,09 ;1,11 ;1,09 ;8,72 ;2,30 ;3,38 ;19,12 ;65.175.033,62;325,88;0,80;0,88 ;5,82 ;6,75 ;14,24 ;1;35,77;2.996
HCTR11;Papéis;22,75;626.034,39;0,30;1,30 ;4,10 ;8,85 ;20,98 ;1,37 ;1,48 ;1,75 ;14,89 ;-1,79 ;-0,52 ;10,70 ;2.294.931.610,71;103,92;0,22;0,36 ;-14,38 ;-14,07 ;1,31 ;14;38,05;139.141
HDEL11;Imóveis Industriais e Logísticos;100,01;16,67;14,03;0,00 ;0,00 ;0,00 ;11,84 ;0,00 ;0,00 ;1,69 ;0,00 ;0,00 ;0,00 ;;88.923.624,22;;;;;;;1;60,99;108
HFOF11;Fundo de Fundos;5,93;1.292.049,13;0,06;0,95 ;2,86 ;5,85 ;12,14 ;0,95 ;0,98 ;1,01 ;9,12 ;0,51 ;1,46 ;21,16 ;1.671.963.445,19;7,25;0,82;0,77 ;-91,04 ;-90,97 ;-90,59 ;14;14,97;74.872
HGAG11;Indefinido;13,32;813,50;0,12;0,79 ;9,42 ;11,36 ;18,82 ;3,14 ;1,89 ;1,57 ;14,04 ;2,84 ;3,65 ;50,55 ;5.821.473,54;23,45;0,57;4,73 ;0,00 ;0,00 ;0,00 ;0;129,43;1.107
HGBL11;Misto;8,39;60.044,35;0,07;0,85 ;2,69 ;5,28 ;13,04 ;0,90 ;0,88 ;1,09 ;8,33 ;-1,17 ;-0,33 ;-4,16 ;236.582.706,01;;;;;;;1;14,96;4.705
HGBS11;Shoppings;19,04;1.791.098,39;0,15;0,78 ;2,41 ;4,92 ;10,37 ;0,80 ;0,82 ;0,86 ;7,74 ;3,79 ;4,60 ;15,68 ;2.785.197.689,35;21,57;0,88;0,74 ;-90,28 ;-90,21 ;-89,16 ;16;14,47;131.856
HGCR11;Papéis;92,25;2.324.303,48;1,05;1,14 ;3,39 ;6,80 ;13,51 ;1,13 ;1,13 ;1,13 ;10,30 ;-1,62 ;-0,50 ;16,46 ;1.489.382.118,38;96,60;0,95;1,09 ;-4,32 ;-3,28 ;9,98 ;14;13,07;100.486
HGFF11;Fundo de Fundos;62,38;732.294,18;0,68;0,00 ;2,09 ;5,06 ;12,40 ;0,70 ;0,84 ;1,03 ;9,29 ;0,00 ;0,00 ;;229.350.190,00;80,09;0,78;0,85 ;-7,77 ;-6,99 ;-2,02 ;14;17,47;14.957
HGIC11;Papéis;69,49;5.971,52;0,80;1,17 ;3,50 ;6,65 ;14,07 ;1,17 ;1,11 ;1,17 ;9,24 ;-0,04 ;1,13 ;-9,04 ;51.143.143,36;110,53;0,63;0,72 ;-3,65 ;-2,96 ;15,38 ;2;56,03;612
HGLG11;Imóveis Industriais e Logísticos;156,36;6.237.258,26;1,10;0,71 ;2,13 ;4,28 ;8,83 ;0,71 ;0,71 ;0,74 ;6,55 ;1,20 ;1,92 ;15,82 ;5.490.675.367,94;162,51;0,96;0,68 ;5,51 ;6,22 ;23,14 ;28;12,30;508.517
HGPO11;Lajes Corporativas;136,70;138.967,61;57,05;48,22 ;0,00 ;0,00 ;49,77 ;0,00 ;0,00 ;4,15 ;62,51 ;5,05 ;55,71 ;101,25 ;248.774.137,59;155,61;0,88;36,66 ;-48,02 ;-28,96 ;-15,36 ;2;11,58;10.119
HGRE11;Lajes Corporativas;114,78;1.353.176,22;0,85;0,75 ;3,71 ;6,03 ;11,10 ;1,24 ;1,01 ;0,93 ;8,64 ;2,67 ;3,44 ;31,19 ;1.841.099.241,72;155,79;0,74;1,64 ;-0,70 ;0,92 ;1,24 ;13;21,01;141.680
HGRS11;Imóveis Residenciais;;;29,32;0,00 ;0,00 ;0,00 ;0,00 ;0,00 ;0,00 ;0,00 ;0,00 ;0,00 ;0,00 ;;118.155.565,38;92,86;;0,00 ;0,00 ;0,00 ;0,00 ;14;;8.102
HGRU11;Misto;124,04;3.071.141,70;0,95;0,76 ;2,80 ;5,10 ;10,96 ;0,93 ;0,85 ;0,91 ;8,53 ;1,57 ;2,34 ;27,89 ;2.962.053.124,98;127,47;0,97;1,22 ;3,73 ;4,99 ;19,35 ;103;13,10;221.413
HILG11;Indefinido;184,96;186,67;1,44;0,00 ;0,00 ;2,19 ;5,83 ;0,00 ;0,37 ;0,49 ;3,51 ;0,00 ;0,00 ;;107.362.476,42;;;;;;;1;16,45;54
HLOG11;Imóveis Industriais e Logísticos;8,29;36.142,52;0,07;0,85 ;2,51 ;4,99 ;8,82 ;0,84 ;0,83 ;0,74 ;7,27 ;0,98 ;1,84 ;14,44 ;469.092.605,25;11,04;0,75;0,59 ;-90,52 ;-90,47 ;-89,43 ;3;12,66;3.787
HOFC11;Lajes Corporativas;28,85;478.890,17;0,21;0,65 ;0,00 ;0,00 ;0,00 ;0,00 ;0,00 ;0,00 ;2,01 ;75,72 ;76,86 ;67,59 ;215.218.081,63;;;;;;;3;47,99;5.097
HOSI11;Imóveis Residenciais;84,92;7.406,20;0,63;0,76 ;2,25 ;4,36 ;9,82 ;0,75 ;0,73 ;0,82 ;6,77 ;-0,95 ;-0,20 ;4,50 ;51.822.018,51;90,37;0,94;0,68 ;-1,84 ;-1,17 ;4,55 ;14;38,68;1.157
HPDP11;Shoppings;89,71;2.774,40;0,56;0,00 ;0,64 ;2,58 ;6,51 ;0,64 ;0,43 ;0,54 ;4,57 ;0,00 ;0,00 ;;304.243.218,04;92,53;0,97;0,61 ;3,66 ;4,29 ;4,06 ;1;35,16;358
HRDF11;Fundo de Desenvolvimento;3,00;218,14;6,80;0,00 ;0,00 ;0,00 ;0,00 ;0,00 ;0,00 ;0,00 ;0,00 ;0,00 ;0,00 ;;10.707.140,40;;;;;;;14;46,92;909
HREC11;Papéis;8,36;210.802,30;0,09;1,03 ;3,15 ;6,48 ;13,37 ;1,05 ;1,08 ;1,11 ;10,14 ;-1,20 ;-0,18 ;24,55 ;447.487.662,05;8,66;0,97;1,04 ;-90,26 ;-90,16 ;-89,16 ;14;19,67;2.582
HRES11;Imóveis Residenciais;147,64;2.953,00;1,65;0,00 ;0,00 ;4,01 ;6,65 ;0,00 ;0,67 ;0,83 ;5,58 ;0,00 ;0,00 ;;60.928.215,37;;;;;;;14;1,37;137
HSAF11;Papéis;78,14;266.457,87;0,95;1,21 ;3,66 ;7,36 ;15,44 ;1,22 ;1,23 ;1,29 ;12,00 ;1,03 ;2,25 ;29,89 ;221.483.810,84;87,67;0,89;1,08 ;-4,02 ;-2,98 ;5,84 ;14;22,84;8.914
HSLG11;Imóveis Industriais e Logísticos;78,99;714.714,30;0,67;0,85 ;2,48 ;4,86 ;10,69 ;0,83 ;0,81 ;0,89 ;7,78 ;-1,24 ;-0,40 ;14,10 ;1.396.695.029,94;110,32;0,72;0,59 ;5,13 ;5,75 ;7,22 ;6;17,45;41.240
HSML11;Shoppings;81,87;2.676.980,78;0,67;0,81 ;2,42 ;4,78 ;10,77 ;0,81 ;0,80 ;0,90 ;7,78 ;4,70 ;5,55 ;16,50 ;2.177.205.874,86;104,63;0,78;0,62 ;7,22 ;7,89 ;13,54 ;13;17,06;186.027
HSRE11;Misto;96,05;33.655,55;0,85;0,88 ;3,50 ;5,49 ;11,58 ;1,17 ;0,92 ;0,97 ;8,08 ;-3,63 ;-2,78 ;15,36 ;798.272.861,22;89,71;1,07;1,92 ;-6,59 ;-4,80 ;1,25 ;22;29,48;364
HTMX11;Hotéis;136,77;484.441,48;1,05;0,75 ;2,65 ;4,94 ;14,42 ;0,88 ;0,82 ;1,20 ;9,13 ;-3,52 ;-2,80 ;8,64 ;417.222.835,51;144,46;0,95;1,04 ;2,93 ;4,00 ;20,34 ;21;18,42;37.028
HUCG11;Hospitalar;107,00;1.301,08;0,70;0,00 ;0,00 ;0,00 ;0,00 ;0,00 ;0,00 ;0,00 ;0,00 ;0,00 ;0,00 ;;116.190.085,93;;;;;;;2;58,57;233
HUSC11;Hospitalar;93,72;4.954,21;0,86;0,93 ;1,86 ;4,65 ;10,49 ;0,62 ;0,78 ;0,87 ;7,75 ;0,00 ;0,00 ;;126.840.373,41;149,08;0,63;0,58 ;1,59 ;2,17 ;10,54 ;2;54,45;752
HUSI11;Hospitalar;1.241,00;1.241,00;8,42;0,00 ;0,67 ;2,10 ;6,39 ;0,67 ;0,35 ;0,53 ;0,71 ;0,00 ;0,00 ;;145.215.672,90;1.247,96;0,99;0,70 ;25,66 ;26,54 ;33,10 ;14;44,94;100
IAAG11;Indefinido;7,74;95.577,04;0,12;1,54 ;4,54 ;8,63 ;16,26 ;1,51 ;1,44 ;1,36 ;12,97 ;3,32 ;4,91 ;13,16 ;102.490.497,54;9,80;0,79;1,12 ;0,00 ;0,00 ;0,00 ;0;26,38;13.211
IAGR11;Indefinido;3,78;16.710,00;0,01;0,15 ;0,00 ;0,45 ;1,87 ;0,00 ;0,45 ;0,16 ;1,03 ;-3,18 ;-3,03 ;45,49 ;17.358.241,11;6,26;0,60;0,10 ;0,00 ;0,00 ;0,00 ;0;32,22;3.596
IBBP11;Indefinido;7,77;32.121,78;0,07;0,88 ;1,72 ;4,28 ;6,03 ;0,57 ;0,71 ;0,86 ;6,03 ;0,74 ;1,63 ;-3,86 ;395.944.287,55;;;;;;;24;59,18;492
IBCR11;Papéis;52,64;113.986,65;0,75;1,39 ;4,46 ;9,29 ;18,86 ;1,49 ;1,55 ;1,57 ;12,82 ;-6,41 ;-5,11 ;21,45 ;85.824.331,05;89,55;0,59;0,94 ;-4,65 ;-3,76 ;4,38 ;14;17,23;3.871
IBFF11;Fundo de Fundos;66,40;162.549,50;14,79;0,00 ;0,00 ;0,00 ;0,00 ;0,00 ;0,00 ;0,00 ;6,25 ;0,00 ;0,00 ;;118.155.565,38;14,78;4,49;100,08 ;-79,09 ;-58,15 ;-58,47 ;14;4,20;8.102
ICNE11;Imóveis Residenciais;653,96;;0,31;0,00 ;0,00 ;0,00 ;5,87 ;0,00 ;0,00 ;0,49 ;7,64 ;0,00 ;0,00 ;;86.623.717,32;;;;;;;14;6,70;5
ICRI11;Misto;90,78;689.760,57;0,95;1,04 ;3,39 ;6,98 ;15,90 ;1,13 ;1,16 ;1,33 ;11,37 ;-1,73 ;-0,71 ;20,24 ;384.164.266,80;;;;;;;14;19,05;8.636
IDFI11;Indefinido;2,00;2.592,80;1,56;78,04 ;0,00 ;0,00 ;177,38 ;0,00 ;0,00 ;14,78 ;1.043,04 ;-54,34 ;-18,70 ;44.259,43 ;3.283.391,87;1,60;1,25;269,79 ;-97,14 ;-89,43 ;-91,38 ;1;66,03;617
IDGR11;Misto;1,50;332,83;0,09;5,99 ;0,00 ;0,00 ;47,23 ;0,00 ;0,00 ;3,94 ;5,99 ;-50,98 ;-48,04 ;-48,04 ;79.368,95;;;;;;;1;119,84;171
IDUA11;Imóveis Comerciais - Outros;64,42;;1,27;0,00 ;0,00 ;0,00 ;8,61 ;0,00 ;0,00 ;0,72 ;12,00 ;0,00 ;0,00 ;;26.961.795,48;;;;;;;14;3,91;1
IFRA11;Indefinido;94,95;1.956.756,61;0,90;0,93 ;3,80 ;6,89 ;13,83 ;1,27 ;1,15 ;1,15 ;10,33 ;0,22 ;1,15 ;19,00 ;;;;;;;;0;18,96;0
IFRI11;Misto;98,05;1.524.935,65;1,75;1,79 ;1,79 ;5,58 ;13,38 ;0,60 ;0,93 ;1,12 ;9,95 ;5,45 ;7,34 ;25,40 ;;;;;;;;0;16,79;0
IMOV11;Indefinido;;;0,09;0,00 ;0,00 ;0,00 ;0,00 ;0,00 ;0,00 ;0,00 ;0,00 ;0,00 ;0,00 ;;492.707.282,91;;;;;;;14;;13.027
INFA11;Outros;9,82;;0,09;0,00 ;0,00 ;1,84 ;16,31 ;0,00 ;0,31 ;2,04 ;14,56 ;0,00 ;0,00 ;;;;;;;;;0;2,41;0
INFB11;Indefinido;99,47;90.957,11;1,00;0,99 ;0,00 ;2,12 ;5,29 ;0,00 ;0,53 ;1,32 ;2,12 ;14,99 ;16,13 ;11,90 ;;;;;;;;0;90,60;0
INLG11;Imóveis Industriais e Logísticos;72,00;119.957,52;0,76;1,04 ;3,15 ;6,41 ;13,37 ;1,05 ;1,07 ;1,11 ;9,96 ;0,62 ;1,67 ;22,25 ;452.001.000,67;;;;;;;5;18,43;17.350
INRD11;Fundo de Desenvolvimento;69,80;36.170,22;0,64;0,89 ;2,61 ;5,42 ;11,18 ;0,87 ;0,90 ;0,93 ;8,41 ;1,37 ;2,27 ;24,75 ;134.149.474,41;;;;;;;5;18,59;6.977
IRDM11;Papéis;61,87;3.397.722,13;0,78;1,26 ;3,76 ;7,42 ;15,47 ;1,25 ;1,24 ;1,29 ;10,32 ;-6,88 ;-5,71 ;21,70 ;2.958.773.255,69;81,21;0,76;1,03 ;-12,49 ;-11,58 ;-8,04 ;1;15,58;272.434
IRIF11;Papéis;8,59;54.415,50;0,11;1,27 ;1,27 ;5,22 ;6,43 ;0,42 ;0,87 ;1,07 ;6,43 ;2,24 ;3,54 ;10,55 ;;;;;;;;0;38,28;0
IRIM11;Indefinido;65,87;46.081,87;0,81;1,21 ;3,79 ;7,56 ;16,29 ;1,26 ;1,26 ;1,36 ;10,76 ;-1,38 ;-0,18 ;33,81 ;164.802.215,96;85,83;0,77;1,05 ;-11,81 ;-10,88 ;-7,49 ;14;19,45;2.590
ISCJ11;Papéis;25,49;11.304,75;55,41;69,26 ;69,26 ;104,79 ;108,02 ;23,09 ;17,47 ;9,00 ;111,02 ;0,00 ;0,00 ;;34.990.864,90;;;;;;;14;430,44;61
ITIP11;Papéis;63,21;79.873,30;0,78;1,22 ;3,68 ;7,29 ;13,71 ;1,23 ;1,22 ;1,14 ;10,63 ;-2,18 ;-0,99 ;13,68 ;51.206.622,27;68,44;0,92;1,17 ;-14,55 ;-13,55 ;-11,49 ;14;14,27;13.211
ITIT11;Fundo de Fundos;68,04;108.120,30;0,63;0,94 ;2,77 ;5,55 ;11,24 ;0,92 ;0,93 ;0,94 ;8,50 ;-2,03 ;-1,11 ;14,83 ;66.936.526,13;74,33;0,92;0,83 ;-5,86 ;-5,08 ;1,29 ;14;13,15;10.277
ITRI11;Shoppings;75,30;695.005,35;0,82;1,08 ;3,21 ;6,28 ;12,97 ;1,07 ;1,05 ;1,08 ;9,58 ;-3,09 ;-2,04 ;14,96 ;569.672.404,26;;;;;;;14;16,55;14.872
IVCI11;Papéis;96,86;;0,82;0,00 ;0,00 ;2,61 ;8,33 ;0,00 ;0,44 ;0,93 ;5,17 ;0,00 ;0,00 ;;48.994.224,26;;;;;;;0;3,36;16
JASC11;Imóveis Comerciais - Outros;100,00;50.920,00;0,67;0,00 ;0,00 ;1,90 ;5,51 ;0,00 ;0,32 ;0,46 ;3,16 ;0,00 ;0,00 ;;395.033.488,55;;;;;;;19;53,88;165
JBFO11;Papéis;15,03;82,00;0,04;0,00 ;0,00 ;0,50 ;111,75 ;0,00 ;0,50 ;9,31 ;0,77 ;0,00 ;0,00 ;;9.864.392,02;;;;;;;14;103,63;369
JCCJ11;Papéis;158,00;88.869,71;0,34;0,21 ;0,44 ;1,01 ;2,77 ;0,44 ;0,17 ;0,23 ;1,58 ;0,00 ;0,00 ;;315.105.368,86;;;;;;;14;20,44;122
JCIN11;Fundo de Fundos;150,00;28.594.600,00;0,62;0,00 ;0,00 ;0,74 ;3,14 ;0,00 ;0,74 ;0,26 ;1,52 ;0,00 ;0,00 ;;207.706.823,63;;;;;;;14;24,47;5
JFLL11;Imóveis Residenciais;67,43;39.859,09;0,80;1,18 ;2,34 ;4,82 ;9,65 ;0,78 ;0,80 ;0,80 ;7,27 ;-1,16 ;0,00 ;8,29 ;161.188.895,19;107,42;0,63;0,58 ;6,38 ;7,00 ;16,27 ;233;18,00;2.554
JGPX11;Indefinido;69,92;322.957,04;1,22;1,71 ;4,46 ;7,21 ;14,25 ;1,49 ;1,20 ;1,19 ;10,48 ;1,27 ;3,01 ;44,59 ;205.917.661,90;96,17;0,73;0,68 ;0,21 ;0,89 ;11,86 ;0;34,14;5.823
JMBI11;Outros;85,55;898.621,87;1,16;1,34 ;4,03 ;6,66 ;10,74 ;1,34 ;1,11 ;1,07 ;10,74 ;4,33 ;5,73 ;17,53 ;;;;;;;;0;40,42;0
JPPA11;Papéis;78,70;84.770,65;1,06;1,32 ;4,25 ;8,26 ;17,63 ;1,42 ;1,38 ;1,47 ;13,27 ;2,89 ;4,24 ;28,03 ;87.647.333,66;96,95;0,81;1,27 ;-1,39 ;-0,14 ;12,38 ;14;14,38;6.673
JSAF11;Fundo de Fundos;7,31;1.208.113,04;0,09;1,15 ;3,57 ;7,18 ;14,89 ;1,19 ;1,20 ;1,24 ;11,35 ;0,14 ;1,29 ;12,70 ;692.918.106,34;8,94;0,82;1,02 ;-90,48 ;-90,39 ;-89,62 ;14;23,88;22.045
JSCR11;Papéis;8,01;258.146,43;0,10;1,18 ;3,49 ;7,05 ;58,83 ;1,16 ;1,18 ;4,90 ;22,94 ;-2,18 ;-1,03 ;39,81 ;206.374.006,50;;;;;;;14;31,42;3.685
JSRE11;Misto;61,93;1.686.004,61;0,48;0,77 ;2,25 ;4,61 ;9,90 ;0,75 ;0,77 ;0,83 ;7,34 ;-1,93 ;-1,18 ;24,53 ;2.117.083.246,23;101,94;0,61;0,47 ;-9,76 ;-9,34 ;-5,37 ;6;19,17;87.365
JURO11;Indefinido;97,50;3.306.790,30;1,00;1,02 ;3,09 ;6,26 ;11,97 ;1,03 ;1,04 ;1,00 ;8,82 ;1,34 ;2,37 ;14,82 ;;;;;;;;0;15,61;0
KCRE11;Indefinido;8,38;366.138,43;0,09;1,05 ;3,57 ;7,69 ;14,61 ;1,19 ;1,28 ;1,22 ;11,66 ;-0,69 ;0,35 ;20,72 ;336.938.445,77;9,36;0,90;1,18 ;-90,44 ;-90,33 ;-90,22 ;14;16,57;15.731
KDIF11;Indefinido;120,98;2.992.748,39;1,25;1,05 ;1,85 ;5,20 ;11,54 ;0,62 ;0,87 ;0,96 ;8,57 ;-5,10 ;-4,10 ;12,67 ;;;;;;;;0;16,95;0
KDOL11;Misto;91,40;59.677,13;0,50;0,54 ;1,58 ;3,03 ;5,05 ;0,53 ;0,51 ;0,56 ;4,52 ;0,70 ;1,25 ;-1,33 ;68.164.642,66;101,59;0,90;0,50 ;0,00 ;0,00 ;0,00 ;0;22,97;1.920
KEVE11;Fundo de Desenvolvimento;851,00;39.858,71;34,53;0,00 ;0,00 ;1,54 ;30,99 ;0,00 ;0,26 ;2,58 ;8,59 ;0,00 ;0,00 ;;82.410.274,66;557,95;1,53;6,19 ;-40,15 ;-36,44 ;-38,89 ;14;210,17;445
KFEN11;Indefinido;1.100,00;1.571,43;8,11;0,00 ;0,00 ;2,33 ;4,40 ;0,00 ;0,39 ;0,63 ;4,40 ;0,00 ;0,00 ;;167.168.791,26;;;;;;;14;31,84;129
KFOF11;Fundo de Fundos;77,87;858.631,35;0,80;1,01 ;2,92 ;5,83 ;12,40 ;0,97 ;0,97 ;1,03 ;9,26 ;2,36 ;3,40 ;24,55 ;611.301.700,60;87,15;0,89;0,86 ;-4,09 ;-3,27 ;2,12 ;14;16,48;29.068
KINP11;Fundo de Desenvolvimento;10,00;38.394,20;2,90;0,00 ;0,00 ;0,00 ;0,00 ;0,00 ;0,00 ;0,00 ;19,95 ;0,00 ;0,00 ;;118.155.565,38;;;0,00 ;-100,00 ;0,00 ;0,00 ;14;12,74;8.102
KISU11;Fundo de Fundos;6,77;505.351,39;0,07;1,04 ;3,10 ;6,16 ;12,35 ;1,03 ;1,03 ;1,03 ;9,40 ;-1,18 ;-0,15 ;12,31 ;349.164.784,77;7,90;0,86;0,89 ;-9,40 ;-8,60 ;-6,49 ;14;18,44;105.882
KIVO11;Papéis;60,32;383.511,13;0,71;1,12 ;4,30 ;8,84 ;17,94 ;1,43 ;1,47 ;1,50 ;13,95 ;-5,38 ;-4,32 ;16,03 ;188.888.319,39;;;;;;;14;24,61;6.837
KNCA11;Indefinido;92,61;2.736.701,00;1,00;1,06 ;3,56 ;7,23 ;14,80 ;1,19 ;1,21 ;1,23 ;11,33 ;1,66 ;2,73 ;25,82 ;2.208.060.991,08;2.208.060.991,08;0,00;0,00 ;2.160.808.332,28 ;2.160.808.333,36 ;2.404.416.217,65 ;0;20,42;77.673
KNCR11;Papéis;105,35;10.315.973,91;1,35;1,28 ;3,75 ;7,17 ;13,58 ;1,25 ;1,20 ;1,13 ;10,48 ;1,79 ;3,10 ;23,91 ;7.795.021.865,06;101,88;1,03;1,18 ;1,12 ;2,31 ;15,81 ;14;9,81;424.325
KNHF11;Indefinido;90,15;3.077.938,39;1,00;1,09 ;3,29 ;6,58 ;13,48 ;1,10 ;1,10 ;1,12 ;10,13 ;1,53 ;2,64 ;31,03 ;1.945.854.445,19;;;;;;;3;17,70;45.664
KNHY11;Papéis;100,39;3.527.678,65;1,30;1,27 ;3,87 ;7,96 ;15,04 ;1,29 ;1,33 ;1,25 ;11,74 ;2,18 ;3,48 ;25,26 ;2.763.081.124,78;98,09;1,02;1,33 ;0,35 ;1,68 ;14,85 ;14;11,30;25.796
KNIP11;Papéis;86,43;7.309.114,04;0,70;0,81 ;2,63 ;6,50 ;12,83 ;0,88 ;1,08 ;1,07 ;10,00 ;-0,06 ;0,75 ;16,55 ;7.273.157.174,44;90,83;0,95;0,88 ;-3,23 ;-2,38 ;6,57 ;14;10,15;72.634
KNOX11;Indefinido;101,77;595.305,55;2,64;2,68 ;0,00 ;2,68 ;8,58 ;0,00 ;0,45 ;0,72 ;2,68 ;6,21 ;9,06 ;9,06 ;;;;;;;;0;24,56;0
KNPR11;Indefinido;;;3,30;0,00 ;0,00 ;0,00 ;0,00 ;0,00 ;0,00 ;0,00 ;0,00 ;0,00 ;0,00 ;;54.032.748,86;;;;;;;14;;593
KNRE11;Fundo de Desenvolvimento;0,30;1.950,09;0,00;1,68 ;1,68 ;338,66 ;338,66 ;0,56 ;56,44 ;28,22 ;338,66 ;575,00 ;586,34 ;1.099,67 ;12.436.970,99;0,76;0,39;9,22 ;0,00 ;9,22 ;0,46 ;14;375,02;5.941
KNRI11;Misto;145,09;4.684.226,17;1,00;0,71 ;2,12 ;4,27 ;8,99 ;0,71 ;0,71 ;0,75 ;6,62 ;-0,49 ;0,22 ;21,53 ;4.598.316.578,70;163,04;0,89;0,61 ;2,00 ;2,63 ;11,19 ;20;16,16;298.824
KNSC11;Papéis;8,64;4.454.020,87;0,09;1,02 ;3,19 ;6,89 ;13,59 ;1,06 ;1,15 ;1,13 ;10,46 ;0,80 ;1,83 ;25,61 ;1.765.877.919,27;8,73;0,99;1,03 ;-90,09 ;-89,99 ;-88,94 ;14;15,05;222.343
KNUQ11;Indefinido;104,14;3.649.090,00;1,40;1,33 ;4,16 ;8,04 ;15,23 ;1,39 ;1,34 ;1,27 ;11,88 ;1,90 ;3,25 ;28,14 ;1.551.739.920,17;;;;;;;14;11,07;35.822
KOPA11;Indefinido;836,01;357.943,26;40,00;4,58 ;8,51 ;14,10 ;26,33 ;2,84 ;2,35 ;2,19 ;26,33 ;1,82 ;6,49 ;77,69 ;334.706.613,33;334.706.613,33;0,00;0,00 ;0,00 ;0,00 ;0,00 ;0;27,77;3.495
KORE11;Lajes Corporativas;66,36;2.444.768,57;1,25;1,78 ;5,07 ;9,64 ;19,77 ;1,69 ;1,61 ;1,65 ;14,96 ;-2,03 ;-0,29 ;13,09 ;1.018.985.345,20;;;;;;;4;24,00;25.173
KRES11;Misto;;;0,00;0,00 ;0,00 ;0,00 ;0,00 ;0,00 ;0,00 ;0,00 ;0,00 ;0,00 ;0,00 ;;231.388.195,69;;;;;;;1;;131
LAFI11;Misto;116,87;313.148,50;4,94;4,30 ;0,00 ;4,30 ;12,22 ;0,00 ;4,30 ;12,22 ;12,22 ;-1,98 ;2,24 ;2,24 ;87.696.873,41;111,46;1,05;4,43 ;0,00 ;0,00 ;0,00 ;0;43,34;1.270
LASC11;Shoppings;91,50;352.248,74;0,75;0,81 ;7,82 ;13,77 ;17,71 ;2,61 ;2,30 ;1,48 ;10,27 ;-2,47 ;-1,68 ;5,76 ;397.054.042,58;135,04;0,68;2,80 ;26,25 ;29,79 ;30,34 ;2;73,91;421
LAVF11;Indefinido;;;1,30;0,00 ;0,00 ;0,00 ;0,00 ;0,00 ;0,00 ;0,00 ;0,00 ;0,00 ;0,00 ;;118.155.565,38;;;;;;;14;;8.102
LFTT11;Papéis;2,10;100.468,13;1,74;34,79 ;47,98 ;86,12 ;80.801.912,63 ;15,99 ;14,35 ;6.733.492,72 ;187,89 ;-4,57 ;28,63 ;911,09 ;37.830.518,33;56,89;0,04;3,06 ;42,08 ;46,44 ;-48,40 ;51;393,63;752
LGCP11;Imóveis Industriais e Logísticos;82,95;163.106,04;0,80;1,13 ;3,17 ;5,76 ;10,78 ;1,06 ;0,96 ;0,90 ;10,78 ;-7,22 ;-6,17 ;-7,05 ;457.171.677,92;101,32;0,82;0,79 ;-1,43 ;-0,65 ;7,48 ;5;9,47;19.183
LIFE11;Imóveis Comerciais - Outros;8,44;745.966,43;0,12;1,40 ;4,14 ;8,42 ;17,93 ;1,38 ;1,40 ;1,49 ;13,25 ;-2,72 ;-1,36 ;16,36 ;378.066.265,41;;;;;;;14;27,29;17.651
LLAO11;Misto;57,20;57,00;7,31;11,32 ;0,00 ;0,00 ;13,43 ;0,00 ;0,00 ;1,92 ;11,32 ;-2,11 ;8,97 ;8,97 ;18.792.084,65;;;;;;;12;25,56;78
LOFT11B;Fundo de Desenvolvimento;29,90;;47,90;0,00 ;0,00 ;0,00 ;0,00 ;0,00 ;0,00 ;0,00 ;142,96 ;0,00 ;0,00 ;;1.930.522,98;;;;;;;2;;8
LPLP11;Indefinido;560,00;1.120,00;1,21;0,00 ;0,00 ;1,16 ;5,40 ;0,00 ;0,19 ;0,45 ;11,25 ;0,00 ;0,00 ;;182.997.115,37;;;;;;;14;46,49;14
LRDI11;Indefinido;80,54;81,00;5,95;0,00 ;0,00 ;13,52 ;13,52 ;0,00 ;13,52 ;13,52 ;13,52 ;0,00 ;0,00 ;;29.760.543,53;;;;;;;14;148,07;100
LSAG11;Indefinido;74,99;62.333,22;1,10;1,45 ;4,55 ;8,95 ;19,04 ;1,52 ;1,49 ;1,59 ;15,76 ;2,40 ;3,88 ;35,63 ;99.344.489,35;99.344.489,35;0,00;0,00 ;0,00 ;0,00 ;0,00 ;0;21,19;2.809
LSOI11;Misto;85,00;;0,10;0,00 ;0,00 ;0,00 ;0,00 ;0,00 ;0,00 ;0,00 ;0,00 ;0,00 ;0,00 ;;13.422.334,90;;;;;;;2;;9
LSPA11;Papéis;24,01;453,61;20,85;86,84 ;0,00 ;0,00 ;156,10 ;0,00 ;0,00 ;13,01 ;299,45 ;0,00 ;86,84 ;153,73 ;8.473.824,04;;;;;;;14;81,69;727
LTMT11;Imóveis Residenciais;98,42;53.693,00;8,38;8,80 ;0,00 ;0,00 ;8,80 ;0,00 ;0,00 ;8,80 ;8,80 ;0,00 ;0,00 ;;11.782.747,58;;;;;;;1;20,94;110
LUGG11;Imóveis Residenciais;72,82;23.956,00;0,59;0,88 ;2,59 ;5,08 ;9,23 ;0,86 ;0,85 ;0,77 ;9,23 ;-3,20 ;-2,35 ;-10,08 ;132.968.746,75;117,60;0,62;0,51 ;-7,97 ;-7,50 ;-0,34 ;5;10,07;7.962
LVBI11;Imóveis Industriais e Logísticos;103,14;2.919.229,74;0,75;0,73 ;2,21 ;4,46 ;9,83 ;0,74 ;0,74 ;0,82 ;7,21 ;1,49 ;2,23 ;21,86 ;1.896.414.739,23;117,65;0,88;0,64 ;1,86 ;2,51 ;7,78 ;10;18,44;132.366
MALL11;Shoppings;99,90;1.230.798,43;0,86;0,85 ;2,54 ;5,27 ;10,16 ;0,85 ;0,88 ;0,85 ;6,13 ;1,45 ;2,31 ;17,74 ;1.694.865.745,73;121,22;0,82;0,70 ;1,09 ;1,80 ;18,43 ;11;12,50;129.577
MANA11;Indefinido;8,70;1.007.506,13;0,11;1,27 ;3,81 ;7,79 ;16,10 ;1,27 ;1,30 ;1,34 ;12,03 ;0,35 ;1,62 ;30,25 ;346.971.428,48;;;;;;;14;14,71;28.039
MATV11;Indefinido;86,63;13.027,43;0,60;0,73 ;0,00 ;0,00 ;0,00 ;0,00 ;0,00 ;0,00 ;3,11 ;-1,41 ;-0,69 ;-1,08 ;118.155.565,38;91,09;0,95;0,66 ;-1,89 ;-1,24 ;-0,18 ;1;0,37;8.102
MAXR11;Varejo;62,55;76.247,83;0,52;0,82 ;1,85 ;3,42 ;32,00 ;0,62 ;0,57 ;2,67 ;4,53 ;-2,88 ;-2,08 ;11,88 ;115.783.608,37;102,83;0,61;0,34 ;-16,45 ;-16,17 ;-9,97 ;7;18,06;4.308
MBRF11;Lajes Corporativas;;;0,50;0,00 ;0,00 ;0,00 ;0,00 ;0,00 ;0,00 ;0,00 ;0,00 ;0,00 ;0,00 ;;;1.136,01;;0,88 ;-0,17 ;0,71 ;10,03 ;0;;0
MCCI11;Papéis;88,90;2.510.826,22;1,00;1,18 ;3,32 ;6,72 ;13,42 ;1,11 ;1,12 ;1,12 ;9,13 ;-1,28 ;-0,12 ;31,89 ;1.579.333.452,06;93,12;0,95;0,97 ;0,67 ;1,64 ;6,36 ;14;16,19;108.383
MCEM11;Shoppings;65,13;71.833,89;0,67;1,02 ;2,51 ;3,26 ;8,54 ;0,84 ;0,82 ;2,14 ;3,26 ;0,94 ;1,97 ;29,21 ;102.868.164,54;;;;;;;14;670,06;183
MCHF11;Papéis;9,10;1.778.820,09;2,59;0,00 ;0,00 ;0,00 ;0,00 ;0,00 ;0,00 ;0,00 ;1,51 ;0,00 ;0,00 ;;118.155.565,38;10,38;0,88;0,67 ;9,15 ;9,88 ;12,93 ;1;7,84;8.102
MCHY11;Papéis;8,58;4.789.731,61;0,10;1,39 ;3,81 ;7,19 ;13,89 ;1,27 ;1,20 ;1,16 ;13,89 ;-12,22 ;-11,00 ;-21,94 ;1.060.212.799,64;9,50;0,90;1,05 ;-90,53 ;-90,43 ;-89,35 ;1;26,95;93.666
MCLO11;Imóveis Industriais e Logísticos;10,49;235.648,05;0,08;0,75 ;1,73 ;2,69 ;2,69 ;0,58 ;0,54 ;0,54 ;2,69 ;0,00 ;0,00 ;;1.716.721.037,68;;;;;;;5;28,70;202
MCRE11;Papéis;8,66;2.334.514,22;0,11;1,30 ;3,93 ;7,92 ;16,40 ;1,31 ;1,32 ;1,37 ;10,89 ;0,24 ;1,54 ;48,04 ;1.140.595.244,81;;;;;;;1;21,45;82.519
MFAI11;Fundo de Fundos;69,98;11.326,82;34,18;48,84 ;0,00 ;0,00 ;48,84 ;0,00 ;0,00 ;4,07 ;56,24 ;2,66 ;52,79 ;89,75 ;27.463.042,22;;;0,00 ;-100,00 ;0,00 ;0,00 ;14;14,60;2.301
MFII11;Fundo de Desenvolvimento;79,69;715.539,00;1,06;1,32 ;4,03 ;8,13 ;16,59 ;1,34 ;1,36 ;1,38 ;12,49 ;0,20 ;1,52 ;8,44 ;620.082.880,13;104,00;0,77;1,07 ;-1,64 ;-0,59 ;9,91 ;1;21,71;32.931
MGCR11;Papéis;9,40;259.145,59;0,33;0,00 ;0,00 ;0,00 ;0,00 ;0,00 ;0,00 ;0,00 ;8,00 ;0,00 ;0,00 ;;118.155.565,38;9,78;0,96;1,02 ;-89,08 ;-88,97 ;-88,55 ;14;14,56;8.102
MGFF11;Fundo de Fundos;69,99;2.558.695,75;4,26;0,00 ;0,00 ;0,00 ;0,00 ;0,00 ;0,00 ;0,00 ;0,00 ;0,00 ;0,00 ;;118.155.565,38;73,54;0,95;0,71 ;2,57 ;3,29 ;-0,09 ;14;8,07;8.102
MGHT11;Hotéis;16,45;40.965,17;0,13;0,42 ;0,00 ;0,00 ;0,00 ;0,00 ;0,00 ;0,00 ;7,24 ;-14,42 ;-14,07 ;-21,90 ;35.669.791,01;50,81;0,32;0,26 ;-40,63 ;-40,48 ;-43,69 ;1;53,40;4.308
MGLG11;Imóveis Industriais e Logísticos;40,99;55.314,19;0,35;0,86 ;2,58 ;4,56 ;11,69 ;0,86 ;0,76 ;0,97 ;0,86 ;-3,60 ;-2,77 ;-2,77 ;116.088.485,68;61,55;0,67;0,57 ;57,54 ;58,43 ;-18,62 ;2;27,79;3.712
MGRI11;Indefinido;58,18;;1,42;0,00 ;0,00 ;8,02 ;19,66 ;0,00 ;1,34 ;1,64 ;12,42 ;0,00 ;0,00 ;;17.534.440,83;;;;;;;1;4,21;1
MINT11;Educacional;96,50;2.171,20;14,67;15,20 ;0,00 ;0,00 ;15,20 ;0,00 ;0,00 ;7,60 ;19,77 ;-5,85 ;8,46 ;14,95 ;50.527.673,91;;;;;;;3;19,28;94
MMPD11;Indefinido;;;1,52;0,00 ;0,00 ;0,00 ;0,00 ;0,00 ;0,00 ;0,00 ;0,00 ;0,00 ;0,00 ;;59.280.639,68;;;;;;;14;;102
MORC11;Papéis;89,87;1.741.368,33;3,08;0,00 ;0,00 ;0,00 ;0,00 ;0,00 ;0,00 ;0,00 ;1,03 ;0,00 ;0,00 ;;118.155.565,38;97,73;0,92;0,34 ;0,11 ;0,45 ;5,63 ;14;3,25;8.102
MORE11;Fundo de Fundos;76,21;1.327.577,67;6,02;0,00 ;0,00 ;0,00 ;0,00 ;0,00 ;0,00 ;0,00 ;0,00 ;0,00 ;0,00 ;;118.155.565,38;86,87;0,88;0,81 ;4,88 ;5,72 ;2,91 ;14;2,67;8.102
MXRF11;Papéis;9,55;9.334.282,57;0,10;1,04 ;3,16 ;6,39 ;12,87 ;1,05 ;1,07 ;1,07 ;9,66 ;1,26 ;2,32 ;24,01 ;4.121.346.798,72;9,42;1,01;1,06 ;-6,82 ;-5,84 ;-0,34 ;3;12,07;1.321.795
NAVT11;Papéis;69,20;36.106,74;0,75;1,07 ;3,45 ;6,72 ;14,26 ;1,15 ;1,12 ;1,19 ;9,21 ;-1,61 ;-0,56 ;33,03 ;52.319.075,46;85,45;0,81;1,15 ;-4,61 ;-3,51 ;-2,41 ;14;33,80;2.614
NCHB11;Papéis;7,97;63.111,70;0,11;1,34 ;4,06 ;7,73 ;15,13 ;1,35 ;1,29 ;1,26 ;4,06 ;11,10 ;12,58 ;10,18 ;148.979.591,77;9,75;0,82;1,02 ;-89,12 ;-89,01 ;-88,60 ;14;17,09;11.451
NCRI11;Papéis;8,36;2.390,70;0,10;1,20 ;3,75 ;7,77 ;15,67 ;1,25 ;1,30 ;1,31 ;10,52 ;-6,61 ;-5,49 ;26,66 ;39.219.841,94;;;;;;;1;40,54;1.201
NELO11;Logística;;;113,97;0,00 ;0,00 ;0,00 ;0,00 ;0,00 ;0,00 ;0,00 ;0,00 ;0,00 ;0,00 ;;510.271.097,72;1.163,14;;1,42 ;0,00 ;0,00 ;0,00 ;57;;2
NEWL11;Imóveis Industriais e Logísticos;103,26;260.529,48;0,95;0,91 ;2,74 ;5,71 ;11,82 ;0,91 ;0,95 ;0,99 ;8,90 ;1,69 ;2,62 ;17,93 ;360.386.802,54;127,91;0,81;0,74 ;6,51 ;7,30 ;22,46 ;3;14,93;9.961
NEWU11;Lajes Corporativas;95,97;1.270.492,85;0,20;0,21 ;0,55 ;0,81 ;1,41 ;0,55 ;0,81 ;0,12 ;1,14 ;19,29 ;19,54 ;24,11 ;62.162.244,88;83,78;1,15;0,08 ;20,36 ;20,46 ;29,09 ;3;52,99;1.116
NEXG11;Agricultura;129,99;150.780,10;0,98;0,75 ;2,29 ;4,57 ;8,73 ;0,76 ;0,76 ;0,73 ;5,98 ;2,69 ;3,46 ;19,56 ;69.989.312,49;100,20;1,30;0,98 ;0,00 ;0,00 ;0,00 ;0;27,39;625
NSLU11;Hospitalar;189,54;191.443,09;1,61;0,91 ;2,86 ;5,92 ;12,44 ;0,95 ;0,99 ;1,04 ;9,32 ;5,20 ;6,16 ;33,81 ;271.895.684,99;210,24;0,90;0,75 ;5,69 ;6,49 ;12,99 ;1;21,96;5.427
NUIF11;Indefinido;96,22;92.960,04;1,20;1,34 ;1,34 ;5,22 ;12,72 ;0,45 ;0,87 ;1,06 ;7,74 ;5,15 ;6,56 ;14,64 ;;;;;;;;0;29,96;0
NVHO11;Hospitalar;11,69;14.706,38;0,09;0,70 ;2,10 ;4,34 ;8,92 ;0,70 ;0,72 ;0,74 ;6,63 ;1,39 ;2,10 ;10,02 ;689.431.304,79;16,61;0,70;0,52 ;19,07 ;19,69 ;40,05 ;4;68,26;1.825
NVIF11B;Fundo de Desenvolvimento;227,50;;1,11;0,00 ;0,00 ;0,00 ;0,00 ;0,00 ;0,00 ;0,00 ;0,00 ;0,00 ;0,00 ;;88.829.544,94;263,28;0,86;0,42 ;-15,74 ;-15,38 ;5,40 ;2;;7
NVRP11;Indefinido;150,00;5.250,00;64,73;107,40 ;0,00 ;0,00 ;107,40 ;0,00 ;0,00 ;107,40 ;107,40 ;0,00 ;0,00 ;;;;;;;;;0;395,32;0
OBAL11;Imóveis Residenciais;1.095,00;1.095,00;81,96;0,00 ;0,00 ;7,34 ;7,34 ;0,00 ;3,67 ;3,67 ;7,34 ;0,00 ;0,00 ;;169.990.949,91;;;;;;;4;17,49;108
OCRE11;Papéis;94,50;19.105,47;0,66;0,67 ;2,37 ;4,69 ;9,34 ;0,79 ;0,78 ;0,78 ;6,84 ;17,56 ;18,35 ;18,52 ;36.780.525,58;;;;;;;1;74,57;478
OGHY11;Indefinido;8,72;22.847,10;9,40;0,00 ;0,00 ;0,00 ;0,00 ;0,00 ;0,00 ;0,00 ;0,99 ;0,00 ;0,00 ;;118.155.565,38;;;;;;;14;57,14;8.102
OGIN11;Misto;7,96;59.061,57;0,08;0,99 ;1,99 ;2,52 ;8,76 ;0,66 ;0,42 ;0,73 ;4,60 ;0,50 ;1,49 ;-10,43 ;;;;;;;;0;22,16;0
OIAG11;Indefinido;8,14;152.465,39;0,11;1,43 ;4,32 ;8,74 ;17,65 ;1,44 ;1,46 ;1,47 ;11,78 ;0,66 ;2,09 ;31,60 ;88.338.857,95;9,78;0,83;1,12 ;0,00 ;0,00 ;0,00 ;0;16,64;12.952
ONDV11;Exploração de Imóveis;10,19;10.225,50;0,13;1,27 ;1,27 ;1,27 ;1,27 ;0,42 ;0,21 ;0,21 ;1,27 ;0,00 ;0,00 ;;12.141.555,77;;;;;;;14;61,72;220
ONEF11;Lajes Corporativas;200,03;114.431,47;2,85;0,00 ;0,00 ;0,00 ;0,00 ;0,00 ;0,00 ;0,00 ;0,00 ;0,00 ;0,00 ;;118.155.565,38;182,79;1,09;17,78 ;-9,26 ;6,88 ;30,26 ;14;9,40;8.102
OPTM11;Misto;;;0,14;0,00 ;0,00 ;0,00 ;0,00 ;0,00 ;0,00 ;0,00 ;0,00 ;0,00 ;0,00 ;;4.350.284,63;;;;;;;1;;15
ORPD11;Fundo de Desenvolvimento;93,00;402,75;1,38;0,00 ;0,00 ;0,00 ;0,00 ;0,00 ;0,00 ;0,00 ;0,00 ;0,00 ;0,00 ;;41.038.624,14;124,68;0,75;1,11 ;0,95 ;2,06 ;2,06 ;14;24,80;6
OUFF11;Fundo de Fundos;61,10;264.340,11;0,76;1,25 ;0,00 ;0,00 ;0,00 ;0,00 ;0,00 ;0,00 ;7,10 ;-1,44 ;-0,20 ;-4,01 ;118.155.565,38;78,55;0,78;0,96 ;3,49 ;4,49 ;11,00 ;1;0,13;8.102
OUJP11;Papéis;77,77;415.948,96;1,00;1,28 ;4,24 ;8,40 ;17,03 ;1,41 ;1,40 ;1,42 ;13,16 ;1,07 ;2,37 ;29,26 ;325.127.666,41;99,97;0,78;1,34 ;0,08 ;1,42 ;16,56 ;14;16,76;25.265
OULG11;Imóveis Industriais e Logísticos;37,81;202.275,04;0,02;0,05 ;0,69 ;0,69 ;3,02 ;0,69 ;0,69 ;0,25 ;3,02 ;0,26 ;0,31 ;24,24 ;153.008.792,32;61,67;0,61;0,40 ;-7,83 ;-7,47 ;-14,33 ;2;23,74;3.455
OURE11;Misto;78,20;224.923,68;1,09;1,39 ;0,00 ;0,00 ;0,00 ;0,00 ;0,00 ;0,00 ;8,68 ;3,84 ;5,28 ;19,42 ;118.155.565,38;100,43;0,78;1,08 ;10,33 ;11,52 ;23,93 ;1;6,17;8.102
PABY11;Fundo de Desenvolvimento;10,90;130,17;0,13;;;;;;;;;;;;-23.263.588,07;251,42;0,04;0,00 ;1,74 ;1,74 ;5,49 ;15;45,98;502
PATA11;Misto;10,00;4.134,67;0,10;1,00 ;2,93 ;5,90 ;12,33 ;0,98 ;0,98 ;1,03 ;9,66 ;2,04 ;3,06 ;9,98 ;17.045.133,18;;;;;;;14;88,51;255
PATB11;Lajes Corporativas;;;6,81;0,00 ;0,00 ;0,00 ;0,00 ;0,00 ;0,00 ;0,00 ;0,00 ;0,00 ;0,00 ;;845.569.509,67;;;;;;;3;;1
PATC11;Fundo de Desenvolvimento;39,26;33.900,70;0,05;0,13 ;0,44 ;1,69 ;4,33 ;0,44 ;0,28 ;0,36 ;2,98 ;2,12 ;2,25 ;17,86 ;143.288.944,84;41,21;0,95;0,17 ;-46,05 ;-45,96 ;-48,40 ;4;12,44;5.283
PATL11;Imóveis Industriais e Logísticos;59,04;403.052,78;0,57;0,96 ;3,33 ;6,99 ;14,69 ;1,11 ;1,17 ;1,22 ;11,03 ;5,64 ;6,65 ;57,85 ;482.036.737,91;96,57;0,61;0,72 ;-1,58 ;-0,87 ;6,57 ;4;24,57;25.727
PCAS11;Indefinido;;;428,57;0,00 ;0,00 ;0,00 ;0,00 ;0,00 ;0,00 ;0,00 ;0,00 ;0,00 ;0,00 ;;270.521.885,84;;;;;;;4;;100
PEMA11;Papéis;38,32;468,00;0,69;1,76 ;3,64 ;11,21 ;21,84 ;1,21 ;1,87 ;1,82 ;15,40 ;8,36 ;10,27 ;25,11 ;33.837.741,73;;;;;;;14;152,41;293
PFIN11;Indefinido;77,19;1.387.037,57;0,75;0,99 ;1,97 ;1,97 ;5,42 ;0,66 ;0,33 ;0,45 ;1,97 ;-1,14 ;-0,16 ;21,29 ;;;;;;;;0;18,26;0
PICE11;Indefinido;35,51;95.800,91;0,50;1,35 ;1,35 ;1,35 ;2,51 ;0,45 ;0,23 ;0,21 ;2,51 ;7,50 ;8,95 ;1,37 ;;;;;;;;0;42,28;0
PLAG11;Indefinido;48,79;125.022,70;0,48;0,97 ;2,98 ;5,98 ;12,67 ;0,99 ;1,00 ;1,06 ;9,46 ;1,64 ;2,63 ;32,62 ;321.814.836,94;;;;;;;12;9,62;15.854
PLCA11;Indefinido;69,90;51.325,43;1,00;1,41 ;4,26 ;7,44 ;16,51 ;1,42 ;1,24 ;1,38 ;12,33 ;0,98 ;2,41 ;28,02 ;53.288.715,70;95,67;0,73;1,05 ;0,00 ;0,00 ;0,00 ;0;17,38;2.548
PLCR11;Papéis;78,20;864.020,00;5,23;0,00 ;0,00 ;3,48 ;10,63 ;0,00 ;0,58 ;0,89 ;8,48 ;0,00 ;0,00 ;;192.110.857,40;91,08;0,86;0,99 ;0,43 ;1,42 ;11,65 ;1;20,98;14.035
PLOG11;Imóveis Industriais e Logísticos;66,71;70.165,04;0,70;0,99 ;3,05 ;6,10 ;12,13 ;1,02 ;1,02 ;1,01 ;4,09 ;2,01 ;3,02 ;0,55 ;79.648.071,76;100,39;0,66;0,75 ;-0,02 ;0,72 ;8,77 ;1;16,63;3.284
PLRI11;Papéis;11,91;2.123,57;0,11;0,88 ;0,88 ;1,42 ;34,97 ;0,88 ;0,24 ;2,91 ;34,57 ;-20,67 ;-19,97 ;32,02 ;14.031.870,24;18,24;0,65;0,46 ;-43,28 ;-43,02 ;-51,53 ;1;136,26;874
PMFO11;Misto;85,96;364.986,00;0,84;0,00 ;0,00 ;2,98 ;7,66 ;0,00 ;0,50 ;0,64 ;4,87 ;0,00 ;0,00 ;;84.255.475,00;;;;;;;14;36,71;193
PMIS11;Misto;7,59;256.814,83;0,09;1,19 ;3,75 ;7,31 ;14,92 ;1,25 ;1,22 ;1,24 ;11,17 ;-1,79 ;-0,62 ;13,96 ;137.155.186,75;;;;;;;14;25,63;7.060
PMLL11;Shoppings;99,72;1.478.526,61;0,86;0,86 ;2,60 ;5,16 ;10,37 ;0,87 ;0,86 ;0,86 ;7,88 ;3,90 ;4,79 ;18,35 ;1.709.009.022,47;;;;;;;11;12,63;128.531
PNCR11;Imóveis Residenciais;68,65;2,96;0,83;0,00 ;0,00 ;0,00 ;6,74 ;0,00 ;0,00 ;0,56 ;12,84 ;0,00 ;0,00 ;;24.723.629,86;;;;;;;14;34,37;113
PNDL11;Fundo de Desenvolvimento;1.040,00;1.573.520,00;3,00;0,00 ;0,00 ;0,00 ;0,00 ;0,00 ;0,00 ;0,00 ;0,00 ;0,00 ;0,00 ;;153.139.195,98;;;;;;;14;8,51;56
PNPR11;Fundo de Desenvolvimento;49,00;4.327.043,00;19,05;25,23 ;0,00 ;0,00 ;25,23 ;0,00 ;0,00 ;8,41 ;25,23 ;0,00 ;0,00 ;;32.864.819,24;;;;;;;1;72,97;17
PNRC11;Indefinido;59,34;60,00;0,58;0,00 ;1,11 ;1,80 ;27,05 ;0,37 ;0,30 ;2,25 ;2,81 ;0,00 ;0,00 ;;17.186.643,01;;;;;;;14;58,42;105
PORD11;Papéis;7,82;1.071.646,91;0,10;1,20 ;3,44 ;6,87 ;14,20 ;1,15 ;1,15 ;1,18 ;10,54 ;-4,24 ;-3,09 ;22,34 ;356.949.241,76;9,57;0,82;0,99 ;-90,24 ;-90,15 ;-89,09 ;1;17,63;44.853
PPEI11;Indefinido;89,50;257.244,82;4,25;5,00 ;5,00 ;5,00 ;10,34 ;1,67 ;0,83 ;1,48 ;5,00 ;13,57 ;19,25 ;19,25 ;;;;;;;;0;31,07;0
PQAG11;Imóveis Industriais e Logísticos;56,00;2.526,65;0,47;0,84 ;2,53 ;5,22 ;10,39 ;0,84 ;0,87 ;0,87 ;7,81 ;0,85 ;1,69 ;12,82 ;774.657.775,67;55,36;1,01;0,85 ;-3,32 ;-2,50 ;7,11 ;1;41,99;470
PQDP11;Shoppings;2.349,00;243.921,13;14,32;0,60 ;2,41 ;5,42 ;11,14 ;0,80 ;0,90 ;0,93 ;8,27 ;-2,80 ;-2,22 ;40,42 ;334.637.324,68;3.327,70;0,71;0,77 ;6,19 ;7,01 ;3,45 ;1;22,20;3.305
PRIF11;Indefinido;101,80;295.340,14;1,00;0,00 ;0,00 ;2,95 ;2,95 ;0,00 ;0,98 ;0,98 ;2,95 ;0,00 ;0,00 ;;;;;;;;;0;98,35;0
PRSV11;Lajes Corporativas;31,00;1.483,06;14,10;7,58 ;0,00 ;0,00 ;0,00 ;0,00 ;0,00 ;0,00 ;8,47 ;2,53 ;10,30 ;10,30 ;32.299.298,46;364,23;0,09;0,44 ;-0,03 ;0,41 ;-3,81 ;1;80,16;825
PRTS11;Shoppings;15.002,63;3.866.546.832,20;0,05;0,00 ;0,00 ;0,00 ;0,00 ;0,00 ;0,00 ;0,00 ;0,00 ;0,00 ;0,00 ;;118.155.565,38;;;;;;;14;19,85;8.102
PULV11;Papéis;8,71;56.454,87;0,10;1,09 ;3,53 ;7,07 ;14,29 ;1,18 ;1,18 ;1,19 ;11,06 ;11,54 ;12,75 ;9,73 ;118.185.536,29;;;;;;;14;51,03;955
PVBI11;Lajes Corporativas;74,57;3.492.625,22;0,45;0,60 ;1,95 ;3,89 ;8,35 ;0,65 ;0,65 ;0,70 ;6,12 ;1,39 ;2,00 ;14,49 ;2.925.180.420,68;107,82;0,69;0,46 ;4,28 ;4,77 ;13,70 ;7;21,20;160.159
QAGR11;;41,00;258.464,62;0,46;0,97 ;3,23 ;6,33 ;12,35 ;1,08 ;1,06 ;1,03 ;4,28 ;17,02 ;18,16 ;15,11 ;305.270.267,01;60,57;0,68;0,76 ;8,47 ;9,29 ;8,23 ;12;9,70;17.348
QAMI11;Papéis;84,68;67.019,00;1,00;1,17 ;0,00 ;0,00 ;0,00 ;0,00 ;0,00 ;0,00 ;11,32 ;6,69 ;7,94 ;14,22 ;118.155.565,38;92,80;0,91;1,08 ;1,42 ;2,51 ;14,58 ;14;112,81;8.102
QIRI11;Papéis;78,04;6.867,57;89,64;0,00 ;0,00 ;0,00 ;0,00 ;0,00 ;0,00 ;0,00 ;6,90 ;0,00 ;0,00 ;;118.155.565,38;89,61;0,87;100,03 ;-0,41 ;99,21 ;116,58 ;14;9,65;8.102
QNTS11;Indefinido;;;0,75;0,00 ;0,00 ;0,00 ;0,00 ;0,00 ;0,00 ;0,00 ;0,00 ;0,00 ;0,00 ;;234.088.310,66;;;;;;;2;;135
RBCO11;Lajes Corporativas;;;0,50;0,00 ;0,00 ;0,00 ;0,00 ;0,00 ;0,00 ;0,00 ;0,00 ;0,00 ;0,00 ;;;90,22;;0,22 ;1,03 ;1,25 ;-7,08 ;0;;0
RBDS11;Fundo de Desenvolvimento;2,20;110,17;2,35;12,63 ;0,00 ;0,00 ;0,00 ;0,00 ;0,00 ;0,00 ;12,63 ;0,00 ;0,00 ;;2.083.732,47;22,98;0,10;0,00 ;0,00 ;0,00 ;0,00 ;14;107,94;825
RBFF11;Fundo de Fundos;47,70;477.512,13;0,51;1,07 ;3,08 ;6,14 ;12,73 ;1,03 ;1,02 ;1,06 ;9,61 ;-4,28 ;-3,26 ;12,84 ;223.660.531,11;59,66;0,80;0,85 ;-6,53 ;-5,73 ;0,87 ;14;24,81;26.581
RBGS11;Shoppings;28,45;;0,18;0,62 ;0,00 ;0,00 ;0,00 ;0,00 ;0,00 ;0,00 ;0,62 ;-1,90 ;-1,29 ;-1,29 ;118.155.565,38;90,78;0,31;0,18 ;0,00 ;0,18 ;1,17 ;14;;8.102
RBHG11;Papéis;64,80;234.010,00;0,80;1,20 ;3,64 ;7,22 ;14,73 ;1,21 ;1,20 ;1,23 ;11,12 ;-0,38 ;0,82 ;4,35 ;187.220.438,01;86,36;0,75;0,93 ;-6,21 ;-5,34 ;4,76 ;14;21,80;8.538
RBHY11;Papéis;76,68;325.018,78;1,05;1,36 ;4,08 ;8,12 ;16,64 ;1,36 ;1,35 ;1,39 ;12,56 ;2,70 ;4,09 ;18,18 ;172.233.475,06;90,96;0,84;1,15 ;-3,36 ;-2,24 ;10,99 ;14;17,66;3.230
RBIF11;Indefinido;72,08;117.225,00;0,95;1,30 ;3,96 ;7,85 ;14,72 ;1,32 ;1,31 ;1,23 ;12,25 ;2,00 ;3,32 ;21,44 ;;;;;;;;0;22,94;0
RBIR11;Fundo de Desenvolvimento;92,42;41.503,04;2,32;2,52 ;6,23 ;7,50 ;16,10 ;2,08 ;1,25 ;1,34 ;12,39 ;4,28 ;6,91 ;40,27 ;152.595.975,59;;;;;;;14;24,36;1.481
RBLG11;Imóveis Industriais e Logísticos;44,86;45,00;0,61;0,00 ;2,27 ;5,55 ;12,46 ;0,76 ;0,93 ;1,04 ;6,80 ;0,00 ;0,00 ;;41.811.013,57;60,37;0,74;0,75 ;-39,92 ;-39,47 ;-37,26 ;1;93,06;246
RBOP11;Lajes Corporativas;210,00;28.251,65;3,50;0,97 ;0,00 ;0,00 ;2,71 ;0,00 ;0,00 ;0,23 ;16,71 ;-0,40 ;0,57 ;101,33 ;69.575.719,75;;;;;;;2;49,17;3.016
RBRD11;Varejo;40,37;45.553,96;0,50;1,24 ;3,94 ;7,87 ;16,12 ;1,31 ;1,31 ;1,34 ;12,60 ;0,95 ;2,20 ;44,91 ;120.161.952,24;64,89;0,62;0,89 ;-1,96 ;-1,09 ;-3,08 ;4;23,83;7.540
RBRF11;Fundo de Fundos;6,63;2.047.229,83;0,06;0,92 ;2,66 ;5,47 ;13,29 ;0,89 ;0,91 ;1,11 ;8,32 ;-7,68 ;-6,83 ;25,00 ;1.179.291.629,99;8,62;0,77;0,71 ;-89,47 ;-89,39 ;-89,33 ;1;17,43;117.488
RBRI11;Fundo de Desenvolvimento;650,00;3.623,73;173,60;25,67 ;30,79 ;62,26 ;72,36 ;10,26 ;10,38 ;6,03 ;62,26 ;0,00 ;0,00 ;;108.921.365,98;;;;;;;1;353,60;128
RBRL11;Imóveis Industriais e Logísticos;82,39;431.752,70;0,75;0,90 ;2,77 ;6,07 ;13,03 ;0,92 ;1,01 ;1,09 ;8,50 ;1,72 ;2,64 ;46,24 ;701.051.598,19;104,84;0,79;0,72 ;-2,26 ;-1,56 ;6,45 ;6;20,08;13.148
RBRM11;Fundo de Desenvolvimento;94.794,81;;5.302,02;0,00 ;0,00 ;0,00 ;0,00 ;0,00 ;0,00 ;0,00 ;0,00 ;0,00 ;0,00 ;;2.860.101,93;;;;;;;14;;54
RBRP11;Lajes Corporativas;49,93;791.306,83;0,40;0,82 ;2,45 ;5,24 ;11,87 ;0,82 ;0,87 ;0,99 ;7,45 ;-0,79 ;0,02 ;13,07 ;932.083.878,78;76,53;0,65;0,52 ;-6,33 ;-5,84 ;-2,12 ;6;21,09;62.741
RBRR11;Papéis;87,20;2.159.014,70;0,95;1,09 ;3,29 ;6,95 ;13,59 ;1,10 ;1,16 ;1,13 ;9,33 ;-1,27 ;-0,20 ;31,30 ;1.377.268.379,72;91,47;0,95;1,09 ;-2,76 ;-1,70 ;1,18 ;14;15,02;126.284
RBRS11;Fundo de Desenvolvimento;54,39;24.880,18;0,07;0,14 ;2,62 ;3,19 ;3,62 ;0,87 ;0,53 ;0,30 ;3,62 ;8,98 ;9,13 ;6,34 ;166.455.464,31;95,98;0,57;1,04 ;2,01 ;3,07 ;9,24 ;4;48,71;990
RBRX11;Indefinido;7,85;546.812,00;0,09;1,16 ;3,48 ;6,72 ;13,35 ;1,16 ;1,12 ;1,11 ;9,02 ;-3,25 ;-2,13 ;26,58 ;284.418.181,40;;;;;;;14;17,82;10.975
RBRY11;Papéis;95,80;1.793.904,57;1,18;1,28 ;3,78 ;7,45 ;14,60 ;1,26 ;1,24 ;1,22 ;10,02 ;0,02 ;1,30 ;40,23 ;1.248.153.848,44;97,74;0,98;1,18 ;-2,15 ;-1,00 ;4,11 ;14;15,06;60.359
RBTS11;Fundo de Desenvolvimento;333,60;6.953,00;6,19;0,00 ;0,00 ;12,69 ;70,15 ;0,00 ;2,12 ;5,85 ;26,82 ;0,00 ;0,00 ;;21.446.476,27;380,02;0,88;1,63 ;-65,26 ;-64,69 ;-58,05 ;14;359,48;138
RBVA11;Varejo;9,01;1.397.724,48;0,09;1,03 ;3,19 ;6,46 ;13,26 ;1,06 ;1,08 ;1,11 ;10,00 ;4,43 ;5,50 ;11,74 ;1.656.031.805,15;10,61;0,85;0,85 ;-90,30 ;-90,22 ;-88,35 ;82;16,12;75.009
RBVO11;Papéis;5,32;1.143,43;5,66;106,30 ;0,00 ;0,00 ;106,30 ;0,00 ;0,00 ;8,86 ;168,13 ;-80,93 ;-60,65 ;146,57 ;2.882.596,37;;;0,00 ;-100,00 ;0,00 ;0,00 ;14;62,04;6.943
RCFF11;Fundo de Fundos;98,00;588,00;3,55;3,76 ;3,76 ;3,76 ;38,52 ;1,25 ;0,63 ;3,85 ;9,17 ;-3,73 ;-0,12 ;59,38 ;31.856.035,96;98,56;0,99;3,60 ;7,75 ;11,63 ;12,01 ;14;144,10;127
RCRB11;Lajes Corporativas;125,34;1.387.495,17;0,92;0,70 ;1,76 ;3,56 ;8,47 ;0,59 ;0,59 ;0,71 ;5,76 ;3,36 ;4,09 ;25,94 ;725.291.155,97;196,52;0,64;0,23 ;-5,22 ;-5,00 ;4,28 ;9;29,92;26.502
RDCI11;Indefinido;;;1,44;0,00 ;0,00 ;0,00 ;0,00 ;0,00 ;0,00 ;0,00 ;0,00 ;0,00 ;0,00 ;;236.780.267,53;;;;;;;14;;129
RECD11;Papéis;7,85;919,05;0,09;1,03 ;24,78 ;29,28 ;36,65 ;8,26 ;4,88 ;3,67 ;34,45 ;0,96 ;2,00 ;45,02 ;44.164.734,30;;;;;;;0;237,30;312
RECM11;Papéis;8,83;3.962,10;0,12;1,36 ;4,27 ;8,41 ;11,83 ;1,42 ;1,40 ;1,48 ;10,88 ;7,19 ;8,64 ;15,89 ;81.115.221,15;;;;;;;0;75,05;703
RECR11;Papéis;82,38;2.633.451,65;0,95;1,16 ;3,65 ;8,19 ;16,41 ;1,22 ;1,37 ;1,37 ;11,28 ;-1,90 ;-0,76 ;43,54 ;2.332.147.891,22;88,20;0,93;1,15 ;-7,48 ;-6,42 ;6,51 ;1;17,46;171.681
RECT11;Lajes Corporativas;31,96;249.388,26;0,37;1,23 ;3,53 ;7,03 ;15,09 ;1,18 ;1,17 ;1,26 ;9,84 ;-5,40 ;-4,23 ;31,29 ;777.125.971,60;90,96;0,35;0,41 ;-2,90 ;-2,51 ;-0,42 ;9;24,13;52.769
REIT11;Papéis;82,10;82,00;2,91;0,00 ;0,00 ;0,00 ;5,29 ;0,00 ;0,00 ;0,44 ;2,76 ;0,00 ;0,00 ;;8.209.196,54;;;;;;;1;85,24;62
RELG11;Imóveis Industriais e Logísticos;67,20;104.098,61;0,80;1,19 ;3,20 ;6,51 ;11,27 ;1,07 ;1,09 ;0,94 ;9,20 ;-6,64 ;-5,53 ;44,50 ;112.188.906,95;84,06;0,80;0,89 ;-31,15 ;-30,54 ;-24,66 ;5;42,03;4.192
RENV11;Serviços Financeiros Diversos;6,00;4.256,26;0,04;0,72 ;0,72 ;1,06 ;4,45 ;0,72 ;0,21 ;0,89 ;1,06 ;-9,98 ;-9,34 ;-41,15 ;9.678.738,83;;;;;;;14;143,60;512
RFOF11;Fundo de Fundos;63,13;216.585,09;0,65;1,04 ;3,12 ;6,46 ;13,65 ;1,04 ;1,08 ;1,14 ;10,14 ;-0,46 ;0,57 ;23,52 ;74.410.688,29;69,02;0,91;0,94 ;-13,66 ;-12,85 ;-11,79 ;14;24,56;4.019
RIFF11;Indefinido;7,43;205.595,04;0,01;0,08 ;0,08 ;3,96 ;10,80 ;0,08 ;0,66 ;0,90 ;8,05 ;-1,45 ;-1,37 ;22,73 ;;;;;;;;0;39,36;0
RINV11;Indefinido;102,10;166.556,48;1,05;1,03 ;3,08 ;6,35 ;13,40 ;1,03 ;1,06 ;1,12 ;8,75 ;-1,25 ;-0,24 ;23,63 ;334.543.680,68;;;;;;;14;11,65;3.856
RMAI11;Lajes Corporativas;70,00;50.915,35;0,54;0,74 ;1,44 ;3,67 ;7,59 ;0,48 ;0,61 ;0,63 ;6,25 ;0,00 ;0,00 ;;260.450.069,24;106,58;0,66;0,54 ;-1,19 ;-0,65 ;1,56 ;2;41,49;1.076
RNDP11;Papéis;40,50;14.794,00;40,38;99,67 ;0,00 ;99,67 ;151,61 ;0,00 ;16,61 ;12,63 ;145,40 ;-5,64 ;88,42 ;309,72 ;4.329.855,96;;;0,00 ;-100,00 ;0,00 ;0,00 ;14;107,63;1.292
RNGO11;Lajes Corporativas;50,15;75.548,78;0,29;0,57 ;1,97 ;4,60 ;10,10 ;0,66 ;0,77 ;0,84 ;7,41 ;1,75 ;2,33 ;35,01 ;224.248.221,95;83,80;0,60;0,48 ;-3,28 ;-2,82 ;1,69 ;4;15,65;7.666
ROOF11;Fundo de Desenvolvimento;354,14;386,00;32,26;0,00 ;0,00 ;15,90 ;19,61 ;0,00 ;2,65 ;1,63 ;15,90 ;0,00 ;0,00 ;;31.673.296,86;;;;;;;39;49,38;81
RPRI11;Papéis;82,29;462.314,13;0,95;1,15 ;3,65 ;7,80 ;15,44 ;1,22 ;1,30 ;1,29 ;11,81 ;-3,98 ;-2,88 ;19,68 ;343.010.567,91;;;;;;;14;15,65;4.178
RRCI11;Papéis;80,16;336.979,78;0,85;1,11 ;3,45 ;7,10 ;15,06 ;1,15 ;1,18 ;1,26 ;11,08 ;4,62 ;5,78 ;38,85 ;43.199.467,25;89,67;0,89;0,95 ;-4,69 ;-3,78 ;7,20 ;14;18,78;1.750
RSPD11;Fundo de Desenvolvimento;1.009,99;1.009,00;67,11;0,00 ;4,69 ;6,71 ;12,11 ;1,56 ;1,12 ;1,01 ;10,21 ;0,00 ;0,00 ;;156.512.009,75;1.130,10;0,89;0,98 ;-1,08 ;-0,11 ;-0,11 ;14;93,42;139
RURA11;Indefinido;8,09;2.117.472,83;0,11;1,27 ;3,86 ;7,52 ;13,56 ;1,29 ;1,25 ;1,13 ;10,65 ;1,72 ;3,01 ;30,51 ;1.644.550.430,41;1.644.550.430,41;0,00;0,00 ;0,00 ;0,00 ;0,00 ;0;23,54;86.588
RVBI11;Fundo de Fundos;63,97;749.789,13;0,70;1,12 ;3,31 ;6,79 ;14,28 ;1,10 ;1,13 ;1,19 ;9,41 ;-2,58 ;-1,49 ;23,57 ;764.133.213,28;74,36;0,86;0,94 ;-11,50 ;-10,66 ;-5,09 ;14;18,53;55.023
RZAG11;Indefinido;8,92;1.174.595,91;0,13;1,39 ;4,25 ;8,70 ;18,11 ;1,42 ;1,45 ;1,51 ;13,49 ;2,39 ;3,81 ;47,16 ;657.099.529,54;9,66;0,92;1,29 ;1,07 ;2,38 ;15,14 ;0;13,23;82.340
RZAK11;Papéis;81,05;1.253.508,78;1,15;1,42 ;4,30 ;8,82 ;19,15 ;1,43 ;1,47 ;1,60 ;12,99 ;-0,66 ;0,75 ;41,07 ;749.312.857,14;85,07;0,95;1,35 ;-9,22 ;-7,99 ;1,92 ;14;11,64;45.125
RZAT11;Imóveis Industriais e Logísticos;89,80;808.517,48;1,05;1,18 ;3,64 ;7,58 ;15,06 ;1,21 ;1,26 ;1,26 ;10,21 ;-1,54 ;-0,38 ;32,82 ;428.672.267,30;;;;;;;13;18,10;35.315
RZEO11;Indefinido;193,00;189,00;6,35;0,00 ;0,00 ;0,00 ;22,02 ;0,00 ;0,00 ;5,51 ;19,47 ;0,00 ;0,00 ;;609.420.676,65;192,78;1,00;3,29 ;0,00 ;0,00 ;0,00 ;0;120,23;155
RZLC11;Papéis;1.014,40;878.006,50;12,51;1,23 ;3,79 ;7,25 ;13,86 ;1,26 ;1,21 ;1,26 ;10,66 ;1,25 ;2,49 ;23,37 ;49.494.753,99;;;;;;;0;27,97;111
RZTR11;Misto;92,12;2.400.272,70;1,00;1,09 ;3,33 ;6,94 ;14,74 ;1,11 ;1,16 ;1,23 ;11,02 ;1,80 ;2,91 ;27,81 ;1.812.204.655,45;96,13;0,96;1,09 ;-1,33 ;-0,26 ;11,19 ;16;13,59;144.989
RZZR11;Imóveis Industriais e Logísticos;135,00;146.309,95;1,20;0,83 ;1,68 ;4,30 ;8,52 ;0,56 ;0,72 ;0,71 ;6,14 ;1,64 ;2,48 ;-4,03 ;924.962.211,79;;;;;;;10;75,73;457
SADI11;Papéis;8,66;202.958,96;0,11;1,30 ;3,98 ;7,53 ;14,50 ;1,33 ;1,26 ;1,21 ;11,21 ;3,54 ;4,88 ;26,64 ;149.095.041,42;9,63;0,90;1,18 ;-90,28 ;-90,16 ;-89,09 ;14;11,99;11.054
SALI11;Misto;;;0,96;0,00 ;0,00 ;0,00 ;0,00 ;0,00 ;0,00 ;0,00 ;0,00 ;0,00 ;0,00 ;;7.491.575,49;;;;;;;5;;2
SAPI11;Misto;8,62;132.775,35;0,11;1,31 ;4,07 ;8,02 ;15,81 ;1,36 ;1,34 ;1,32 ;12,29 ;0,93 ;2,25 ;33,97 ;152.773.880,03;;;;;;;14;20,87;3.238
SARE11;Misto;4,63;327.204,13;0,03;0,57 ;0,57 ;2,27 ;5,81 ;0,57 ;0,38 ;0,48 ;4,18 ;-1,50 ;-0,94 ;36,24 ;715.852.065,33;7,75;0,60;0,34 ;-91,79 ;-91,76 ;-91,52 ;2;23,62;28.231
SCPF11;Shoppings;2,83;1.571,26;0,05;1,07 ;0,00 ;0,00 ;0,00 ;0,00 ;0,00 ;0,00 ;1,46 ;-8,68 ;-7,70 ;-11,74 ;44.602.140,58;11,84;0,24;0,38 ;1,11 ;1,49 ;-3,03 ;1;74,13;4.455
SDIL11;Imóveis Industriais e Logísticos;96,50;1.030.917,86;0,75;0,76 ;2,49 ;5,22 ;10,27 ;0,83 ;0,87 ;0,86 ;6,12 ;2,04 ;2,82 ;10,51 ;612.048.658,06;98,33;0,98;0,83 ;-0,22 ;0,61 ;9,86 ;5;14,97;63.292
SEED11;Indefinido;98,34;200,00;0,83;0,00 ;0,00 ;3,15 ;8,08 ;0,00 ;0,53 ;0,67 ;5,89 ;0,00 ;0,00 ;;146.350.596,31;;;;;;;14;31,59;131
SEQR11;Misto;48,99;97.150,04;0,58;1,25 ;3,67 ;7,55 ;15,35 ;1,22 ;1,26 ;1,28 ;10,18 ;-3,07 ;-1,86 ;16,82 ;154.585.692,24;92,81;0,53;0,63 ;-1,01 ;-0,39 ;5,44 ;4;17,19;4.667
SHOP11;Shoppings;29,42;667,82;6,75;0,00 ;0,00 ;0,00 ;0,00 ;0,00 ;0,00 ;0,00 ;0,00 ;0,00 ;0,00 ;;75.444.015,94;;;;;;;1;157,28;96
SHPH11;Shoppings;980,00;74.557,43;5,00;0,51 ;1,63 ;5,80 ;9,19 ;0,54 ;0,97 ;0,77 ;7,59 ;1,90 ;2,41 ;39,23 ;616.377.584,13;1.012,20;0,97;0,52 ;13,20 ;13,79 ;19,40 ;1;43,15;2.118
SHSO11;Indefinido;;;0,42;0,00 ;0,00 ;0,00 ;0,00 ;0,00 ;0,00 ;0,00 ;0,00 ;0,00 ;0,00 ;;118.155.565,38;;;;;;;14;;8.102
SIGR11;Indefinido;99,90;100,00;1,30;0,00 ;0,00 ;0,00 ;0,00 ;0,00 ;0,00 ;0,00 ;1,32 ;0,00 ;0,00 ;;189.178.719,25;;;;;;;14;1,55;9.104
SJAU11;Imóveis Industriais e Logísticos;9,00;1.883,74;20,13;231,65 ;231,65 ;848,21 ;848,21 ;115,83 ;424,11 ;424,11 ;848,21 ;58,29 ;424,96 ;424,96 ;11.380.570,56;;;;;;;14;4.273,71;348
SMRE11;Incorporações;79,98;223.633,43;1,02;1,28 ;3,86 ;7,56 ;14,63 ;1,29 ;1,26 ;1,22 ;11,16 ;1,54 ;2,84 ;-0,75 ;105.815.539,20;;;;;;;14;51,70;1.422
SNAG11;Papéis;9,61;1.009.487,83;0,11;1,15 ;3,47 ;7,12 ;14,20 ;1,16 ;1,19 ;1,18 ;9,68 ;0,42 ;1,57 ;19,58 ;626.699.026,71;10,32;0,93;1,07 ;-89,81 ;-89,70 ;-89,36 ;0;14,12;114.557
SNCI11;Papéis;83,08;580.869,65;1,00;1,16 ;3,43 ;6,96 ;14,56 ;1,14 ;1,16 ;1,21 ;9,50 ;-1,79 ;-0,65 ;26,84 ;408.714.622,18;97,31;0,85;1,03 ;-0,09 ;0,93 ;10,92 ;14;18,30;37.414
SNEL11;Fundo de Desenvolvimento;8,58;1.115.865,43;0,10;1,19 ;3,59 ;7,24 ;14,82 ;1,20 ;1,21 ;1,24 ;9,72 ;0,12 ;1,31 ;15,22 ;330.394.876,71;;;;;;;14;12,84;37.520
SNFF11;Fundo de Fundos;69,60;477.218,00;0,72;1,04 ;3,05 ;6,17 ;12,47 ;1,02 ;1,03 ;1,04 ;8,31 ;-4,30 ;-3,31 ;4,51 ;329.286.900,34;81,90;0,85;0,88 ;-7,47 ;-6,65 ;-5,10 ;14;14,78;27.889
SNFZ11;Misto;9,74;85.171,13;0,10;1,03 ;2,74 ;4,76 ;8,41 ;0,91 ;0,79 ;0,76 ;6,05 ;-0,51 ;0,51 ;11,02 ;61.644.405,00;9,94;0,98;1,01 ;0,00 ;0,00 ;0,00 ;0;18,01;3.990
SNID11;Indefinido;10,10;99.303,87;0,12;1,18 ;3,59 ;7,19 ;14,11 ;1,20 ;1,20 ;1,18 ;9,59 ;1,09 ;2,28 ;32,44 ;;;;;;;;0;19,33;0
SNLG11;Imóveis Industriais e Logísticos;2,14;151.675,17;0,84;8.400,00 ;0,00 ;8.400,00 ;8.834,54 ;0,00 ;1.400,00 ;736,21 ;8.496,77 ;-96,77 ;174,19 ;457,52 ;908.985,56;;;;;;;6;2.214,01;11.980
SNME11;Indefinido;9,53;43.851,26;0,11;1,16 ;3,51 ;7,19 ;14,47 ;1,17 ;1,20 ;1,21 ;9,84 ;1,83 ;3,01 ;18,00 ;69.538.456,24;;;;;;;2;20,42;3.908
SOLR11;Imóveis Comerciais - Outros;1.051,35;4.931.882,00;4,77;0,00 ;0,00 ;0,00 ;0,00 ;0,00 ;0,00 ;0,00 ;0,00 ;0,00 ;0,00 ;;61.131.772,81;;;;;;;1;121,75;56
SPDE11;Indefinido;1.266,67;2.533,30;6,00;0,00 ;0,00 ;0,84 ;13,45 ;0,00 ;0,84 ;1,22 ;5,91 ;0,00 ;0,00 ;;120.822.560,07;;;;;;;14;49,80;120
SPMO11;Indefinido;144,00;335.334,00;0,43;0,00 ;0,00 ;0,00 ;0,00 ;0,00 ;0,00 ;0,00 ;0,00 ;0,00 ;0,00 ;;243.992.198,47;;;;;;;14;25,50;14
SPTW11;Lajes Corporativas;33,25;51.821,22;0,42;1,22 ;3,74 ;7,54 ;15,52 ;1,25 ;1,26 ;1,29 ;11,78 ;0,44 ;1,66 ;21,16 ;105.290.010,56;58,56;0,57;0,77 ;5,06 ;5,87 ;21,56 ;1;24,12;18.838
SPVJ11;Shoppings;;;0,13;0,00 ;0,00 ;0,00 ;0,00 ;0,00 ;0,00 ;0,00 ;0,00 ;0,00 ;0,00 ;;126.809.355,39;20,09;;0,90 ;-82,72 ;-82,56 ;-79,74 ;14;;25
SPXS11;Indefinido;8,54;422.469,78;0,10;1,26 ;3,67 ;7,22 ;14,96 ;1,22 ;1,20 ;1,25 ;9,94 ;-1,43 ;-0,19 ;19,47 ;189.453.489,91;;;;;;;14;21,12;19.634
SRVD11;Indefinido;3,00;233,91;0,20;2,29 ;0,00 ;0,00 ;0,00 ;0,00 ;0,00 ;0,00 ;3,30 ;-9,79 ;-7,73 ;-7,73 ;16.019.452,30;1,19;2,53;16,87 ;-0,11 ;16,74 ;25,64 ;14;375,98;106
STRX11;Fundo de Desenvolvimento;151,77;153,00;0,90;0,00 ;0,00 ;1,09 ;4,19 ;0,00 ;0,18 ;0,35 ;2,76 ;0,00 ;0,00 ;;228.918.338,75;141,87;1,07;0,67 ;-4,35 ;-3,71 ;7,96 ;3;5,85;110
TCPF11;Misto;39,53;;1,31;0,00 ;0,00 ;0,00 ;0,00 ;0,00 ;0,00 ;0,00 ;0,00 ;0,00 ;0,00 ;;29.793.251,59;;;;;;;14;;52
TELM11;Indefinido;9,85;9.975,60;0,10;0,00 ;1,03 ;4,17 ;6,60 ;0,34 ;0,70 ;0,83 ;5,90 ;0,00 ;0,00 ;;20.841.722,27;;;;;;;14;59,87;112
TEPP11;Lajes Corporativas;79,75;545.343,96;0,74;0,93 ;3,38 ;6,87 ;13,37 ;1,13 ;1,15 ;1,11 ;10,34 ;-2,10 ;-1,19 ;17,93 ;409.444.515,06;96,98;0,82;1,13 ;1,32 ;2,47 ;14,36 ;4;15,32;29.774
TGAR11;Fundo de Desenvolvimento;82,08;3.439.497,91;1,00;1,19 ;3,53 ;6,99 ;14,75 ;1,18 ;1,17 ;1,23 ;11,02 ;3,84 ;5,08 ;6,81 ;2.598.153.093,71;110,24;0,74;0,91 ;-13,73 ;-12,94 ;-2,93 ;9;23,34;155.955
TJKB11;Indefinido;250,00;28.229,00;2,90;1,17 ;3,52 ;7,22 ;14,39 ;1,17 ;1,20 ;1,20 ;8,56 ;0,88 ;2,06 ;-0,16 ;303.784.719,35;;;;;;;10;74,69;352
TMPS11;Fundo de Fundos;79,37;377.552,74;0,85;1,06 ;3,16 ;6,32 ;15,70 ;1,05 ;1,05 ;1,31 ;10,85 ;1,21 ;2,28 ;21,14 ;90.320.844,45;;;;;;;14;18,55;1.958
TOPP11;Imóveis Comerciais - Outros;68,47;727.444,30;0,84;1,23 ;3,65 ;7,36 ;12,20 ;1,22 ;1,23 ;1,22 ;9,92 ;-1,33 ;-0,11 ;20,96 ;467.775.899,06;;;;;;;2;29,60;4.778
TORD11;Misto;3,16;20.345,43;0,01;0,29 ;2,81 ;2,81 ;3,40 ;0,94 ;0,47 ;0,28 ;3,40 ;2,42 ;2,71 ;-88,97 ;203.881.002,59;13,94;0,23;0,36 ;8,23 ;8,62 ;12,48 ;1;33,44;50.193
TRBL11;Imóveis Industriais e Logísticos;59,30;622.268,52;0,60;0,96 ;3,03 ;5,83 ;11,84 ;1,01 ;0,97 ;0,99 ;8,92 ;17,25 ;18,37 ;4,81 ;669.813.570,25;;;;;;;5;34,03;49.528
TRNT11;Lajes Corporativas;97,50;17.090,37;0,07;0,06 ;0,00 ;0,00 ;0,00 ;0,00 ;0,00 ;0,00 ;0,71 ;0,00 ;0,00 ;;697.995.136,78;197,64;0,49;0,04 ;0,38 ;0,42 ;-0,87 ;1;43,32;535
TRXB11;Fundo de Desenvolvimento;179,00;9.051.931,57;2,60;1,73 ;4,13 ;6,72 ;20,15 ;1,38 ;1,12 ;1,68 ;14,05 ;6,57 ;8,42 ;48,96 ;374.998.996,07;;;;;;;13;78,42;450
TRXF11;Imóveis Comerciais - Outros;97,10;7.111.656,52;0,93;0,95 ;3,40 ;6,26 ;13,96 ;1,13 ;1,04 ;1,16 ;10,91 ;-1,26 ;-0,32 ;17,83 ;3.287.113.260,50;101,16;0,96;1,49 ;-4,07 ;-2,64 ;12,98 ;48;12,36;191.196
TRXY11;Outros;9,45;27.358,35;0,11;1,15 ;3,61 ;7,33 ;11,70 ;1,20 ;1,22 ;1,46 ;11,70 ;-0,21 ;0,94 ;19,73 ;33.237.757,63;;;;;;;0;32,24;653
TSER11;Lajes Corporativas;97,00;194,00;0,97;0,00 ;0,00 ;1,96 ;7,91 ;0,00 ;0,33 ;0,66 ;4,97 ;0,00 ;0,00 ;;134.941.429,30;;;;;;;1;18,89;19
TVRI11;Agências de Bancos;90,83;743.501,26;1,05;1,13 ;3,40 ;6,96 ;14,25 ;1,13 ;1,16 ;1,19 ;10,77 ;1,88 ;3,03 ;27,23 ;1.654.574.540,82;;;;;;;59;15,81;61.671
URHF11;Outros;82,98;1.750,05;1,20;1,42 ;4,29 ;8,84 ;16,88 ;1,43 ;1,47 ;1,41 ;13,44 ;-2,59 ;-1,21 ;9,69 ;10.545.223,90;;;;;;;14;99,82;205
URPR11;Papéis;37,62;994.096,57;0,40;1,13 ;3,31 ;6,94 ;16,14 ;1,10 ;1,16 ;1,35 ;11,71 ;-7,69 ;-6,65 ;-26,83 ;1.194.002.523,53;101,76;0,37;0,44 ;2,99 ;3,44 ;28,04 ;14;28,19;69.116
VANG11;Indefinido;100,00;700,00;1,00;0,00 ;0,00 ;2,02 ;7,93 ;0,00 ;0,34 ;0,88 ;4,98 ;0,00 ;0,00 ;;;;;;;;;0;50,75;0
VCJR11;Papéis;77,06;1.772.782,70;0,90;1,14 ;3,51 ;8,03 ;15,32 ;1,17 ;1,34 ;1,28 ;12,12 ;-1,65 ;-0,53 ;21,45 ;1.370.775.819,61;93,10;0,83;1,02 ;-1,22 ;-0,21 ;12,54 ;14;18,23;30.799
VCRA11;Indefinido;60,83;489.588,00;0,95;1,53 ;4,50 ;8,34 ;18,43 ;1,50 ;1,39 ;1,54 ;13,67 ;0,02 ;1,55 ;20,39 ;468.627.584,96;468.627.584,96;0,00;0,00 ;457.712.861,68 ;457.712.862,55 ;464.418.815,17 ;0;21,24;9.910
VCRI11;Papéis;7,11;257.949,83;0,09;1,25 ;3,95 ;8,02 ;15,84 ;1,32 ;1,34 ;1,32 ;12,07 ;-2,70 ;-1,48 ;23,14 ;191.968.095,26;9,34;0,76;1,18 ;-1,16 ;0,00 ;1,78 ;14;19,34;14.186
VCRR11;Imóveis Residenciais;63,65;211.094,61;0,50;0,78 ;2,33 ;4,92 ;10,81 ;0,78 ;0,82 ;0,90 ;7,81 ;-0,54 ;0,23 ;18,59 ;253.387.434,44;126,69;0,50;0,39 ;-1,21 ;-0,82 ;13,63 ;14;25,59;3.590
VGHF11;Misto;7,66;2.295.342,13;0,09;1,16 ;3,66 ;7,31 ;14,96 ;1,22 ;1,22 ;1,25 ;11,31 ;1,84 ;3,02 ;23,36 ;1.399.879.391,02;8,50;0,90;1,18 ;-7,21 ;-6,11 ;5,94 ;14;17,27;393.812
VGIA11;Indefinido;9,25;1.233.177,13;0,13;1,45 ;4,28 ;8,66 ;18,10 ;1,43 ;1,44 ;1,51 ;11,74 ;0,22 ;1,68 ;46,17 ;837.226.276,82;9,68;0,96;1,29 ;1,59 ;2,90 ;11,28 ;0;15,03;168.638
VGII11;Tecidos. Vestuário e Calçados;101,41;4.000.016,00;4,82;5,33 ;0,00 ;0,00 ;9,63 ;0,00 ;0,00 ;0,80 ;5,33 ;0,00 ;5,33 ;5,33 ;50.299.358,16;;;;;;;14;17,46;3
VGIP11;Papéis;79,76;1.827.152,91;0,76;0,93 ;4,96 ;8,59 ;15,67 ;1,65 ;1,43 ;1,31 ;11,10 ;-0,18 ;0,75 ;42,56 ;1.040.556.952,55;88,28;0,90;1,42 ;-2,39 ;-1,01 ;7,61 ;14;20,39;84.604
VGIR11;Papéis;9,63;4.144.050,87;0,14;1,49 ;4,11 ;8,03 ;15,67 ;1,37 ;1,34 ;1,31 ;10,65 ;1,95 ;3,47 ;33,11 ;1.424.510.690,63;9,75;0,99;1,23 ;1,14 ;2,39 ;-88,73 ;1;12,55;256.349
VGRI11;Misto;8,71;360.362,48;0,12;1,36 ;4,20 ;8,90 ;22,00 ;1,40 ;1,48 ;1,83 ;15,82 ;1,73 ;3,12 ;46,21 ;370.669.388,41;;;;;;;5;22,08;18.015
VIDS11;Fundo de Desenvolvimento;915,64;;16,06;0,00 ;0,00 ;0,00 ;0,00 ;0,00 ;0,00 ;0,00 ;0,00 ;0,00 ;0,00 ;;75.395.390,64;;;;;;;14;0,42;199
VIFI11;Fundo de Fundos;6,96;30,26;0,07;1,01 ;0,00 ;0,00 ;6,01 ;0,00 ;0,00 ;0,50 ;3,00 ;-7,57 ;-6,64 ;5,15 ;64.507.809,24;7,97;0,87;0,88 ;-9,94 ;-9,15 ;-72,22 ;14;19,11;5.521
VIGT11;;39,25;653.863,74;0,15;0,38 ;1,19 ;2,33 ;6,15 ;0,40 ;0,39 ;0,51 ;3,29 ;4,82 ;5,22 ;-26,19 ;;;;;;;;0;56,43;0
VILG11;Imóveis Industriais e Logísticos;83,73;1.450.330,22;0,72;0,86 ;2,58 ;5,03 ;10,24 ;0,86 ;0,84 ;0,85 ;7,78 ;3,25 ;4,14 ;26,48 ;1.686.392.948,13;112,45;0,74;0,62 ;0,16 ;0,78 ;7,02 ;15;18,42;144.571
VINO11;Lajes Corporativas;4,95;540.198,26;0,05;1,00 ;3,68 ;6,69 ;13,32 ;1,23 ;1,12 ;1,11 ;10,03 ;-1,57 ;-0,59 ;21,95 ;845.428.886,18;10,21;0,48;0,83 ;-81,35 ;-81,20 ;-80,08 ;10;24,08;144.133
VISC11;Shoppings;103,94;3.096.525,09;0,81;0,78 ;2,36 ;4,72 ;9,83 ;0,79 ;0,79 ;0,82 ;7,33 ;1,37 ;2,16 ;23,67 ;3.570.564.882,06;123,85;0,84;0,65 ;0,02 ;0,67 ;15,67 ;30;18,22;343.935
VIUR11;Misto;5,44;182.919,87;0,07;1,22 ;3,66 ;7,40 ;15,28 ;1,22 ;1,23 ;1,27 ;11,46 ;1,29 ;2,53 ;17,42 ;235.535.082,98;8,74;0,62;0,77 ;-5,00 ;-4,27 ;-90,02 ;7;23,11;45.732
VJFD11;Papéis;155,02;3.889,59;0,82;0,00 ;0,00 ;0,98 ;3,38 ;0,00 ;0,98 ;0,28 ;2,42 ;0,00 ;0,00 ;;799.150.539,47;163,89;0,95;0,52 ;20,45 ;21,07 ;28,05 ;39;5,32;96
VLIQ11;Indefinido;;;5,04;0,00 ;0,00 ;0,00 ;0,00 ;0,00 ;0,00 ;0,00 ;0,00 ;0,00 ;0,00 ;;118.155.565,38;;;;;;;14;;8.102
VLOL11;Lajes Corporativas;88,00;160.238,13;16,30;0,00 ;0,00 ;0,00 ;0,00 ;0,00 ;0,00 ;0,00 ;1,99 ;0,00 ;0,00 ;;118.155.565,38;111,06;0,79;0,55 ;-0,14 ;0,40 ;14,11 ;14;9,89;8.102
VOTS11;Papéis;73,82;6.390,90;0,68;0,00 ;1,74 ;4,19 ;10,40 ;0,58 ;0,70 ;0,87 ;7,33 ;0,00 ;0,00 ;;75.926.854,52;91,71;0,80;0,72 ;-1,69 ;-0,99 ;7,91 ;14;43,24;581
VPPR11;Lajes Corporativas;12,88;75.358,65;0,07;0,53 ;0,00 ;0,00 ;1,91 ;0,00 ;0,00 ;0,16 ;0,53 ;-10,74 ;-10,27 ;-10,27 ;285.640.724,19;;;;;;;2;15,18;36.964
VRTA11;Papéis;76,10;1.163.698,22;0,85;1,12 ;3,29 ;6,51 ;13,19 ;1,10 ;1,09 ;1,10 ;10,00 ;-0,67 ;0,44 ;14,92 ;1.300.522.603,53;83,41;0,91;1,02 ;-8,51 ;-7,58 ;0,79 ;14;15,93;111.781
VRTM11;Misto;6,76;259.669,04;0,09;1,31 ;3,90 ;7,89 ;16,11 ;1,30 ;1,32 ;1,34 ;12,36 ;-1,15 ;0,14 ;19,50 ;435.301.553,82;;;;;;;7;16,03;11.694
VSEC11;Papéis;0,21;2,50;2,05;0,00 ;0,00 ;0,00 ;0,00 ;0,00 ;0,00 ;0,00 ;138,00 ;0,00 ;0,00 ;;118.155.565,38;;;;;;;14;904,16;8.102
VSHO11;Shoppings;72,70;39.353,26;0,47;0,65 ;2,69 ;5,49 ;12,11 ;0,90 ;0,92 ;1,01 ;8,77 ;1,08 ;1,74 ;25,75 ;242.410.559,62;115,50;0,63;0,86 ;16,23 ;17,23 ;22,66 ;3;18,70;3.202
VSLH11;Papéis;2,65;130.022,61;0,03;0,94 ;3,25 ;7,00 ;14,46 ;1,08 ;1,17 ;1,21 ;9,20 ;-3,81 ;-2,90 ;1,21 ;301.254.602,34;10,09;0,26;0,34 ;-2,89 ;-2,56 ;16,01 ;14;20,78;68.692
VTLT11;Imóveis Industriais e Logísticos;83,64;124.001,61;1,03;1,20 ;3,50 ;6,95 ;14,04 ;1,17 ;1,16 ;1,17 ;10,65 ;-2,07 ;-0,89 ;16,74 ;219.655.269,60;103,86;0,81;0,95 ;3,11 ;4,09 ;11,80 ;1;15,68;5.752
VTPL11;Papéis;68,50;68,00;5,11;0,00 ;0,00 ;0,00 ;0,00 ;0,00 ;0,00 ;0,00 ;0,00 ;0,00 ;0,00 ;;140.854.280,37;;;;;;;2;6,67;124
VVCO11;Lajes Corporativas;14,59;345.248,32;11,16;0,00 ;0,00 ;0,00 ;0,00 ;0,00 ;0,00 ;0,00 ;0,00 ;0,00 ;0,00 ;;143.829.495,00;;;;;;;4;17,26;2.669
VVCR11;Papéis;9,97;148.846,04;0,11;1,10 ;3,31 ;6,73 ;13,22 ;1,10 ;1,12 ;1,10 ;9,28 ;-0,79 ;0,30 ;26,80 ;77.504.273,21;;;;;;;14;23,44;2.211
VVMR11;Lajes Corporativas;82,99;203.022,27;0,20;0,24 ;0,69 ;0,85 ;2,96 ;0,69 ;0,85 ;0,25 ;1,23 ;-1,61 ;-1,37 ;-6,21 ;301.559.044,99;;;;;;;5;27,68;607
VVPR11;Misto;101,50;1.249.061,55;0,89;0,89 ;0,00 ;0,00 ;0,00 ;0,00 ;0,00 ;0,00 ;7,45 ;0,40 ;1,30 ;14,44 ;118.155.565,38;98,03;1,04;0,74 ;-0,10 ;0,64 ;0,09 ;14;3,43;8.102
VVRI11;Indefinido;86,49;1.020,18;0,60;0,68 ;1,84 ;3,60 ;8,07 ;0,61 ;0,60 ;0,67 ;4,67 ;0,00 ;0,00 ;;74.223.580,54;;;;;;;3;97,96;155
VXXV11;Fundo de Desenvolvimento;700,00;772.275,00;273,35;0,00 ;0,00 ;0,00 ;0,00 ;0,00 ;0,00 ;0,00 ;0,00 ;0,00 ;0,00 ;;169.852.976,62;;;;;;;1;3,35;13
WHGR11;Indefinido;8,53;204.775,74;0,10;1,14 ;2,71 ;6,24 ;13,82 ;0,90 ;1,04 ;1,15 ;11,30 ;1,86 ;3,02 ;22,07 ;297.360.174,37;;;;;;;1;15,97;13.892
WPLZ11;Shoppings;49,75;7.815,35;0,37;0,74 ;4,30 ;6,30 ;10,27 ;1,43 ;1,05 ;0,86 ;8,35 ;9,86 ;10,67 ;9,51 ;78.067.133,41;66,72;0,75;0,94 ;-24,01 ;-23,29 ;-31,07 ;1;44,19;1.577
WSEC11;Indefinido;5,62;26.850,61;0,10;1,34 ;67,47 ;83,26 ;121,47 ;22,49 ;13,88 ;10,12 ;118,41 ;35,69 ;37,51 ;566,28 ;14.489.224,72;;;;;;;14;229,83;786
WTSP11B;Misto;36,00;3.852,00;0,05;0,09 ;0,81 ;26,17 ;27,19 ;0,81 ;4,36 ;2,27 ;0,81 ;0,00 ;0,00 ;;104.295.912,94;84,21;0,43;0,06 ;16,18 ;16,25 ;12,98 ;2;6,67;210
XPCA11;Indefinido;7,80;532.267,30;0,11;1,39 ;4,20 ;8,63 ;14,63 ;1,40 ;1,44 ;1,22 ;12,02 ;0,38 ;1,78 ;58,59 ;437.017.586,63;9,60;0,81;1,15 ;1,15 ;2,31 ;15,07 ;0;21,66;96.052
XPCI11;Papéis;81,10;1.672.274,65;0,95;1,15 ;3,60 ;7,12 ;14,05 ;1,20 ;1,19 ;1,17 ;10,74 ;2,79 ;3,97 ;29,70 ;763.153.146,83;87,70;0,92;1,14 ;-4,50 ;-3,41 ;5,13 ;14;18,95;67.379
XPCM11;Lajes Corporativas;8,26;31.281,61;0,02;0,20 ;0,00 ;0,00 ;0,00 ;0,00 ;0,00 ;0,00 ;0,20 ;-0,87 ;-0,67 ;-0,67 ;69.720.415,87;29,04;0,28;0,07 ;-34,13 ;-34,09 ;-44,99 ;1;30,62;17.496
XPHT11;Hotéis;123,00;230.869,59;0,41;0,93 ;2,91 ;5,33 ;10,11 ;0,97 ;0,89 ;0,84 ;10,11 ;15,85 ;16,93 ;15,37 ;581.976.733,73;63,13;1,95;0,65 ;-33,00 ;-32,56 ;-26,69 ;14;29,85;1.268
XPID11;Indefinido;53,23;323.986,70;0,50;0,95 ;3,03 ;6,31 ;14,12 ;1,01 ;1,05 ;1,18 ;10,44 ;-10,67 ;-9,82 ;4,71 ;;;;;;;;0;23,89;0
XPIE11;Indefinido;59,62;1.497.266,96;0,78;1,29 ;2,93 ;8,01 ;18,58 ;0,98 ;1,34 ;1,55 ;15,07 ;-0,66 ;0,63 ;28,72 ;;;;;;;;0;18,30;0
XPIN11;Imóveis Industriais e Logísticos;69,76;230.988,96;0,74;1,11 ;3,24 ;6,55 ;13,41 ;1,08 ;1,09 ;1,12 ;8,97 ;-4,63 ;-3,57 ;20,49 ;729.159.921,12;101,97;0,68;0,73 ;-1,85 ;-1,14 ;0,31 ;81;15,87;43.036
XPLG11;Imóveis Industriais e Logísticos;97,45;2.501.108,65;0,82;0,82 ;2,50 ;5,04 ;10,45 ;0,83 ;0,84 ;0,87 ;7,82 ;1,38 ;2,21 ;23,44 ;3.330.603.656,16;106,83;0,91;0,77 ;-6,22 ;-5,50 ;5,49 ;18;15,36;338.130
XPML11;Shoppings;104,26;10.937.854,39;0,92;0,92 ;2,72 ;5,50 ;11,34 ;0,91 ;0,92 ;0,95 ;7,50 ;-1,45 ;-0,54 ;19,67 ;6.555.072.666,37;115,57;0,90;0,80 ;14,49 ;15,41 ;23,67 ;20;14,78;604.158
XPPR11;Lajes Corporativas;12,54;78.639,38;0,07;0,53 ;1,02 ;2,30 ;4,38 ;0,34 ;0,38 ;0,37 ;0,53 ;-9,03 ;-8,55 ;-8,55 ;443.953.188,51;60,68;0,21;0,12 ;-18,41 ;-18,31 ;-21,40 ;2;21,62;42.867
XPSF11;Fundo de Fundos;5,93;567.895,09;0,07;1,07 ;3,15 ;6,16 ;13,07 ;1,05 ;1,03 ;1,09 ;9,66 ;1,00 ;2,08 ;13,07 ;329.787.279,61;7,62;0,78;0,79 ;-8,74 ;-8,02 ;-90,38 ;14;16,46;59.908
XTED11;Lajes Corporativas;8,82;17.641,88;11,16;;;;;;;;;;;;67.378.204,04;28,02;0,31;0,00 ;-0,36 ;-0,36 ;-3,45 ;1;29,46;4.098
YUFI11;Fundo de Desenvolvimento;59,50;5,17;29,23;0,00 ;0,00 ;0,55 ;3,31 ;0,00 ;0,55 ;0,28 ;2,80 ;0,00 ;0,00 ;;22.645.309,19;;;;;;;12;34,56;56
YUFI11B;Indefinido;;;0,63;0,00 ;0,00 ;0,00 ;0,00 ;0,00 ;0,00 ;0,00 ;;0,00 ;0,00 ;0,00 ;;105,53;;0,60 ;-0,01 ;0,59 ;6,32 ;0;;0
ZAGH11;Serviços Financeiros Diversos;10,10;38.058,17;0,06;0,60 ;1,86 ;4,07 ;7,20 ;0,62 ;0,68 ;0,60 ;5,43 ;-2,83 ;-2,25 ;-14,34 ;83.082.461,61;;;;;;;1;69,35;410
ZAVC11;Indefinido;8,80;7.910,26;0,13;0,00 ;2,94 ;7,70 ;16,30 ;0,98 ;1,28 ;1,36 ;0,00 ;0,00 ;0,00 ;;36.086.878,85;;;;;;;1;104,16;438
ZAVI11;Indefinido;86,30;33.883,87;1,10;1,27 ;3,86 ;7,67 ;15,42 ;1,29 ;1,28 ;1,29 ;11,67 ;-1,31 ;-0,06 ;4,34 ;159.197.180,67;;;;;;;9;28,68;2.751
ZIFI11;Fundo de Desenvolvimento;507,00;3.653,80;3,31;0,00 ;0,00 ;0,00 ;0,00 ;0,00 ;0,00 ;0,00 ;0,00 ;0,00 ;0,00 ;;83.915.222,92;;;;;;;14;52,05;91
