valor_de_mercado,valor_de_firma,patrimônio_líquido,n_total_de_papeis,ativos,ativo_circulante,disponibilidade,tag_along,segmento_de_listagem,free_float,setor,segmento,papel,dívida_bruta,dívida_líquida
118112489000,118112489000,181990739000,5730834000,2441421369000,2182834893000,64935263000,100.00,novo mercado,49.60,financeiro,bancos,bbas3,,
2362232000,34210303000,26040457000,896039000,26897041000,7180125000,2593070000,100.00,nível 2,50.56,bens industriais,transporte aéreo,azul4,34441141000,31848071000
5667350000,11106696000,12565444000,1876606000,23649420000,4264420000,944287000,100.00,novo mercado,99.78,consumo cíclico,serviços educacionais,cogn3,6383633000,5439346000
153999597000,151600218000,22215931000,4197317000,39836839000,25299344000,4983527000,100.00,novo mercado,35.30,bens industriais,motores. compressores e outros,wege3,2584148000,2399379000
400549854000,720139854000,399222000000,12888732000,1174890000000,135859000000,51847000000,100.00,nível 2,60.70,petróleo. gás e biocombustíveis,exploração. refino e distribuição,petr4,371437000000,319590000000
165374841000,165374841000,174053985000,10592012000,2147570089000,1740446958000,222829387000,80.00,nível 1,62.16,financeiro,bancos,bbdc4,,
66357900000,66274556000,19736147000,5266500000,47031043000,16426800000,14621493000,100.00,nível 1,99.37,financeiro,serviços financeiros diversos,b3sa3,14538149000,83344000
6510548000,10604433000,11085083000,738995000,36913613000,19219372000,2113618000,100.00,novo mercado,47.83,consumo cíclico,eletrodomésticos,mglu3,6207503000,4093885000
9006683000,66859241000,16240566000,10352509000,135725711000,57921048000,14596280000,100.00,nível 1,11.52,consumo não cíclico,açucar e alcool,raiz4,72448838000,57852558000
11114630000,23254630000,5599000000,1352144000,44303000000,15053000000,4459000000,100.00,nível 1,99.82,consumo não cíclico,alimentos,asai3,16599000000,12140000000
186144953000,171778139000,92471636000,15761638000,142157543000,40791956000,17524578000,80.00,tradicional,27.89,consumo não cíclico,cervejas e refrigerantes,abev3,3157764000,14366814000
26274120000,47342120000,20849000000,1119000000,59651000000,24050000000,4351000000,100.00,novo mercado,99.61,petróleo. gás e biocombustíveis,exploração. refino e distribuição,vbbr3,25419000000,21068000000
12461336000,14574004000,801593000,864170000,5519521000,1091879000,571787000,100.00,novo mercado,99.02,bens industriais,serviços de apoio e armazenagem,stbp3,2684455000,2112668000
3523294000,11052770000,5158009000,562826000,27411776000,14896393000,322566000,100.00,novo mercado,66.65,consumo cíclico,incorporações,mrve3,7852042000,7529476000
267211376000,333507376000,214175000000,4539007000,493226000000,95964000000,31087000000,100.00,novo mercado,94.09,materiais básicos,minerais metálicos,vale3,97383000000,66296000000
6388008000,7318140000,24277714000,1253079000,40655884000,18064823000,6743961000,0.00,nível 1,53.95,materiais básicos,siderurgia,usim5,7674093000,930132000
378339879000,378339879000,208547000000,10784548000,2877420000000,2696898000000,32177000000,80.00,nível 1,52.98,financeiro,bancos,itub4,,
893504000,1110387000,468360000,525591000,3765057000,2223770000,328972000,100.00,novo mercado,100.00,consumo cíclico,viagens e turismo,cvcb3,545855000,216883000
120382226000,124493226000,89574000000,10993810000,114124000000,13025000000,7323000000,80.00,nível 1,65.74,financeiro,holdings diversificadas,itsa4,11434000000,4111000000
2847694000,18896191000,2648975000,362302000,29775568000,7615071000,3439077000,100.00,novo mercado,33.63,consumo cíclico,aluguel de carros,movi3,19487574000,16048497000
3189045000,15605535000,2604224000,1081032000,22443444000,5867397000,4067935000,100.00,nível 1,37.63,bens industriais,material de transporte,vamo3,16484425000,12416490000
14812504000,13612315000,10300491000,1059549000,18735315000,10994642000,1790786000,100.00,novo mercado,98.89,consumo cíclico,tecidos. vestuário e calçados,lren3,590597000,1200189000
10956771000,64204817000,7191060000,1866570000,126036274000,26882697000,13527889000,100.00,novo mercado,62.18,petróleo. gás e biocombustíveis,exploração. refino e distribuição,csan3,66775935000,53248046000
6529854000,20694754000,1427622000,999977000,44477422000,27410025000,12547956000,100.00,novo mercado,42.98,consumo não cíclico,carnes e derivados,beef3,26712856000,14164900000
33572903000,42689412000,54922968000,2028194000,86854070000,33306852000,8973850000,100.00,nível 1,58.69,materiais básicos,siderurgia,ggbr4,18090359000,9116509000
11143680000,14766274000,9786076000,384000000,23414787000,13227798000,3267092000,100.00,novo mercado,66.22,consumo cíclico,incorporações,cyre3,6889686000,3622594000
28158800000,60445469000,14702536000,2020000000,64511989000,10346826000,6678892000,100.00,novo mercado,49.27,bens industriais,exploração de rodovias,motv3,38965561000,32286669000
33539745000,45824825000,28473167000,2861781000,63411229000,13612195000,2978857000,0.00,nível 1,81.34,utilidade pública,energia elétrica,cmig4,15263937000,12285080000
9085891000,10442775000,4175411000,1136271000,9494733000,5717711000,1954669000,80.00,nível 2,76.12,bens industriais,material rodoviário,pomo4,3311553000,1356884000
10489403000,42899836000,13904040000,1326093000,101070743000,34699821000,19156605000,0.00,tradicional,54.26,materiais básicos,siderurgia,csna3,51567038000,32410433000
11186525000,30924123000,12683764000,1050377000,49202800000,8733253000,4933168000,100.00,novo mercado,29.18,utilidade pública,energia elétrica,aure3,24670766000,19737598000
28806114000,43946644000,13404714000,1854868000,50595277000,8862415000,6091529000,100.00,novo mercado,100.00,bens industriais,transporte ferroviário,rail3,21232059000,15140530000
23704527000,38656998000,16073684000,1115507000,45608193000,16857052000,3985522000,100.00,novo mercado,97.66,petróleo. gás e biocombustíveis,exploração. refino e distribuição,ugpa3,18937993000,14952471000
1941100000,4567100000,2553000000,490177000,18363000000,5218000000,1785000000,100.00,novo mercado,77.40,consumo não cíclico,alimentos,pcar3,4411000000,2626000000
38757821000,72078098000,25487173000,1082620000,81318753000,17427494000,8249249000,100.00,novo mercado,79.72,consumo cíclico,aluguel de carros,rent3,41569526000,33320277000
7255119000,19543883000,12250519000,464179000,43454299000,7535744000,4591686000,100.00,novo mercado,99.91,petróleo. gás e biocombustíveis,exploração. refino e distribuição,brav3,16880450000,12288764000
233115734000,233115734000,63703322000,11506119000,545461564000,473688143000,1375548000,100.00,nível 1,29.94,financeiro,bancos,bpac11,,
32075194000,35166300000,6671833000,1718007000,23052470000,13277609000,605299000,100.00,novo mercado,74.49,saúde,medicamentos e outros produtos,radl3,3696405000,3091106000
35744670000,52726809000,25596150000,2982810000,60742037000,12093928000,2905739000,100.00,nível 2,100.00,utilidade pública,energia elétrica,cple6,19887878000,16982139000
32286389000,50562164000,26180888000,896346000,55437714000,9062136000,4759556000,100.00,novo mercado,89.53,petróleo. gás e biocombustíveis,exploração. refino e distribuição,prio3,23035331000,18275775000
25726315000,25324775000,4897167000,599401000,8962553000,3169357000,2094240000,100.00,novo mercado,87.53,tecnologia da informação,programas e serviços,tots3,1692700000,401540000
104411048000,115272634000,68076737000,3226546000,126475682000,26337387000,9454104000,80.00,tradicional,24.64,telecomunicações,telecomunicações,vivt3,20315690000,10861586000
296671000,8840671000,1539000000,95086000,33525000000,14020000000,1883000000,100.00,novo mercado,99.75,consumo cíclico,eletrodomésticos,bhia3,10427000000,8544000000
2268432000,2004667000,2754104000,562886000,3831464000,1168227000,345238000,100.00,novo mercado,71.83,tecnologia da informação,programas e serviços,lwsa3,81473000,263765000
2813415000,5456674000,2203050000,760382000,6876136000,2378352000,1095373000,100.00,novo mercado,99.93,bens industriais,transporte hidroviário,hbsa3,3738632000,2643259000
165374841000,165374841000,174053985000,10592012000,2147570089000,1740446958000,222829387000,100.00,nível 1,62.16,financeiro,bancos,bbdc3,,
9940295000,19042865000,19373882000,993705000,86914266000,33366538000,8987789000,100.00,nível 1,70.19,materiais básicos,siderurgia,goau4,18090359000,9102570000
57163901000,62335617000,18191249000,740465000,65886626000,35566816000,6862616000,100.00,novo mercado,99.20,bens industriais,material aeronáutico e de defesa,embr3,12034332000,5171716000
41599000,41595000,23642000,31822000,41658000,13921000,4000,0.00,tradicional,61.28,bens industriais,material rodoviário,rcsl4,,4000
13618000,883559000,201372000,104756000,1466247000,732429000,101324000,100.00,nível 1,82.23,telecomunicações,telecomunicações,ifcm3,971265000,869941000
21658686000,49544102000,10192494000,6179682000,60335243000,15144906000,8082753000,100.00,nível 2,63.92,materiais básicos,papel e celulose,klbn11,35968169000,27885416000
79034000,79027000,151852000,197585000,186882000,200000,7000,0.00,novo mercado,0.00,materiais básicos,petroquímicos,azte3,,7000
30224216000,25124372000,9237283000,5485338000,35991112000,16982284000,14369612000,100.00,nível 1,20.25,materiais básicos,minerais metálicos,cmin3,9269768000,5099844000
1728378000,8968054000,3056777000,329330000,17465355000,9104660000,1725995000,80.00,nível 1,60.10,bens industriais,material rodoviário,rapt4,8965671000,7239676000
400549854000,720139854000,399222000000,12888732000,1174890000000,135859000000,51847000000,100.00,nível 2,60.70,petróleo. gás e biocombustíveis,exploração. refino e distribuição,petr3,371437000000,319590000000
18119441000,61182651000,2834441000,857928000,137817432000,53153889000,22976784000,100.00,novo mercado,33.58,consumo não cíclico,carnes e derivados,mrfg3,66039994000,43063210000
7746768000,18321974000,5382919000,622730000,20046325000,3074956000,1008830000,100.00,novo mercado,68.34,utilidade pública,energia elétrica,srna3,11584036000,10575206000
65200000000,56527193000,10494024000,2000000000,21376875000,9994317000,8672807000,100.00,novo mercado,31.87,financeiro,seguradoras,bbse3,,8672807000
142805475000,183258200000,118706918000,2588720000,274960124000,49985173000,29837143000,80.00,nível 1,97.21,utilidade pública,energia elétrica,elet3,70289868000,40452725000
44760000000,43646600000,13330716000,3000000000,14423704000,1717451000,1113400000,100.00,novo mercado,17.25,financeiro,seguradoras,cxse3,,1113400000
14274999000,17494816000,5639224000,586242000,18455968000,3965927000,2732550000,0.00,tradicional,52.44,consumo cíclico,atividades esportivas,smft3,5952367000,3219817000
1688210000,1742308000,1682182000,462523000,3812140000,1377094000,373912000,100.00,novo mercado,66.53,consumo não cíclico,produtos diversos,petz3,428010000,54098000
43994654000,89698454000,27995081000,1248075000,116701444000,25128826000,9408177000,100.00,novo mercado,100.00,utilidade pública,energia elétrica,eqtl3,55111977000,45703800000
480462000,409136000,528901000,112784000,655324000,150681000,71469000,100.00,novo mercado,75.33,tecnologia da informação,programas e serviços,cash3,143000,71326000
5658028000,41923028000,3805000000,797207000,91303000000,30743000000,10304000000,100.00,nível 1,34.97,materiais básicos,petroquímicos,brkm5,46569000000,36265000000
14069336000,18451479000,5905050000,519163000,12311269000,1816949000,742293000,100.00,nível 2,52.93,financeiro,exploração de imóveis,mult3,5124436000,4382143000
54468098000,51900597000,25125486000,2420804000,56954895000,13455115000,5473757000,100.00,novo mercado,33.40,telecomunicações,telecomunicações,tims3,2906256000,2567501000
26020734000,41336129000,19495012000,1584697000,53385056000,8955822000,3855797000,100.00,novo mercado,99.68,utilidade pública,energia elétrica,enev3,19171192000,15315395000
3338976000,7830439000,3041058000,289088000,9549663000,2244908000,792888000,100.00,novo mercado,93.61,consumo cíclico,serviços educacionais,yduq3,5284351000,4491463000
6514967000,6220906000,8768448000,393096000,8818001000,294544000,294061000,80.00,nível 1,71.57,financeiro,holdings diversificadas,brap4,,294061000
6829352000,8598173000,4177323000,1214491000,7791679000,1940835000,1598187000,100.00,tradicional,55.81,financeiro,exploração de imóveis,igti11,3367008000,1768821000
91090952000,88530160000,25362533000,2289292000,105709758000,54856940000,40546470000,100.00,nível 1,50.01,saúde,serviços médicos. hospitalares. análises e diagnósticos,rdor3,37985678000,2560792000
72995000,844453000,779741000,187167000,2193027000,478724000,14947000,0.00,tradicional,59.66,bens industriais,construção pesada,azev4,786405000,771458000
16943687000,20476716000,48574076000,502630000,74351385000,12259864000,9541786000,100.00,novo mercado,58.28,saúde,serviços médicos. hospitalares. análises e diagnósticos,hapv3,13074815000,3533029000
1223722000,5246569000,2379050000,403868000,10000011000,2358349000,1444280000,100.00,novo mercado,63.64,consumo cíclico,serviços educacionais,anim3,5467127000,4022847000
4053870000,7421898000,5988659000,681322000,15473499000,5572007000,2218411000,100.00,novo mercado,43.12,consumo cíclico,incorporações,jhsf3,5586439000,3368028000
8443157000,11722757000,5379103000,547191000,13072446000,4368087000,2084612000,100.00,novo mercado,84.87,saúde,serviços médicos. hospitalares. análises e diagnósticos,flry3,5364212000,3279600000
13025056000,10058821000,13446790000,542936000,26434116000,3817026000,2966235000,100.00,novo mercado,92.76,financeiro,exploração de imóveis,alos3,,2966235000
60917827000,132173544000,43137811000,1264117000,159422893000,39909114000,20371439000,100.00,novo mercado,50.69,materiais básicos,papel e celulose,suzb3,91627156000,71255717000
30200394000,35851928000,16846413000,1682473000,64292562000,32863984000,15093986000,0.10,novo mercado,48.41,consumo não cíclico,carnes e derivados,brfs3,20745520000,5651534000
83531741000,106889700000,40444121000,683509000,88719931000,13234427000,7925588000,100.00,novo mercado,49.74,utilidade pública,água e saneamento,sbsp3,31283547000,23357959000
72995000,844453000,779741000,187167000,2193027000,478724000,14947000,0.00,tradicional,59.66,bens industriais,construção pesada,azev3,786405000,771458000
3780265000,49916317000,3359095000,873040000,84130593000,28882919000,12381101000,100.00,novo mercado,26.00,financeiro,holdings diversificadas,simh3,58517153000,46136052000
4666830000,4930789000,3455688000,308245000,8869904000,4176956000,1003877000,100.00,novo mercado,32.93,consumo cíclico,tecidos. vestuário e calçados,ceab3,1267836000,263959000
4102831000,9253471000,6806909000,820566000,17988546000,4911424000,1461501000,100.00,novo mercado,36.77,materiais básicos,madeira,dxco3,6612141000,5150640000
1056854000,2963209000,1232630000,346509000,4585303000,1465549000,623332000,100.00,nível 1,49.46,bens industriais,construção pesada,arml3,2529687000,1906355000
33258044000,78344044000,35221000000,1213797000,110816000000,21358000000,5609000000,100.00,novo mercado,16.07,utilidade pública,energia elétrica,neoe3,50695000000,45086000000
12765095000,18551977000,8421329000,380253000,16581863000,2683796000,1032961000,0.10,novo mercado,49.56,utilidade pública,água e saneamento,csmg3,6819843000,5786882000
12343093000,14597523000,3737484000,674854000,14217072000,7341600000,2699316000,100.00,nível 1,58.62,bens industriais,serviços diversos,ggps3,4953746000,2254430000
103918533000,103918533000,122271222000,7498531000,1240333567000,264400814000,24371817000,100.00,nível 1,9.88,financeiro,bancos,sanb11,,
6396235000,6686464000,2762509000,236197000,4286200000,2704470000,186085000,100.00,novo mercado,53.31,consumo cíclico,acessórios,viva3,476314000,290229000
5145909000,25076784000,3777957000,696334000,32690853000,4228476000,2981531000,100.00,novo mercado,47.92,bens industriais,exploração de rodovias,ecor3,22912406000,19930875000
3570961000,3718674000,3076452000,327611000,5211775000,3734054000,837635000,100.00,novo mercado,34.93,telecomunicações,telecomunicações,intb3,985348000,147713000
8078196000,10467681000,2601003000,439988000,6278712000,923359000,284092000,100.00,novo mercado,43.34,bens industriais,serviços de apoio e armazenagem,port3,2673577000,2389485000
23306596000,52403284000,18226858000,2289424000,79416800000,17857182000,8717614000,100.00,nível 2,71.31,utilidade pública,energia elétrica,engi11,37814302000,29096688000
4510800000,3187385000,4019472000,902160000,4456298000,2912340000,1409822000,100.00,novo mercado,29.67,consumo cíclico,calçados,grnd3,86407000,1323415000
142589000,10182099000,15495962000,330121000,18729654000,4601185000,1149346000,100.00,nível 1,90.04,telecomunicações,telecomunicações,oibr3,11188856000,10039510000
407701000,279709000,489790000,195072000,3738105000,2711456000,624792000,100.00,novo mercado,95.63,consumo não cíclico,produtos diversos,ljqq3,496800000,127992000
35744670000,52726809000,25596150000,2982810000,60742037000,12093928000,2905739000,100.00,nível 2,100.00,utilidade pública,energia elétrica,cple3,19887878000,16982139000
2851698000,6107590000,4361183000,651072000,13339421000,4200378000,673350000,100.00,nível 1,31.40,bens industriais,máquinas e equipamentos industriais,cbav3,3929242000,3255892000
13333508000,20973815000,11991948000,633420000,24237607000,5611934000,1203615000,100.00,novo mercado,64.65,saúde,medicamentos e outros produtos,hype3,8843922000,7640307000
409584000,1939543000,1461366000,133851000,6462804000,3179783000,210416000,100.00,novo mercado,49.01,consumo cíclico,incorporações,hbor3,1740375000,1529959000
1097331000,2205331000,4376000000,200243000,16175000000,6356000000,775000000,0.10,nível 1,69.88,consumo cíclico,produtos diversos,amer3,1883000000,1108000000
2919795000,3349261000,1179662000,123094000,5850578000,3647393000,761207000,100.00,novo mercado,98.69,consumo cíclico,incorporações,tend3,1190673000,429466000
5131271000,7341470000,8339548000,206489000,15516832000,6865973000,823162000,100.00,novo mercado,56.14,consumo cíclico,tecidos. vestuário e calçados,azza3,3033361000,2210199000
3881168000,621989000,5207666000,82263000,15788614000,5780296000,4503158000,100.00,novo mercado,99.48,financeiro,seguradoras,irbr3,,4503158000
5261062000,5261062000,10833866000,408974000,156338226000,146627096000,3435018000,100.00,nível 1,50.61,financeiro,bancos,brsr6,,
3465527000,4638377000,4438631000,293440000,7201845000,1135282000,651548000,100.00,nível 1,93.96,petróleo. gás e biocombustíveis,exploração. refino e distribuição,recv3,1824398000,1172850000
7004609000,12837043000,5179102000,443329000,17610712000,7720453000,1149612000,100.00,novo mercado,43.81,consumo não cíclico,agricultura,slce3,6982046000,5832434000
2236178000,2086090000,993359000,66002000,1397078000,751456000,347151000,100.00,novo mercado,48.48,bens industriais,transporte rodoviário,tgma3,197063000,150088000
639032000,1584929000,1312984000,284014000,3801619000,1199774000,435514000,0.10,novo mercado,98.05,saúde,serviços médicos. hospitalares. análises e diagnósticos,qual3,1381411000,945897000
21658686000,49544102000,10192494000,6179682000,60335243000,15144906000,8082753000,100.00,nível 2,63.92,materiais básicos,papel e celulose,klbn4,35968169000,27885416000
14007254000,15094995000,10217395000,2209346000,20393545000,11817576000,1027777000,100.00,novo mercado,21.00,consumo não cíclico,produtos diversos,gmat3,2115518000,1087741000
1286796000,1272277000,728883000,179720000,1526025000,1007161000,358239000,100.00,novo mercado,98.19,bens industriais,máquinas e equipamentos industriais,kepl3,343720000,14519000
43658920000,68380069000,21481780000,1152254000,79238240000,16105849000,4210654000,100.00,novo mercado,16.29,utilidade pública,energia elétrica,cpfe3,28931803000,24721149000
7630530000,7621553000,2203628000,520500000,11566858000,5250822000,2124580000,100.00,novo mercado,62.51,consumo cíclico,incorporações,dirr3,2115603000,8977000
29962798000,20009060000,14482210000,646586000,50945015000,28063312000,9953738000,100.00,novo mercado,28.23,financeiro,seguradoras,pssa3,,9953738000
8945971000,8718208000,1329968000,291875000,5183964000,3005750000,1530875000,100.00,novo mercado,43.72,consumo cíclico,incorporações,cury3,1303112000,227763000
812333000,970220000,2971220000,820539000,5346369000,3620676000,498873000,100.00,nível 1,47.06,tecnologia da informação,computadores e equipamentos,mlas3,656760000,157887000
2869592000,5042570000,3155670000,244012000,8671530000,4664963000,410459000,100.00,novo mercado,60.31,consumo cíclico,produtos diversos,sbfg3,2583437000,2172978000
17716525000,29998318000,20601977000,658883000,43946662000,6605421000,1830261000,0.00,nível 1,64.18,utilidade pública,energia elétrica,isae4,14112054000,12281793000
10608662000,15910411000,11784306000,1511205000,24914480000,2970923000,1396323000,100.00,nível 2,79.97,utilidade pública,água e saneamento,sapr11,6698072000,5301749000
1937287000,8398201000,5588972000,372555000,26154614000,6482628000,3176380000,100.00,novo mercado,99.81,utilidade pública,energia elétrica,ligt3,9637294000,6460914000
1653536000,5999077000,2852589000,661414000,10301343000,3374080000,968011000,100.00,nível 1,46.26,saúde,medicamentos e outros produtos,onco3,5313552000,4345541000
6831660000,9049212000,4484862000,498297000,11584408000,7670246000,1846789000,100.00,nível 1,22.52,consumo não cíclico,agricultura,tten3,4064341000,2217552000
565782000,1179130000,1597858000,141800000,4162288000,2685925000,675876000,100.00,novo mercado,51.71,tecnologia da informação,computadores e equipamentos,posi3,1289224000,613348000
3394392000,3732336000,5015996000,220989000,7031122000,3134468000,1193769000,100.00,novo mercado,44.05,consumo cíclico,incorporações,eztc3,1531713000,337944000
3053627000,3237664000,911158000,204256000,3049801000,2561497000,553766000,100.00,novo mercado,26.62,financeiro,intermediação imobiliária,plpl3,737803000,184037000
5169370000,12703260000,6934315000,332435000,21912196000,6596560000,2790212000,100.00,novo mercado,41.10,consumo não cíclico,açucar e alcool,smto3,10324102000,7533890000
348646000,3200988000,1787203000,322820000,9204031000,4814005000,812400000,100.00,nível 1,56.46,saúde,serviços médicos. hospitalares. análises e diagnósticos,vveo3,3664742000,2852342000
9644932000,9644932000,7518664000,1269070000,66687123000,59411783000,2164000,100.00,nível 1,22.21,financeiro,bancos,bpan4,,
993695000,7536633000,7611977000,752799000,20220243000,5462136000,1407162000,0.00,tradicional,19.32,saúde,serviços médicos. hospitalares. análises e diagnósticos,dasa3,7950100000,6542938000
12391605000,21803433000,7612368000,1033496000,21504866000,3198267000,896883000,100.00,nível 2,63.44,utilidade pública,energia elétrica,taee11,10308711000,9411828000
6438164000,6258151000,4133329000,683062000,6194674000,3031060000,864577000,0.00,nível 1,27.74,consumo cíclico,calçados,alpa4,684564000,180013000
7292942000,6919040000,1291697000,552495000,2118058000,503735000,373902000,100.00,novo mercado,45.96,saúde,serviços médicos. hospitalares. análises e diagnósticos,odpv3,,373902000
4397952000,5170526000,5527430000,499200000,13546372000,8442818000,1200094000,0.00,nível 1,16.41,consumo cíclico,tecidos. vestuário e calçados,guar3,1972668000,772574000
6388008000,7318140000,24277714000,1253079000,40655884000,18064823000,6743961000,80.00,nível 1,53.95,materiais básicos,siderurgia,usim3,7674093000,930132000
5959260000,7889187000,2183556000,270016000,6637146000,3172894000,750162000,80.00,nível 1,33.14,bens industriais,material rodoviário,fras3,2680089000,1929927000
5284588000,5284588000,6581403000,244656000,62051325000,56432308000,558095000,100.00,nível 2,30.59,financeiro,bancos,abcb4,,
2245444000,2245444000,4472589000,583232000,48301069000,40285796000,537838000,100.00,nível 1,27.45,financeiro,bancos,bmgb4,,
366552000,613901000,937277000,286369000,2479058000,518772000,297723000,100.00,novo mercado,98.66,consumo cíclico,restaurante e similares,meal3,545072000,247349000
5043221000,4944879000,1513812000,357374000,2807640000,1804855000,910228000,0.00,tradicional,56.37,bens industriais,motores. compressores e outros,shul4,811886000,98342000
744904000,502679000,1038173000,152644000,2753333000,778332000,707624000,100.00,novo mercado,22.82,financeiro,exploração de imóveis,syne3,465399000,242225000
33004277000,54436817000,12309470000,815927000,53308650000,8824865000,5660413000,100.00,novo mercado,31.28,utilidade pública,energia elétrica,egie3,27092953000,21432540000
2036004000,3492865000,2778335000,581715000,9115564000,4959877000,243778000,100.00,novo mercado,31.17,saúde,medicamentos e outros produtos,pgmn3,1700639000,1456861000
1661708000,5578434000,4317766000,153719000,14920051000,6926163000,1678690000,100.00,novo mercado,84.74,consumo cíclico,automóveis e motocicletas,mypk3,5595416000,3916726000
10608662000,15910411000,11784306000,1511205000,24914480000,2970923000,1396323000,100.00,nível 2,79.97,utilidade pública,água e saneamento,sapr4,6698072000,5301749000
1711500000,5432455000,3429756000,350000000,11340162000,6364479000,1907191000,100.00,novo mercado,27.08,consumo não cíclico,alimentos diversos,caml3,5628146000,3720955000
610258000,1218009000,1274569000,126634000,2563359000,1480437000,194378000,100.00,nível 2,59.85,bens industriais,armas e munições,tasa4,802129000,607751000
1343748000,1632001000,1353141000,135322000,3586824000,2521794000,564911000,100.00,novo mercado,43.03,consumo não cíclico,agricultura,soja3,853164000,288253000
2093715000,3248697000,1422134000,239829000,3768111000,1243755000,627105000,100.00,tradicional,44.27,materiais básicos,papel e celulose,rani3,1782087000,1154982000
362807000,847522000,992548000,105774000,2310159000,1889252000,182609000,100.00,novo mercado,54.06,consumo cíclico,incorporações,mtre3,667324000,484715000
798315000,4236092000,1989207000,303541000,7445998000,2616614000,1506471000,100.00,nível 1,31.69,consumo não cíclico,açucar e alcool,jall3,4944248000,3437777000
5303612000,5446428000,2356047000,274656000,3348381000,2284442000,211761000,100.00,novo mercado,35.08,consumo cíclico,calçados,vulc3,354577000,142816000
10816700000,19895355000,8570256000,988880000,31334837000,6556473000,3696420000,100.00,nível 2,34.43,utilidade pública,energia elétrica,alup11,12775075000,9078655000
180341000,18293000,306081000,202630000,420928000,242259000,198635000,100.00,nível 1,72.16,consumo cíclico,tecidos. vestuário e calçados,enju3,,198635000
1845348000,1371914000,1127179000,87003000,1620653000,1084743000,492436000,100.00,novo mercado,93.58,tecnologia da informação,programas e serviços,bmob3,19002000,473434000
2753935000,3995905000,1530489000,234178000,3784204000,1224853000,519216000,0.10,novo mercado,72.98,bens industriais,serviços diversos,mils3,1761186000,1241970000
142805475000,183258200000,118706918000,2588720000,274960124000,49985173000,29837143000,0.00,nível 1,97.21,utilidade pública,energia elétrica,elet6,70289868000,40452725000
2205945000,2387641000,1690841000,84909000,4576479000,2307959000,316610000,0.00,novo mercado,62.91,consumo cíclico,incorporações,mdne3,498306000,181696000
2825400000,2151233000,3369258000,353175000,4276434000,1797892000,971918000,0.00,nível 1,45.83,materiais básicos,siderurgia,fesa4,297751000,674167000
296000,397184000,3429785000,29691000,514542000,345337000,29684000,100.00,novo mercado,99.95,consumo cíclico,incorporações,pdgr3,426572000,396888000
76684000,1501574000,2002085000,11162000,5154481000,3036365000,202162000,100.00,novo mercado,99.82,consumo cíclico,incorporações,gfsa3,1627052000,1424890000
4404692000,5374146000,1402852000,82950000,4045501000,1366939000,932773000,100.00,novo mercado,55.82,utilidade pública,água e saneamento,orvr3,1902227000,969454000
1430924000,2180701000,1451793000,333548000,4338669000,1499516000,638213000,100.00,nível 1,28.41,bens industriais,máquinas e equipamentos de construção e agrícolas,matd3,1387990000,749777000
378339879000,378339879000,208547000000,10784548000,2877420000000,2696898000000,32177000000,80.00,nível 1,52.98,financeiro,bancos,itub3,,
1412000000,1614417000,1896158000,200000000,5127147000,3920508000,923312000,100.00,novo mercado,97.15,consumo cíclico,incorporações,even3,1125729000,202417000
1279492000,1858257000,1314456000,128721000,3377912000,952940000,250983000,100.00,novo mercado,40.60,consumo cíclico,serviços educacionais,seer3,829748000,578765000
2677751000,3388701000,1563364000,199534000,3827977000,2833339000,138087000,100.00,novo mercado,37.00,consumo cíclico,incorporações,lavv3,849037000,710950000
1822712000,2449071000,1542863000,364542000,4659040000,994728000,655979000,100.00,nível 1,12.39,consumo cíclico,serviços educacionais,csed3,1282338000,626359000
1301645000,1399267000,642431000,159907000,2445103000,556281000,304768000,100.00,novo mercado,47.07,financeiro,corretoras de seguros,wizc3,402390000,97622000
1556813000,1792220000,1265577000,362049000,2304204000,554638000,317212000,100.00,nível 1,24.96,telecomunicações,telecomunicações,fiqe3,552619000,235407000
710155000,1072395000,340311000,46720000,1429335000,806837000,367896000,100.00,novo mercado,94.42,bens industriais,serviços diversos,prnr3,730136000,362240000
1812311000,4419870000,3163243000,144177000,10129697000,6346581000,1436624000,100.00,novo mercado,99.76,bens industriais,material rodoviário,tupy3,4044183000,2607559000
1566778000,8192277000,1819294000,286431000,12228958000,4527230000,1393970000,100.00,novo mercado,22.06,bens industriais,transporte rodoviário,jslg3,8019469000,6625499000
535750000,1533904000,248654000,140986000,3625763000,1258454000,286666000,100.00,novo mercado,100.00,bens industriais,produtos para construção,ptbl3,1284820000,998154000
1906291000,1906291000,1165009000,226739000,30050215000,27091662000,45774000,100.00,nível 2,24.22,financeiro,bancos,pine4,,
2289066000,2495003000,2266033000,179393000,3470558000,1625863000,297922000,100.00,nível 1,16.55,saúde,serviços médicos. hospitalares. análises e diagnósticos,blau3,503859000,205937000
1235181000,2886677000,1538276000,438007000,4098291000,635960000,350651000,100.00,nível 1,20.04,telecomunicações,telecomunicações,brst3,2002147000,1651496000
1499696000,2750019000,916790000,199959000,2809573000,869810000,301714000,100.00,nível 1,37.82,utilidade pública,água e saneamento,opct3,1552037000,1250323000
438553000,1893656000,2006511000,103188000,5204727000,563356000,190278000,100.00,nível 1,47.14,financeiro,intermediação imobiliária,hbre3,1645381000,1455103000
3654131000,4835203000,739079000,135539000,3732397000,2295126000,208873000,100.00,novo mercado,39.00,consumo cíclico,automóveis e motocicletas,leve3,1389945000,1181072000
798262000,838608000,1069819000,206269000,2596784000,1938031000,398683000,100.00,novo mercado,92.04,consumo cíclico,incorporações,melk3,439029000,40346000
963744000,1825173000,1472331000,275355000,4243381000,904569000,259808000,100.00,novo mercado,38.45,consumo cíclico,restaurante e similares,zamp3,1121237000,861429000
898880000,1743154000,1336385000,123812000,5370605000,3738630000,246566000,100.00,novo mercado,73.46,saúde,medicamentos e outros produtos,pfrm3,1090840000,844274000
,450544000,807141000,314987000,15480372000,15333387000,450544000,100.00,nível 2,44.99,financeiro,bancos,brbi11,,
1378961000,2406520000,1234102000,150377000,3326445000,1914041000,194052000,100.00,tradicional,47.41,saúde,medicamentos e outros produtos,pnvl3,1221611000,1027559000
21658686000,49544102000,10192494000,6179682000,60335243000,15144906000,8082753000,100.00,nível 2,63.92,materiais básicos,papel e celulose,klbn3,35968169000,27885416000
55415000,1040675000,758373000,53801000,1232160000,186900000,21850000,100.00,novo mercado,99.89,tecnologia da informação,programas e serviços,seql3,1007110000,985260000
41599000,41595000,23642000,31822000,41658000,13921000,4000,0.00,tradicional,61.28,bens industriais,material rodoviário,rcsl3,,4000
1879307000,3969547000,3740220000,87859000,7166963000,1512564000,280694000,100.00,novo mercado,57.32,financeiro,exploração de imóveis,logg3,2370934000,2090240000
1306322000,1704576000,1534996000,186617000,3292028000,2862338000,567173000,100.00,novo mercado,38.37,consumo cíclico,incorporações,tris3,965427000,398254000
9085891000,10442775000,4175411000,1136271000,9494733000,5717711000,1954669000,100.00,nível 2,76.12,bens industriais,material rodoviário,pomo3,3311553000,1356884000
1635090000,1695956000,1742327000,81836000,2863658000,1412082000,512519000,100.00,novo mercado,95.08,bens industriais,serviços diversos,vlid3,573385000,60866000
383108000,1012115000,871729000,361423000,2227081000,1033177000,183354000,100.00,nível 1,52.20,financeiro,outros,espa3,812361000,629007000
382425000,1026596000,1292895000,373114000,3026411000,277677000,87403000,100.00,nível 2,23.69,utilidade pública,energia elétrica,rnew4,731574000,644171000
10608662000,15910411000,11784306000,1511205000,24914480000,2970923000,1396323000,100.00,nível 2,79.97,utilidade pública,água e saneamento,sapr3,6698072000,5301749000
8939430000,8656543000,8140166000,339000000,12704185000,5910532000,2154431000,100.00,novo mercado,19.58,consumo não cíclico,alimentos diversos,mdia3,1871544000,282887000
1443695000,3236974000,2736285000,134172000,5946304000,950109000,558642000,100.00,novo mercado,0.00,consumo cíclico,serviços educacionais,vtru3,2351921000,1793279000
16105076000,16227724000,510935000,946244000,822781000,562662000,23674000,0.00,novo mercado,5.66,consumo cíclico,vestuário,tfco4,146322000,122648000
695953000,843458000,601557000,150314000,910741000,530450000,63607000,100.00,nível 1,31.87,consumo não cíclico,agricultura,vitt3,211112000,147505000
93648000,5336532000,6658139000,81433000,1559819000,342941000,37239000,100.00,novo mercado,100.00,materiais básicos,artefatos de cobre,pmam3,5280123000,5242884000
2077286000,3228773000,2177728000,102683000,3837002000,1177848000,159816000,100.00,novo mercado,62.15,consumo não cíclico,agricultura,agro3,1311303000,1151487000
450465000,3204887000,2241003000,37886000,8630074000,4835201000,273628000,100.00,novo mercado,0.00,consumo cíclico,automóveis e motocicletas,amob3,3028050000,2754422000
724868000,1253108000,1221272000,93170000,2509206000,1498555000,246472000,100.00,novo mercado,53.55,bens industriais,máquinas e equipamentos industriais,romi3,774712000,528240000
241026000,1867207000,63526000,62120000,2044103000,750573000,67568000,100.00,nível 1,57.08,bens industriais,máquinas e equipamentos industriais,aeri3,1693749000,1626181000
8299707000,9357333000,2809925000,113173000,7539380000,3075524000,1747534000,0.00,tradicional,55.28,materiais básicos,químicos diversos,unip6,2805160000,1057626000
850552000,860425000,1014217000,109310000,1577581000,1015989000,227309000,100.00,tradicional,99.67,materiais básicos,petroquímicos,dexp3,237182000,9873000
399922000,342153000,307565000,42275000,385877000,193730000,60375000,0.00,tradicional,49.84,consumo cíclico,calçados,camb3,2606000,57769000
12391605000,21803433000,7612368000,1033496000,21504866000,3198267000,896883000,100.00,nível 2,63.44,utilidade pública,energia elétrica,taee4,10308711000,9411828000
1501973000,2623135000,1386656000,115625000,3994975000,953692000,666010000,100.00,nível 1,31.01,telecomunicações,telecomunicações,desk3,1787172000,1121162000
120382226000,124493226000,89574000000,10993810000,114124000000,13025000000,7323000000,80.00,nível 1,65.74,financeiro,holdings diversificadas,itsa3,11434000000,4111000000
33539745000,45824825000,28473167000,2861781000,63411229000,13612195000,2978857000,80.00,nível 1,81.34,utilidade pública,energia elétrica,cmig3,15263937000,12285080000
590474000,1253091000,289343000,513456000,2018171000,526997000,10248000,0.10,novo mercado,46.13,consumo cíclico,tecidos. vestuário e calçados,amar3,672865000,662617000
265021000,410561000,826833000,61776000,1359088000,549632000,10056000,100.00,nível 1,98.69,bens industriais,produtos para construção,eter3,155596000,145540000
6829352000,8598173000,4177323000,1214491000,7791679000,1940835000,1598187000,0.00,tradicional,55.81,financeiro,exploração de imóveis,igti3,3367008000,1768821000
184443000,113871000,242580000,147554000,403897000,120111000,70572000,100.00,tradicional,70.66,financeiro,intermediação imobiliária,lpsb3,,70572000
96441000,595432000,319278000,73619000,1147146000,339408000,73627000,100.00,novo mercado,61.24,consumo cíclico,incorporações,tcsa3,572618000,498991000
103918533000,103918533000,122271222000,7498531000,1240333567000,264400814000,24371817000,100.00,nível 1,9.88,financeiro,bancos,sanb3,,
103918533000,103918533000,122271222000,7498531000,1240333567000,264400814000,24371817000,100.00,nível 1,9.88,financeiro,bancos,sanb4,,
6514967000,6220906000,8768448000,393096000,8818001000,294544000,294061000,80.00,nível 1,71.57,financeiro,holdings diversificadas,brap3,,294061000
727030000,1966353000,350870000,217024000,2606990000,558443000,323674000,100.00,novo mercado,40.85,bens industriais,serviços diversos,alpk3,1562997000,1239323000
178774000,171433000,36928000,47609000,51611000,18457000,7341000,0.00,tradicional,11.43,financeiro,outros,fict3,,7341000
6806724000,6243389000,2227523000,1502786000,9973677000,6749226000,2378178000,0.00,tradicional,100.00,consumo cíclico,eletrodomésticos,whrl4,1814843000,563335000
5658028000,41923028000,3805000000,797207000,91303000000,30743000000,10304000000,100.00,nível 1,34.97,materiais básicos,petroquímicos,brkm3,46569000000,36265000000
382425000,1026596000,1292895000,373114000,3026411000,277677000,87403000,100.00,nível 2,23.69,utilidade pública,energia elétrica,rnew3,731574000,644171000
1676749000,2225291000,2727993000,92619000,4749923000,1756839000,371408000,0.00,nível 1,56.01,materiais básicos,madeira,euca4,919950000,548542000
1169293000,7525703000,1093325000,1670418000,16918392000,7328510000,4684887000,100.00,novo mercado,33.34,utilidade pública,água e saneamento,ambp3,11041297000,6356410000
12391605000,21803433000,7612368000,1033496000,21504866000,3198267000,896883000,100.00,nível 2,63.44,utilidade pública,energia elétrica,taee3,10308711000,9411828000
296149000,557972000,944000,260509000,921921000,497143000,116036000,0.00,tradicional,100.00,consumo não cíclico,produtos de limpeza,bobr4,377859000,261823000
96625000,196546000,293687000,50855000,313039000,305396000,293897000,100.00,novo mercado,30.40,bens industriais,serviços diversos,reag3,725000,293172000
267270000,353196000,332505000,22500000,630349000,252398000,11635000,0.00,tradicional,59.77,bens industriais,máquinas e equipamentos industriais,ealt4,97561000,85926000
228724000,231747000,902299000,50602000,1893442000,620355000,30999000,0.10,novo mercado,32.87,saúde,medicamentos e outros produtos,dmvf3,34022000,3023000
146890000,93647000,7433374000,67691000,10287823000,9817361000,53243000,0.00,tradicional,33.27,petróleo. gás e biocombustíveis,exploração. refino e distribuição,rpmg3,,53243000
33572903000,42689412000,54922968000,2028194000,86854070000,33306852000,8973850000,100.00,nível 1,58.69,materiais básicos,siderurgia,ggbr3,18090359000,9116509000
9940295000,19042865000,19373882000,993705000,86914266000,33366538000,8987789000,100.00,nível 1,70.19,materiais básicos,siderurgia,goau3,18090359000,9102570000
78674000,317848000,117903000,79469000,644043000,385604000,66505000,0.00,tradicional,44.31,financeiro,serviços financeiros diversos,pdtc3,305679000,239174000
610258000,1218009000,1274569000,126634000,2563359000,1480437000,194378000,100.00,nível 2,59.85,bens industriais,armas e munições,tasa3,802129000,607751000
417972000,448682000,417855000,64106000,688254000,456563000,66478000,100.00,novo mercado,38.44,consumo cíclico,acessórios,tecn3,97188000,30710000
237664000,124309000,441259000,9140000,594134000,213419000,131862000,100.00,novo mercado,43.09,tecnologia da informação,programas e serviços,ngrd3,18507000,113355000
42404000,218929000,106634000,43716000,491172000,130119000,2108000,100.00,novo mercado,82.71,petróleo. gás e biocombustíveis,equipamentos e serviços,lupa3,178633000,176525000
3128808000,8544890000,5245554000,119202000,15178531000,3042076000,184548000,0.00,tradicional,36.51,utilidade pública,energia elétrica,coce5,5600630000,5416082000
23306596000,52403284000,18226858000,2289424000,79416800000,17857182000,8717614000,100.00,nível 2,71.31,utilidade pública,energia elétrica,engi3,37814302000,29096688000
734844000,714771000,493056000,41800000,708924000,205453000,78053000,100.00,novo mercado,44.32,bens industriais,serviços diversos,csud3,57980000,20073000
611573000,933621000,1059074000,118292000,2878610000,742340000,116421000,100.00,novo mercado,6.19,saúde,serviços médicos. hospitalares. análises e diagnósticos,aalr3,438469000,322048000
81286000,154629000,184099000,66086000,378719000,106246000,38801000,100.00,novo mercado,43.14,consumo cíclico,móveis,ucas3,112144000,73343000
37683000,6441000,128624000,6741000,400055000,231880000,95651000,100.00,novo mercado,49.34,consumo cíclico,produção de eventos e shows,show3,64409000,31242000
4093378000,4044307000,7028044000,56058000,59112008000,2817940000,49071000,0.00,tradicional,2.99,financeiro,bancos,baza3,,
801458000,1014831000,1499159000,94735000,3335841000,2399398000,237030000,100.00,novo mercado,29.32,telecomunicações,telecomunicações,alld3,450403000,213373000
188498000,164551000,186935000,40021000,228714000,121268000,23974000,100.00,nível 1,25.54,telecomunicações,telecomunicações,trad3,27000,23947000
10816700000,19895355000,8570256000,988880000,31334837000,6556473000,3696420000,100.00,nível 2,34.43,utilidade pública,energia elétrica,alup4,12775075000,9078655000
57861000,996093000,1498347000,44605000,920668000,107902000,691000,0.00,tradicional,85.61,bens industriais,máquinas e equipamentos industriais,inep3,938923000,938232000
142589000,10182099000,15495962000,330121000,18729654000,4601185000,1149346000,80.00,nível 1,90.04,telecomunicações,telecomunicações,oibr4,11188856000,10039510000
224584000,52627000,1116516000,53857000,3396446000,2547516000,315309000,100.00,novo mercado,10.02,materiais básicos,fertilizantes e defensivos,fher3,38097000,277212000
808306000,835264000,732067000,96226000,922242000,32057000,16605000,100.00,novo mercado,54.36,consumo não cíclico,agricultura,land3,43563000,26958000
922128000,447656000,1553866000,93597000,4171620000,2061528000,1378095000,0.00,tradicional,3.43,telecomunicações,telecomunicações,telb4,8310000,1369785000
234080000,102111000,644725000,64663000,1438122000,710300000,131969000,100.00,nível 1,32.77,telecomunicações,telecomunicações,lvtc3,,131969000
631160000,462408000,949228000,20585000,1304535000,575911000,168752000,100.00,tradicional,55.95,consumo cíclico,tecidos. vestuário e calçados,cgra4,,168752000
37349000,46959000,43263000,13244000,136774000,100668000,5816000,100.00,tradicional,24.56,materiais básicos,fertilizantes e defensivos,nutr3,15426000,9610000
1206709000,1947291000,1528951000,57737000,2893655000,773190000,325550000,0.10,nível 1,38.65,financeiro,exploração de imóveis,scar3,1066132000,740582000
173360000,1480662000,875895000,44000000,2649065000,187599000,42838000,100.00,novo mercado,42.11,bens industriais,exploração de rodovias,tpis3,1350140000,1307302000
2802078000,2802078000,2362681000,347504000,38914230000,29129246000,8115448000,100.00,tradicional,4.59,financeiro,bancos,bees3,,
96726000,1349678000,2009675000,16969000,3488816000,1723009000,251712000,100.00,nível 1,37.28,consumo não cíclico,agricultura,agxy3,1504664000,1252952000
9074646000,15894646000,2333000000,193759000,12292000000,3208000000,588000000,0.00,tradicional,0.32,utilidade pública,energia elétrica,ektr4,7408000000,6820000000
3280682000,3034129000,3984960000,363046000,74509301000,68245397000,246553000,0.00,tradicional,11.55,financeiro,bancos,bsli3,,
291808000,433273000,529743000,48046000,1063020000,594884000,245294000,80.00,tradicional,66.52,consumo cíclico,fios e tecidos,ptnt4,386759000,141464000
2802078000,2802078000,2362681000,347504000,38914230000,29129246000,8115448000,100.00,tradicional,4.59,financeiro,bancos,bees4,,
10816700000,19895355000,8570256000,988880000,31334837000,6556473000,3696420000,100.00,nível 2,34.43,utilidade pública,energia elétrica,alup3,12775075000,9078655000
57861000,996093000,1498347000,44605000,920668000,107902000,691000,0.00,tradicional,85.61,bens industriais,máquinas e equipamentos industriais,inep4,938923000,938232000
64643000,61653000,40889000,14860000,56747000,6445000,2990000,0.00,tradicional,12.92,financeiro,holdings diversificadas,epar3,,2990000
1268415000,1298996000,238009000,126841000,417966000,197762000,77015000,0.00,tradicional,56.32,saúde,medicamentos e outros produtos,biom3,107596000,30581000
233115734000,233115734000,63703322000,11506119000,545461564000,473688143000,1375548000,100.00,nível 1,29.94,financeiro,bancos,bpac5,,
30692000,38325000,82564000,38366000,236917000,103514000,13546000,100.00,novo mercado,99.37,consumo cíclico,incorporações,vivr3,21179000,7633000
4736458000,4736458000,2069559000,104831000,29803895000,21859458000,5844723000,0.00,tradicional,46.32,financeiro,bancos,bmeb4,,
3280682000,3034129000,3984960000,363046000,74509301000,68245397000,246553000,0.00,tradicional,11.55,financeiro,bancos,bsli4,,
1728378000,8968054000,3056777000,329330000,17465355000,9104660000,1725995000,80.00,nível 1,60.10,bens industriais,material rodoviário,rapt3,8965671000,7239676000
546062000,857890000,1045955000,114000000,1679929000,517712000,33516000,100.00,novo mercado,96.56,consumo cíclico,tecidos. vestuário e calçados,vste3,345344000,311828000
104411000,151514000,245402000,13283000,222039000,106592000,51108000,100.00,nível 1,29.51,financeiro,outros,dotz3,98211000,47103000
156468000,115823000,253700000,6072000,422220000,238371000,54664000,0.00,tradicional,23.31,bens industriais,material rodoviário,rsul4,14019000,40645000
922128000,447656000,1553866000,93597000,4171620000,2061528000,1378095000,0.00,tradicional,3.43,telecomunicações,telecomunicações,telb3,8310000,1369785000
2622941000,4012429000,1045703000,107058000,3962692000,1082393000,295619000,100.00,novo mercado,24.26,bens industriais,transporte hidroviário,logn3,1685107000,1389488000
1906291000,1906291000,1165009000,226739000,30050215000,27091662000,45774000,100.00,nível 2,24.22,financeiro,bancos,pine3,,
19340000,291488000,95439000,12318000,785887000,719833000,6756000,0.00,tradicional,0.82,consumo cíclico,incorporações,jfen3,278904000,272148000
54902000,44442000,218842000,11091000,294382000,170049000,107106000,100.00,nível 1,99.66,consumo cíclico,utensílios domésticos,west3,7761000,99345000
23306596000,52403284000,18226858000,2289424000,79416800000,17857182000,8717614000,100.00,nível 2,71.31,utilidade pública,energia elétrica,engi4,37814302000,29096688000
5261062000,5261062000,10833866000,408974000,156338226000,146627096000,3435018000,80.00,nível 1,50.61,financeiro,bancos,brsr3,,
12428154000,17090243000,4674066000,2213527000,17935501000,5693219000,2145849000,0.00,tradicional,2.12,utilidade pública,energia elétrica,eqpa3,6807938000,4662089000
1717608000,1139884000,1076041000,72081000,1480516000,795141000,577724000,0.00,tradicional,19.85,utilidade pública,energia elétrica,cebr3,,577724000
3781141000,7578210000,3876464000,38571000,12998858000,3671456000,376351000,0.10,nível 2,75.46,utilidade pública,energia elétrica,clsc4,4173420000,3797069000
233115734000,233115734000,63703322000,11506119000,545461564000,473688143000,1375548000,100.00,nível 1,29.94,financeiro,bancos,bpac3,,
7366000,7149392000,8900601000,3148000,1396709000,18512000,10304000,100.00,novo mercado,50.58,petróleo. gás e biocombustíveis,equipamentos e serviços,osxb3,7152330000,7142026000
6806724000,6243389000,2227523000,1502786000,9973677000,6749226000,2378178000,0.00,tradicional,100.00,consumo cíclico,eletrodomésticos,whrl3,1814843000,563335000
300808000,795484000,134409000,195330000,1373722000,529085000,210245000,100.00,novo mercado,21.36,consumo cíclico,incorporações,avll3,704921000,494676000
176593000,724660000,20798000,5783000,721065000,289179000,19525000,0.00,tradicional,49.03,materiais básicos,artefatos de ferro e aço,mgel4,567592000,548067000
1717608000,1139884000,1076041000,72081000,1480516000,795141000,577724000,0.00,tradicional,19.85,utilidade pública,energia elétrica,cebr5,,577724000
10684526000,25765526000,8461000000,262096000,31978000000,5329000000,452000000,0.00,tradicional,1.01,utilidade pública,energia elétrica,ceeb3,15533000000,15081000000
1218168000,1476925000,657578000,53949000,1328002000,833913000,147599000,100.00,novo mercado,42.94,saúde,medicamentos e outros produtos,ofsa3,406356000,258757000
18836000,195034000,230512000,25260000,632088000,192847000,33751000,0.00,tradicional,56.36,consumo cíclico,fios e tecidos,ctsa4,209949000,176198000
382425000,1026596000,1292895000,373114000,3026411000,277677000,87403000,100.00,nível 2,23.69,utilidade pública,energia elétrica,rnew11,731574000,644171000
378630000,282738000,586901000,29018000,907091000,567957000,103895000,0.00,tradicional,28.36,materiais básicos,químicos diversos,crpg5,8003000,95892000
631160000,462408000,949228000,20585000,1304535000,575911000,168752000,100.00,tradicional,55.95,consumo cíclico,tecidos. vestuário e calçados,cgra3,,168752000
16513367000,23773928000,1715477000,132520000,14392431000,3939588000,1338135000,0.00,nível 1,0.86,utilidade pública,gás,cgas5,8598696000,7260561000
2988710000,2741319000,1262988000,36947000,2195449000,641537000,247391000,0.00,tradicional,60.06,utilidade pública,energia elétrica,emae4,,247391000
6438164000,6258151000,4133329000,683062000,6194674000,3031060000,864577000,80.00,nível 1,27.74,consumo cíclico,calçados,alpa3,684564000,180013000
538024000,538024000,838361000,18558000,13515374000,12799379000,100821000,100.00,tradicional,8.54,financeiro,bancos,bgip4,,
17716525000,29998318000,20601977000,658883000,43946662000,6605421000,1830261000,80.00,nível 1,64.18,utilidade pública,energia elétrica,isae3,14112054000,12281793000
8299707000,9357333000,2809925000,113173000,7539380000,3075524000,1747534000,80.00,tradicional,55.28,materiais básicos,químicos diversos,unip3,2805160000,1057626000
13506069000,27088780000,4365337000,2110323000,31875451000,8535134000,3887251000,0.00,tradicional,0.25,utilidade pública,energia elétrica,rede3,17469962000,13582711000
193452000,132350000,181542000,9800000,287483000,209667000,83391000,0.00,tradicional,34.89,saúde,equipamentos,balm4,22289000,61102000
213108000,154392000,135885000,5222000,194595000,106473000,58716000,0.00,tradicional,28.89,consumo não cíclico,carnes e derivados,bauh4,,58716000
8975000,4750000,54476000,2655000,29738000,15872000,4643000,100.00,novo mercado,39.11,financeiro,exploração de imóveis,nexp3,418000,4225000
3248000,3247000,6470000,918000,774000,1000,1000,0.00,tradicional,3.89,financeiro,outros,mapt4,,1000
286134000,183828000,191451000,7100000,428604000,222959000,102306000,0.00,tradicional,42.32,consumo não cíclico,carnes e derivados,mnpr3,,102306000
88852000,585044000,194587000,43769000,1334680000,656846000,52035000,100.00,novo mercado,34.36,consumo cíclico,incorporações,rdni3,548227000,496192000
1717608000,1139884000,1076041000,72081000,1480516000,795141000,577724000,0.00,tradicional,19.85,utilidade pública,energia elétrica,cebr6,,577724000
3260466000,3328100000,1756413000,94433000,3558826000,745717000,588738000,0.00,tradicional,3.81,utilidade pública,energia elétrica,gepa4,656372000,67634000
616098000,5925286000,3777377000,68254000,8602979000,2686529000,1011820000,nível 1,0.26,80.00,utilidade pública,energia elétrica,ceed3,6321008000,5309188000
9074646000,15894646000,2333000000,193759000,12292000000,3208000000,588000000,0.00,tradicional,0.32,utilidade pública,energia elétrica,ektr3,7408000000,6820000000
850552000,860425000,1014217000,109310000,1577581000,1015989000,227309000,100.00,tradicional,99.67,materiais básicos,petroquímicos,dexp4,237182000,9873000
267270000,353196000,332505000,22500000,630349000,252398000,11635000,0.00,tradicional,59.77,bens industriais,máquinas e equipamentos industriais,ealt3,97561000,85926000
84283000,52725000,34482000,18372000,519672000,98841000,31563000,0.00,tradicional,13.95,consumo cíclico,hotelaria,hoot4,5000,31558000
516520000,371990000,469617000,8789000,579784000,446427000,172661000,0.00,tradicional,34.76,bens industriais,máquinas e equipamentos de construção e agrícolas,mtsa4,28131000,144529000
18836000,195034000,230512000,25260000,632088000,192847000,33751000,0.00,tradicional,56.36,consumo cíclico,fios e tecidos,ctsa3,209949000,176198000
452574000,399163000,1087490000,84682000,1091335000,55100000,53411000,0.00,nível 1,24.65,financeiro,serviços financeiros diversos,rpad3,,53411000
378630000,282738000,586901000,29018000,907091000,567957000,103895000,0.00,tradicional,28.36,materiais básicos,químicos diversos,crpg3,8003000,95892000
32435000,384093000,972058000,20272000,503144000,252399000,27944000,100.00,novo mercado,94.94,consumo cíclico,incorporações,rsid3,379602000,351658000
291808000,433273000,529743000,48046000,1063020000,594884000,245294000,80.00,tradicional,66.52,consumo cíclico,fios e tecidos,ptnt3,386759000,141464000
692843000,661122000,909591000,18908000,1291302000,246071000,190852000,0.00,tradicional,49.58,financeiro,holdings diversificadas,peab4,159131000,31721000
15430000,13084000,51172000,11900000,67033000,59597000,49268000,0.00,tradicional,75.75,bens industriais,produtos para construção,haga4,20754000,28514000
918841000,505171000,894480000,12251000,2028270000,1211400000,1134130000,0.00,tradicional,4.60,financeiro,holdings diversificadas,moar3,720460000,413670000
1676749000,2225291000,2727993000,92619000,4749923000,1756839000,371408000,80.00,nível 1,56.01,materiais básicos,madeira,euca3,919950000,548542000
8299707000,9357333000,2809925000,113173000,7539380000,3075524000,1747534000,0.00,tradicional,55.28,materiais básicos,químicos diversos,unip5,2805160000,1057626000
578681000,525521000,328504000,2947000,395876000,227332000,55668000,0.00,tradicional,31.65,materiais básicos,artefatos de ferro e aço,tkno3,2508000,53160000
16513367000,23773928000,1715477000,132520000,14392431000,3939588000,1338135000,0.00,nível 1,0.86,utilidade pública,gás,cgas3,8598696000,7260561000
116568000,81785000,64217000,2457000,117185000,68084000,34783000,0.00,tradicional,13.02,bens industriais,engenharia consultiva,sond5,,34783000
8469616000,13338203000,8230908000,340000000,19994912000,3386899000,2268610000,0.00,tradicional,1.84,bens industriais,transporte ferroviário,mrsa5b,7137197000,4868587000
751984000,1108315000,805027000,36414000,1492460000,866120000,92822000,0.00,tradicional,15.11,bens industriais,material de transporte,wlmm4,449153000,356331000
220033000,589758000,35502000,6205000,712914000,471967000,58879000,0.00,tradicional,12.86,consumo cíclico,fios e tecidos,ctka4,428604000,369725000
197811000,45307000,258956000,454000,330810000,280216000,156126000,0.00,tradicional,22.00,consumo cíclico,bicicletas,bmks3,3622000,152504000
35744670000,52726809000,25596150000,2982810000,60742037000,12093928000,2905739000,100.00,nível 2,100.00,utilidade pública,energia elétrica,cple5,19887878000,16982139000
2279000,2279000,9000,2814000,806000,797000,,0.00,tradicional,100.00,financeiro,gestão de recursos e investimentos,ppla11,,
255717000,246117000,251557000,8543000,543484000,236013000,13234000,0.00,tradicional,3.25,consumo cíclico,produção de eventos e shows,aheb3,3634000,9600000
15430000,13084000,51172000,11900000,67033000,59597000,49268000,0.00,tradicional,75.75,bens industriais,produtos para construção,haga3,20754000,28514000
179372000,676080000,150298000,9921000,1437828000,607376000,4287000,0.00,tradicional,67.22,consumo cíclico,acessórios,mndl3,500995000,496708000
136491000,532077000,302543000,10000000,960574000,400913000,11511000,80.00,nível 1,61.57,consumo cíclico,fios e tecidos,cedo4,407097000,395586000
946286000,954840000,773997000,23932000,1517221000,1093845000,393664000,0.00,tradicional,34.71,materiais básicos,artefatos de ferro e aço,pati3,402218000,8554000
578681000,525521000,328504000,2947000,395876000,227332000,55668000,0.00,tradicional,31.65,materiais básicos,artefatos de ferro e aço,tkno4,2508000,53160000
2825400000,2151233000,3369258000,353175000,4276434000,1797892000,971918000,80.00,nível 1,45.83,materiais básicos,siderurgia,fesa3,297751000,674167000
116568000,81785000,64217000,2457000,117185000,68084000,34783000,0.00,tradicional,13.02,bens industriais,engenharia consultiva,sond6,,34783000
13358000,183463000,245464000,1600000,517009000,214167000,8776000,0.00,nível 1,76.94,bens industriais,máquinas e equipamentos industriais,bdll4,178881000,170105000
292277000,521973000,659465000,9133000,1677665000,170147000,64713000,0.00,tradicional,63.98,financeiro,exploração de imóveis,hbts5,294409000,229696000
136491000,532077000,302543000,10000000,960574000,400913000,11511000,80.00,nível 1,61.57,consumo cíclico,fios e tecidos,cedo3,407097000,395586000
490168000,497569000,240521000,63084000,353121000,86283000,23212000,0.00,tradicional,1.33,utilidade pública,energia elétrica,aflt3,30613000,7401000
42303000,239635000,592373000,8083000,354604000,134913000,397000000,0.00,tradicional,68.43,consumo cíclico,brinquedos e jogos,estr4,115061000,281939000
946286000,954840000,773997000,23932000,1517221000,1093845000,393664000,0.00,tradicional,34.71,materiais básicos,artefatos de ferro e aço,pati4,402218000,8554000
105483000,325432000,2105099000,12774000,570899000,330386000,20225000,0.00,tradicional,66.36,materiais básicos,materiais diversos,snsy5,240174000,219949000
54796000,319099000,626989000,12425000,622657000,192008000,15581000,0.00,tradicional,40.01,consumo cíclico,automóveis e motocicletas,plas3,279884000,264303000
43373000,44451000,160407000,20784000,229017000,41609000,17870000,0.00,tradicional,30.35,bens industriais,transporte hidroviário,luxm4,18948000,1078000
437691000,501474000,690209000,75645000,987965000,561325000,85536000,0.00,tradicional,12.49,consumo cíclico,fios e tecidos,dohl4,149319000,63783000
22651000,117013000,11432000,2058000,314708000,121725000,11242000,0.00,tradicional,49.10,bens industriais,material rodoviário,mwet4,105604000,94362000
2479379000,7126712000,8414675000,254034000,19928602000,4011233000,192967000,0.00,nível 1,0.19,utilidade pública,energia elétrica,cbee3,4840300000,4647333000
30127000,69446000,126741000,6621000,19510000,1682000,11000,0.00,tradicional,1.07,bens industriais,máquinas e equipamentos industriais,nord3,39330000,39319000
5252246000,8149130000,4032651000,164184000,9963995000,2401899000,633116000,0.00,nível 1,1.30,utilidade pública,energia elétrica,eqma3b,3530000000,2896884000
1320058000,2001252000,351403000,6286000,1971720000,1359430000,138560000,100.00,novo mercado,64.39,bens industriais,máquinas e equipamentos industriais,frio3,819754000,681194000
12428154000,17090243000,4674066000,2213527000,17935501000,5693219000,2145849000,tradicional,2.12,0.00,utilidade pública,energia elétrica,eqpa6,6807938000,4662089000
5658028000,41923028000,3805000000,797207000,91303000000,30743000000,10304000000,100.00,nível 1,34.97,materiais básicos,petroquímicos,brkm6,46569000000,36265000000
5689000,2001643000,1338750000,1928000,1163933000,159694000,171174000,100.00,novo mercado,74.05,financeiro,exploração de imóveis,gshp3,2167128000,1995954000
378630000,282738000,586901000,29018000,907091000,567957000,103895000,0.00,tradicional,28.36,materiais básicos,químicos diversos,crpg6,8003000,95892000
8512771000,8512771000,14829400000,86371000,74357908000,65188232000,3309377000,0.00,tradicional,0.71,financeiro,bancos,bnbr3,,
193452000,132350000,181542000,9800000,287483000,209667000,83391000,0.00,tradicional,34.89,saúde,equipamentos,balm3,22289000,61102000
11742756000,17822449000,4160616000,218941000,14894129000,3835611000,1583318000,0.00,tradicional,2.49,utilidade pública,energia elétrica,enmt4,7663011000,6079693000
106684000,104898000,142483000,4825000,613099000,591798000,1786000,0.00,tradicional,8.46,financeiro,bancos,bmin4,,
78860000,75391000,673000,11131000,6110000,5587000,3469000,0.00,tradicional,2.02,bens industriais,serviços diversos,dtcy3,,3469000
4736458000,4736458000,2069559000,104831000,29803895000,21859458000,5844723000,0.00,tradicional,46.32,financeiro,bancos,bmeb3,,
4134000,4134000,5023000,153000,5073000,3288000,,novo mercado,100.00,100.00,consumo cíclico,incorporações,ccty3,,
692843000,661122000,909591000,18908000,1291302000,246071000,190852000,0.00,tradicional,49.58,financeiro,holdings diversificadas,peab3,159131000,31721000
21612000,21446000,165000,3602000,83517000,171000,165000,0.00,nível 1,0.00,bens industriais,transporte hidroviário,psvm11,,165000
12428154000,17090243000,4674066000,2213527000,17935501000,5693219000,2145849000,0.00,tradicional,2.12,utilidade pública,energia elétrica,eqpa5,6807938000,4662089000
3260466000,3328100000,1756413000,94433000,3558826000,745717000,588738000,0.00,tradicional,3.81,utilidade pública,energia elétrica,gepa3,656372000,67634000
5261062000,5261062000,10833866000,408974000,156338226000,146627096000,3435018000,100.00,nível 1,50.61,financeiro,bancos,brsr5,,
3781141000,7578210000,3876464000,38571000,12998858000,3671456000,376351000,100.00,nível 2,75.46,utilidade pública,energia elétrica,clsc3,4173420000,3797069000
8469616000,13338203000,8230908000,340000000,19994912000,3386899000,2268610000,0.00,tradicional,1.84,bens industriais,transporte ferroviário,mrsa6b,7137197000,4868587000
8469616000,13338203000,8230908000,340000000,19994912000,3386899000,2268610000,0.00,tradicional,1.84,bens industriais,transporte ferroviário,mrsa3b,7137197000,4868587000
10684526000,25765526000,8461000000,262096000,31978000000,5329000000,452000000,0.00,tradicional,1.01,utilidade pública,energia elétrica,ceeb5,15533000000,15081000000
3128808000,8544890000,5245554000,119202000,15178531000,3042076000,184548000,0.00,tradicional,36.51,utilidade pública,energia elétrica,coce3,5600630000,5416082000
