Valor_de_mercado,Valor_de_firma,Patrimônio_Líquido,Nº_total_de_papeis,Ativos,Ativo_Circulante,Dívida_Bruta,Dívida_Líquida,Disponibilidade,Tag_Along,Segmento_de_Listagem,Free_Float,Setor,Segmento,Papel
5216965000,10669052000,12444512000,1876606000,24203940000,4711693000,6873792000,5452087000,1421705000,100.00,Novo_Mercado,99.78,Consumo_Cíclico,Serviços_Educacionais,COGN3
1331439000,34423820000,-28451132000,896039000,25548693000,5960923000,34693507000,33092381000,1601126000,100.00,Nível_2,50.56,Bens_Industriais,Transporte_Aéreo,AZUL4
5328155000,8185008000,11357897000,738995000,35577093000,18058921000,4590398000,2856853000,1733545000,100.00,Novo_Mercado,47.83,Consumo_Cíclico,Eletrodomésticos,MGLU3
156392068000,153992689000,22215931000,4197317000,39836839000,25299344000,2584148000,-2399379000,4983527000,100.00,Novo_Mercado,35.30,Bens_Industriais,Motores._Compressores_e_Outros,WEGE3
439952406000,766228406000,395841000000,12888732000,1147716000000,124853000000,370314000000,326276000000,44038000000,100.00,Nível_2,60.70,Petróleo._Gás_e_Biocombustíveis,Exploração._Refino_e_Distribuição,PETR4
66305235000,66667926000,18794551000,5266500000,46292029000,16116282000,14881775000,362691000,14519084000,100.00,Nível_1,99.37,Financeiro,Serviços_Financeiros_Diversos,B3SA3
246286551000,312582551000,214175000000,4539007000,493226000000,95964000000,97383000000,66296000000,31087000000,100.00,Novo_Mercado,94.09,Materiais_Básicos,Minerais_Metálicos,VALE3
107051979000,107051979000,181793664000,5730834000,2427051877000,2160716659000,,,71510833000,100.00,Novo_Mercado,49.60,Financeiro,Bancos,BBAS3
14389988000,61084864000,17588530000,10352509000,140999678000,61120378000,68416269000,46694876000,21721393000,100.00,Nível_1,11.52,Consumo_não_Cíclico,Açucar_e_Alcool,RAIZ4
18012344000,16805993000,10265765000,1059549000,18457504000,10556391000,424456000,-1206351000,1630807000,100.00,Novo_Mercado,98.89,Consumo_Cíclico,Tecidos._Vestuário_e_Calçados,LREN3
115984702000,119810702000,85938000000,10993810000,110639000000,12196000000,11262000000,3826000000,7436000000,80.00,Nível_1,65.74,Financeiro,Holdings_Diversificadas,ITSA4
3343190000,12172548000,5996125000,562826000,28758188000,12945859000,9363441000,8829358000,534083000,100.00,Novo_Mercado,66.65,Consumo_Cíclico,Incorporações,MRVE3
23722800000,44599800000,20557000000,1119000000,62234000000,25968000000,26350000000,20877000000,5473000000,100.00,Novo_Mercado,99.61,Petróleo._Gás_e_Biocombustíveis,Exploração._Refino_e_Distribuição,VBBR3
6525912000,7456044000,24277714000,1253079000,40655884000,18064823000,7674093000,930132000,6743961000,0.00,Nível_1,53.95,Materiais_Básicos,Siderurgia,USIM5
13021155000,24938155000,5385000000,1352144000,44685000000,15707000000,16319000000,11917000000,4402000000,100.00,Nível_1,99.82,Consumo_não_Cíclico,Alimentos,ASAI3
154626702000,154626702000,174053985000,10592012000,2147570089000,1740446958000,,,222829387000,80.00,Nível_1,62.16,Financeiro,Bancos,BBDC4
12072460000,14317880000,607731000,864170000,5297700000,855755000,2627400000,2245420000,381980000,100.00,Novo_Mercado,99.02,Bens_Industriais,Serviços_de_Apoio_e_Armazenagem,STBP3
3018198000,18603535000,-650682000,607283000,40181432000,22847586000,27459390000,15585337000,11874053000,100.00,Novo_Mercado,42.98,Consumo_não_Cíclico,Carnes_e_Derivados,BEEF3
1240394000,1403867000,519227000,525591000,3732855000,2157358000,567327000,163473000,403854000,100.00,Novo_Mercado,100.00,Consumo_Cíclico,Viagens_e_Turismo,CVCB3
4226837000,16123941000,2488245000,1081032000,22404556000,5914815000,16379021000,11897104000,4481917000,100.00,Nível_1,37.63,Bens_Industriais,Material_de_Transporte,VAMO3
31567113000,40683622000,54922968000,2028194000,86854070000,33306852000,18090359000,9116509000,8973850000,100.00,Nível_1,58.69,Materiais_Básicos,Siderurgia,GGBR4
9395758000,10752642000,4175411000,1136271000,9494733000,5717711000,3311553000,1356884000,1954669000,80.00,Nível_2,76.12,Bens_Industriais,Material_Rodoviário,POMO4
2260765000,19202325000,2607676000,362302000,29211368000,7253058000,19978755000,16941560000,3037195000,100.00,Novo_Mercado,33.63,Consumo_Cíclico,Aluguel_de_carros,MOVI3
25804468000,28506292000,6485912000,1718007000,22633253000,13107724000,3172000000,2701824000,470176000,100.00,Novo_Mercado,74.49,Saúde,Medicamentos_e_Outros_Produtos,RADL3
9292800000,12297854000,9350228000,384000000,21847715000,12383990000,6017458000,3005054000,3012404000,100.00,Novo_Mercado,66.22,Consumo_Cíclico,Incorporações,CYRE3
195286704000,180919890000,92471636000,15761638000,142157543000,40791956000,3157764000,-14366814000,17524578000,80.00,Tradicional,27.89,Consumo_não_Cíclico,Cervejas_e_Refrigerantes,ABEV3
9640702000,42051135000,13904040000,1326093000,101070743000,34699821000,51567038000,32410433000,19156605000,0.00,Tradicional,54.26,Materiais_Básicos,Siderurgia,CSNA3
364548025000,364548025000,201140000000,10784548000,2802812000000,2620833000000,,,38893000000,80.00,Nível_1,52.98,Financeiro,Bancos,ITUB4
11143428000,63406906000,7891663000,1866570000,127486217000,28053101000,67072561000,52263478000,14809083000,100.00,Novo_Mercado,62.18,Petróleo._Gás_e_Biocombustíveis,Exploração._Refino_e_Distribuição,CSAN3
196493265000,196493265000,59778576000,11506119000,499233657000,432383243000,,,1593059000,100.00,Nível_1,29.94,Financeiro,Bancos,BPAC11
25957000000,58243669000,14702536000,2020000000,64511989000,10346826000,38965561000,32286669000,6678892000,100.00,Novo_Mercado,49.27,Bens_Industriais,Exploração_de_Rodovias,MOTV3
22407148000,50292564000,10192494000,6179682000,60335243000,15144906000,35968169000,27885416000,8082753000,100.00,Nível_2,63.92,Materiais_Básicos,Papel_e_Celulose,KLBN11
9408910000,22729112000,11151166000,464179000,43181058000,7229894000,17691711000,13320202000,4371509000,100.00,Novo_Mercado,99.91,Petróleo._Gás_e_Biocombustíveis,Exploração._Refino_e_Distribuição,BRAV3
8970528000,18073098000,19373882000,993705000,86914266000,33366538000,18090359000,9102570000,8987789000,100.00,Nível_1,70.19,Materiais_Básicos,Siderurgia,GOAU4
10052117000,30051405000,13251475000,1050377000,52266696000,11093981000,26161764000,19999288000,6162476000,100.00,Novo_Mercado,29.18,Utilidade_Pública,Energia_Elétrica,AURE3
33140620000,43682734000,27914455000,2861781000,63901931000,15471501000,15242574000,10542114000,4700460000,0.00,Nível_1,81.34,Utilidade_Pública,Energia_Elétrica,CMIG4
36409581000,54312551000,26603165000,896346000,54789865000,8294219000,22065296000,17902970000,4162326000,100.00,Novo_Mercado,89.53,Petróleo._Gás_e_Biocombustíveis,Exploração._Refino_e_Distribuição,PRIO3
106696000,106689000,151852000,197585000,186882000,200000,-,-7000,7000,0.00,Novo_Mercado,0.00,Materiais_Básicos,Petroquímicos,AZTE3
103798004000,114659590000,68076737000,3226546000,126475682000,26337387000,20315690000,10861586000,9454104000,80.00,Tradicional,24.64,Telecomunicações,Telecomunicações,VIVT3
26385657000,26071935000,4799781000,599401000,8685594000,2921709000,1629318000,-313722000,1943040000,100.00,Novo_Mercado,87.53,Tecnologia_da_Informação,Programas_e_Serviços,TOTS3
34078623000,46815649000,26272206000,2982810000,60240753000,16146351000,18795043000,12737026000,6058017000,100.00,Nível_2,100.00,Utilidade_Pública,Energia_Elétrica,CPLE6
37426198000,72055556000,26432564000,1082620000,80956256000,17543980000,42798938000,34629358000,8169580000,100.00,Novo_Mercado,79.72,Consumo_Cíclico,Aluguel_de_carros,RENT3
58230171000,63401887000,18191249000,740465000,65886626000,35566816000,12034332000,5171716000,6862616000,100.00,Novo_Mercado,99.20,Bens_Industriais,Material_Aeronáutico_e_de_Defesa,EMBR3
154626702000,154626702000,174053985000,10592012000,2147570089000,1740446958000,,,222829387000,100.00,Nível_1,62.16,Financeiro,Bancos,BBDC3
288113000,8828113000,2089000000,95086000,32816000000,13565000000,9741000000,8540000000,1201000000,100.00,Novo_Mercado,99.75,Consumo_Cíclico,Eletrodomésticos,BHIA3
2257174000,1861636000,2736474000,562886000,3995631000,1329474000,78246000,-395538000,473784000,100.00,Novo_Mercado,71.83,Tecnologia_da_Informação,Programas_e_Serviços,LWSA3
58476000,-811705000,-147834000,74020000,1458321000,714296000,-798600000,-870182000,71582000,100.00,Nível_1,82.23,Telecomunicações,Telecomunicações,IFCM3
30735178000,43851634000,14598934000,1854868000,51422656000,10724155000,20969942000,13116456000,7853486000,100.00,Novo_Mercado,100.00,Bens_Industriais,Transporte_Ferroviário,RAIL3
2714566000,6343352000,949871000,760382000,6263774000,1598448000,4026000000,3628786000,397214000,100.00,Novo_Mercado,99.93,Bens_Industriais,Transporte_Hidroviário,HBSA3
18882997000,62218424000,2816466000,857928000,135354346000,50053643000,63574855000,43335427000,20239428000,100.00,Novo_Mercado,33.58,Consumo_não_Cíclico,Carnes_e_Derivados,MRFG3
67680000000,59007193000,10494024000,2000000000,21376875000,9994317000,-,-8672807000,8672807000,100.00,Novo_Mercado,31.87,Financeiro,Seguradoras,BBSE3
18729365000,31030104000,15195537000,1115507000,37754597000,14574123000,15038157000,12300739000,2737418000,100.00,Novo_Mercado,97.66,Petróleo._Gás_e_Biocombustíveis,Exploração._Refino_e_Distribuição,UGPA3
39840000000,38634871000,14032607000,3000000000,14254621000,2033656000,-,-1205129000,1205129000,100.00,Novo_Mercado,17.25,Financeiro,Seguradoras,CXSE3
93958356000,134169891000,121494065000,2307099000,282016140000,57375976000,71063585000,40211535000,30852050000,80.00,Nível_1,97.35,Utilidade_Pública,Energia_Elétrica,ELET3
76508158000,74359302000,25002984000,2289292000,104304446000,52764382000,37845232000,-2148856000,39994088000,100.00,Nível_1,50.01,Saúde,Serviços_Médicos._Hospitalares._Análises_e_Diagnósticos,RDOR3
1661700000,4046700000,2764000000,490177000,19371000000,5660000000,4562000000,2385000000,2177000000,100.00,Novo_Mercado,77.40,Consumo_não_Cíclico,Alimentos,PCAR3
17888633000,21554894000,48864195000,502630000,74221458000,12129459000,13144413000,3666261000,9478152000,100.00,Novo_Mercado,58.28,Saúde,Serviços_Médicos._Hospitalares._Análises_e_Diagnósticos,HAPV3
471585000,240977000,352593000,87169000,486791000,308869000,182000,-230608000,230790000,100.00,Novo_Mercado,75.33,Tecnologia_da_Informação,Programas_e_Serviços,CASH3
27097573000,21997729000,9237283000,5485338000,35991112000,16982284000,9269768000,-5099844000,14369612000,100.00,Nível_1,20.25,Materiais_Básicos,Minerais_Metálicos,CMIN3
73545661000,93047401000,38397920000,683509000,85690939000,13501674000,27638322000,19501740000,8136582000,100.00,Novo_Mercado,49.74,Utilidade_Pública,Água_e_Saneamento,SBSP3
13228291000,17610434000,5905050000,519163000,12311269000,1816949000,5124436000,4382143000,742293000,0.10,Nível_2,52.93,Financeiro,Exploração_de_Imóveis,MULT3
7775584000,10812923000,5226804000,547191000,13270727000,4663230000,5497898000,3037339000,2460559000,100.00,Novo_Mercado,84.87,Saúde,Serviços_Médicos._Hospitalares._Análises_e_Diagnósticos,FLRY3
42709136000,86646105000,26783979000,1248075000,115721235000,26294549000,54438382000,43936969000,10501413000,100.00,Novo_Mercado,100.00,Utilidade_Pública,Energia_Elétrica,EQTL3
3501998000,6762306000,5753278000,681322000,14554070000,4811445000,5152556000,3260308000,1892248000,100.00,Novo_Mercado,43.12,Consumo_Cíclico,Incorporações,JHSF3
2288240000,9111268000,3105147000,329330000,18121825000,9863134000,9094745000,6823028000,2271717000,80.00,Nível_1,60.10,Bens_Industriais,Material_Rodoviário,RAPT4
439952406000,766228406000,395841000000,12888732000,1147716000000,124853000000,370314000000,326276000000,44038000000,100.00,Nível_2,60.70,Petróleo._Gás_e_Biocombustíveis,Exploração._Refino_e_Distribuição,PETR3
12486960000,15481168000,5527218000,586242000,18255067000,4156308000,5944824000,2994208000,2950616000,0.00,Tradicional,52.44,Consumo_Cíclico,Atividades_Esportivas,SMFT3
1466043000,4248322000,2369748000,403868000,9965999000,2324269000,4174200000,2782279000,1391921000,100.00,Novo_Mercado,63.64,Consumo_Cíclico,Serviços_Educacionais,ANIM3
21488499000,35924707000,19137726000,1584697000,54578563000,10834561000,19202014000,14436208000,4765806000,100.00,Novo_Mercado,99.68,Utilidade_Pública,Energia_Elétrica,ENEV3
15835520000,23390210000,11738290000,633420000,24330107000,5885229000,9294804000,7554690000,1740114000,100.00,Novo_Mercado,64.65,Saúde,Medicamentos_e_Outros_Produtos,HYPE3
11749154000,14790604000,13432552000,542936000,26592040000,3952021000,6122517000,3041450000,3081067000,100.00,Novo_Mercado,92.76,Financeiro,Exploração_de_Imóveis,ALOS3
64469998000,139081741000,38398266000,1264117000,155244885000,34479115000,91042571000,74611743000,16430828000,100.00,Novo_Mercado,50.69,Materiais_Básicos,Papel_e_Celulose,SUZB3
52071502000,49504001000,25125486000,2420804000,56954895000,13455115000,2906256000,-2567501000,5473757000,100.00,Novo_Mercado,33.40,Telecomunicações,Telecomunicações,TIMS3
1956474000,2050783000,1658803000,462523000,3862464000,1368729000,440982000,94309000,346673000,100.00,Novo_Mercado,66.53,Consumo_não_Cíclico,Produtos_Diversos,PETZ3
6379701000,6672090000,2611940000,236197000,4228263000,2645693000,469466000,292388000,177077000,100.00,Novo_Mercado,53.31,Consumo_Cíclico,Acessórios,VIVA3
7137231000,43248231000,-4236000000,797207000,95422000000,34101000000,49140000000,36111000000,13029000000,100.00,Nível_1,34.97,Materiais_Básicos,Petroquímicos,BRKM5
9608995000,15395877000,8421329000,380253000,16581863000,2683796000,6819843000,5786882000,1032961000,100.00,Novo_Mercado,49.56,Utilidade_Pública,Água_e_Saneamento,CSMG3
7391811000,18127579000,5443627000,622730000,20668903000,3369382000,11982918000,10735768000,1247150000,100.00,Novo_Mercado,68.34,Utilidade_Pública,Energia_Elétrica,SRNA3
6053954000,5342143000,8667966000,393096000,8794484000,711811000,-,-711811000,711811000,80.00,Nível_1,71.57,Financeiro,Holdings_Diversificadas,BRAP4
42364000,42360000,-19381000,31822000,46651000,15417000,-,-4000,4000,0.00,Tradicional,61.28,Bens_Industriais,Material_Rodoviário,RCSL4
30611966000,75697966000,35221000000,1213797000,110816000000,21358000000,50695000000,45086000000,5609000000,100.00,Novo_Mercado,16.07,Utilidade_Pública,Energia_Elétrica,NEOE3
1191993000,2940942000,1263402000,346509000,4575716000,1391549000,2470524000,1748949000,721575000,100.00,Nível_1,49.46,Bens_Industriais,Construção_Pesada,ARML3
3781282000,8218885000,3103975000,289088000,9836015000,2408292000,5369785000,4437603000,932182000,100.00,Novo_Mercado,93.61,Consumo_Cíclico,Serviços_Educacionais,YDUQ3
1035256000,1999256000,4475000000,200243000,17377000000,7141000000,1827000000,964000000,863000000,0.10,Nível_1,69.88,Consumo_Cíclico,Produtos_Diversos,AMER3
5397371000,5320338000,3262550000,308245000,9280801000,4360438000,1443787000,-77033000,1520820000,100.00,Novo_Mercado,32.93,Consumo_Cíclico,Tecidos._Vestuário_e_Calçados,CEAB3
32589506000,39554571000,16044446000,1682473000,62889654000,31458506000,19946580000,6965065000,12981515000,0.10,Novo_Mercado,48.41,Consumo_não_Cíclico,Carnes_e_Derivados,BRFS3
182735000,10030791000,-14660023000,330121000,19644491000,5242607000,11291004000,9848056000,1442948000,100.00,Nível_1,90.04,Telecomunicações,Telecomunicações,OIBR3
4609732000,24540607000,3777957000,696334000,32690853000,4228476000,22912406000,19930875000,2981531000,100.00,Novo_Mercado,47.92,Bens_Industriais,Exploração_de_Rodovias,ECOR3
4501778000,3086756000,3934738000,902160000,4678426000,3230536000,198833000,-1415022000,1613855000,100.00,Novo_Mercado,29.67,Consumo_Cíclico,Calçados,GRND3
9596434000,12078434000,3685383000,674854000,14482162000,7669137000,5592000000,2482000000,3110000000,100.00,Nível_1,58.62,Bens_Industriais,Serviços_Diversos,GGPS3
2923316000,5927622000,4280661000,651072000,13359765000,4185283000,3862000000,3004306000,857694000,100.00,Nível_1,31.40,Bens_Industriais,Máquinas_e_Equipamentos_Industriais,CBAV3
7353102000,9489668000,7804357000,206489000,15343081000,7051622000,3239938000,2136566000,1103372000,100.00,Novo_Mercado,56.14,Consumo_Cíclico,Tecidos._Vestuário_e_Calçados,AZZA3
487681000,657148000,536003000,195072000,3430223000,2380561000,500000000,169467000,330533000,100.00,Novo_Mercado,95.63,Consumo_não_Cíclico,Produtos_Diversos,LJQQ3
98328655000,98328655000,122271222000,7498531000,1240333567000,264400814000,,,24371817000,100.00,Nível_1,9.88,Financeiro,Bancos,SANB11
3715820000,-884005000,5087451000,82263000,16043592000,6005464000,-,-4599826000,4599826000,100.00,Novo_Mercado,99.48,Financeiro,Seguradoras,IRBR3
99793000,232943000,718475000,187167000,1312938000,163831000,144082000,133150000,10932000,0.00,Tradicional,59.66,Bens_Industriais,Construção_Pesada,AZEV3
99793000,232943000,718475000,187167000,1312938000,163831000,144082000,133150000,10932000,0.00,Tradicional,59.66,Bens_Industriais,Construção_Pesada,AZEV4
6302556000,8071377000,4177323000,1214491000,7791679000,1940835000,3367008000,1768821000,1598187000,100.00,Tradicional,55.81,Financeiro,Exploração_de_Imóveis,IGTI11
16349161000,16963685000,10013577000,2209346000,20115820000,12583299000,2135075000,614524000,1520551000,100.00,Novo_Mercado,21.00,Consumo_não_Cíclico,Produtos_Diversos,GMAT3
4465339000,4613052000,3076452000,327611000,5211775000,3734054000,985348000,147713000,837635000,100.00,Novo_Mercado,34.93,Telecomunicações,Telecomunicações,INTB3
4619787000,9654037000,6872730000,820566000,17981843000,4807342000,6522562000,5034250000,1488312000,100.00,Novo_Mercado,36.77,Materiais_Básicos,Madeira,DXCO3
22407148000,50292564000,10192494000,6179682000,60335243000,15144906000,35968169000,27885416000,8082753000,100.00,Nível_2,63.92,Materiais_Básicos,Papel_e_Celulose,KLBN4
376121000,1870511000,1459721000,133851000,6384577000,2460163000,1720374000,1494390000,225984000,100.00,Novo_Mercado,49.01,Consumo_Cíclico,Incorporações,HBOR3
3841378000,49347220000,2824124000,873040000,83592664000,28573323000,59240935000,45505842000,13735093000,100.00,Novo_Mercado,26.00,Financeiro,Holdings_Diversificadas,SIMH3
8015401000,13082932000,4911402000,443329000,17469088000,7722953000,6320928000,5067531000,1253397000,100.00,Novo_Mercado,43.81,Consumo_não_Cíclico,Agricultura,SLCE3
7783403000,9913890000,2747144000,439988000,6508840000,1231346000,2718087000,2130487000,587600000,100.00,Novo_Mercado,43.34,Bens_Industriais,Serviços_de_Apoio_e_Armazenagem,PORT3
2901148000,6720661000,2995772000,527481000,10825812000,4202724000,5458349000,3819513000,1638836000,100.00,Nível_1,46.26,Saúde,Medicamentos_e_Outros_Produtos,ONCO3
34359583000,24428802000,13856821000,646586000,49466824000,27417261000,-,-9930781000,9930781000,100.00,Novo_Mercado,28.23,Financeiro,Seguradoras,PSSA3
1263432000,1208827000,714159000,179720000,1515404000,1001352000,302219000,-54605000,356824000,100.00,Novo_Mercado,98.19,Bens_Industriais,Máquinas_e_Equipamentos_Industriais,KEPL3
462943000,1333238000,1297726000,284014000,4414629000,1768592000,1932276000,870295000,1061981000,0.10,Novo_Mercado,98.05,Saúde,Serviços_Médicos._Hospitalares._Análises_e_Diagnósticos,QUAL3
2495570000,2345482000,993359000,66002000,1397078000,751456000,197063000,-150088000,347151000,100.00,Novo_Mercado,48.48,Bens_Industriais,Transporte_Rodoviário,TGMA3
16384334000,28666127000,20601977000,658883000,43946662000,6605421000,14112054000,12281793000,1830261000,0.00,Nível_1,64.18,Utilidade_Pública,Energia_Elétrica,ISAE4
34078623000,46815649000,26272206000,2982810000,60240753000,16146351000,18795043000,12737026000,6058017000,100.00,Nível_2,100.00,Utilidade_Pública,Energia_Elétrica,CPLE3
2201801000,-1388215000,5640000000,372555000,26841000000,8455000000,9983000,-3590017000,3600000000,100.00,Novo_Mercado,99.81,Utilidade_Pública,Energia_Elétrica,LIGT3
3911556000,4749750000,4463790000,293440000,7454930000,1573770000,1856030000,838194000,1017836000,100.00,Nível_1,93.96,Petróleo._Gás_e_Biocombustíveis,Exploração._Refino_e_Distribuição,RECV3
2640220000,4470718000,2907108000,244012000,8449215000,4318108000,2633707000,1830498000,803209000,100.00,Novo_Mercado,60.31,Consumo_Cíclico,Produtos_Diversos,SBFG3
574290000,1347280000,1607654000,141800000,4215868000,2764182000,1238391000,772990000,465401000,100.00,Novo_Mercado,51.71,Tecnologia_da_Informação,Computadores_e_Equipamentos,POSI3
5654726000,13491609000,6699362000,332435000,21769383000,6305241000,10919914000,7836883000,3083031000,100.00,Novo_Mercado,41.10,Consumo_não_Cíclico,Açucar_e_Alcool,SMTO3
6827225000,7177738000,2178391000,173500000,10612250000,4685810000,1980035000,350513000,1629522000,100.00,Novo_Mercado,62.51,Consumo_Cíclico,Incorporações,DIRR3
10437392000,15198011000,12036700000,1511205000,24877802000,3383387000,6609243000,4760619000,1848624000,100.00,Nível_2,79.97,Utilidade_Pública,Água_e_Saneamento,SAPR11
2742539000,3186739000,1083724000,123094000,5138526000,3037846000,1025701000,444200000,581501000,100.00,Novo_Mercado,98.69,Consumo_Cíclico,Incorporações,TEND3
43221064000,67483689000,22249251000,1152254000,78709730000,17316554000,28310771000,24262625000,4048146000,100.00,Novo_Mercado,16.29,Utilidade_Pública,Energia_Elétrica,CPFE3
6736984000,7290359000,4153036000,498297000,9833353000,6427671000,2208259000,553375000,1654884000,100.00,Nível_1,22.52,Consumo_não_Cíclico,Agricultura,TTEN3
8805871000,8544876000,1133945000,291875000,4870968000,3048558000,1282811000,-260995000,1543806000,100.00,Novo_Mercado,43.72,Consumo_Cíclico,Incorporações,CURY3
4553202000,4553202000,10568980000,408974000,151511198000,2298020000,,,2298015000,100.00,Nível_1,50.61,Financeiro,Bancos,BRSR6
22313518000,50392477000,17989297000,2289424000,78311361000,18160049000,36663576000,28078959000,8584617000,100.00,Nível_2,71.31,Utilidade_Pública,Energia_Elétrica,ENGI11
32522879000,52788805000,12082964000,815927000,52761221000,8806605000,25840565000,20265926000,5574639000,100.00,Novo_Mercado,31.28,Utilidade_Pública,Energia_Elétrica,EGIE3
3073958000,3471632000,4898437000,220989000,6960771000,3042390000,1574712000,397674000,1177038000,100.00,Novo_Mercado,44.05,Consumo_Cíclico,Incorporações,EZTC3
3913728000,4782827000,5382713000,499200000,13236323000,8229871000,2010072000,869099000,1140973000,0.00,Nível_1,16.41,Consumo_Cíclico,Tecidos._Vestuário_e_Calçados,GUAR3
5135782000,5090193000,1468255000,357374000,2797605000,1801149000,831951000,-45589000,877540000,0.00,Tradicional,56.37,Bens_Industriais,Motores._Compressores_e_Outros,SHUL4
348646000,3934631000,1868631000,322820000,9371027000,5160115000,4470200000,3585985000,884215000,100.00,Nível_1,56.46,Saúde,Serviços_Médicos._Hospitalares._Análises_e_Diagnósticos,VVEO3
845155000,1061467000,2953431000,820539000,5278198000,3544631000,689200000,216312000,472888000,100.00,Nível_1,47.06,Tecnologia_da_Informação,Computadores_e_Equipamentos,MLAS3
6861996000,6364106000,1364464000,552495000,2235903000,618940000,-,-497890000,497890000,100.00,Novo_Mercado,45.96,Saúde,Serviços_Médicos._Hospitalares._Análises_e_Diagnósticos,ODPV3
11451133000,20902109000,7297942000,1033496000,21030240000,3119982000,10253596000,9450976000,802620000,100.00,Nível_2,63.44,Utilidade_Pública,Energia_Elétrica,TAEE11
2274508000,3731369000,2778335000,581715000,9115564000,4959877000,1700639000,1456861000,243778000,100.00,Novo_Mercado,31.17,Saúde,Medicamentos_e_Outros_Produtos,PGMN3
1091559000,10132467000,7813960000,752799000,28261545000,10395713000,12616450000,9040908000,3575542000,0.00,Tradicional,19.32,Saúde,Serviços_Médicos._Hospitalares._Análises_e_Diagnósticos,DASA3
2624689000,2758210000,801581000,204256000,2501662000,2124254000,598315000,133521000,464794000,100.00,Novo_Mercado,26.62,Financeiro,Intermediação_Imobiliária,PLPL3
1894656000,3049638000,1422134000,239829000,3768111000,1243755000,1782087000,1154982000,627105000,100.00,Tradicional,44.27,Materiais_Básicos,Papel_e_Celulose,RANI3
93958356000,134169891000,121494065000,2307099000,282016140000,57375976000,71063585000,40211535000,30852050000,0.00,Nível_1,97.35,Utilidade_Pública,Energia_Elétrica,ELET6
986511000,4293383000,2003170000,303541000,7137606000,2301201000,4547700000,3306872000,1240828000,100.00,Nível_1,31.69,Consumo_não_Cíclico,Açucar_e_Alcool,JALL3
364548025000,364548025000,201140000000,10784548000,2802812000000,2620833000000,,,38893000000,80.00,Nível_1,52.98,Financeiro,Bancos,ITUB3
1561000000,5443384000,3488881000,350000000,12142367000,7187784000,5506717000,3882384000,1624333000,100.00,Novo_Mercado,27.08,Consumo_não_Cíclico,Alimentos_Diversos,CAML3
6277880000,8292946000,2131362000,270016000,6735299000,3284206000,2735667000,2015066000,720601000,80.00,Nível_1,33.14,Bens_Industriais,Material_Rodoviário,FRAS3
6525912000,7456044000,24277714000,1253079000,40655884000,18064823000,7674093000,930132000,6743961000,80.00,Nível_1,53.95,Materiais_Básicos,Siderurgia,USIM3
5466922000,5260473000,4051629000,683062000,6381470000,3126144000,892197000,-206449000,1098646000,0.00,Nível_1,27.74,Consumo_Cíclico,Calçados,ALPA4
392326000,784955000,987889000,286369000,2649590000,409713000,586600000,392629000,193971000,100.00,Novo_Mercado,98.66,Consumo_Cíclico,Restaurante_e_Similares,MEAL3
202630000,5866000,313950000,202630000,421327000,236591000,-,-196764000,196764000,100.00,Nível_1,72.16,Consumo_Cíclico,Tecidos._Vestuário_e_Calçados,ENJU3
5108606000,5122465000,2205963000,274656000,2933303000,2051530000,257705000,13859000,243846000,100.00,Novo_Mercado,35.08,Consumo_Cíclico,Calçados,VULC3
10437392000,15198011000,12036700000,1511205000,24877802000,3383387000,6609243000,4760619000,1848624000,100.00,Nível_2,79.97,Utilidade_Pública,Água_e_Saneamento,SAPR4
389251000,865890000,997155000,105774000,2224496000,1804394000,625302000,476639000,148663000,100.00,Novo_Mercado,54.06,Consumo_Cíclico,Incorporações,MTRE3
2204339000,6095482000,4306803000,153719000,15329139000,7175221000,5823875000,3891143000,1932732000,100.00,Novo_Mercado,84.74,Consumo_Cíclico,Automóveis_e_Motocicletas,MYPK3
2837172000,2350680000,3363440000,353175000,4334562000,1671967000,352231000,-486492000,838723000,0.00,Nível_1,45.83,Materiais_Básicos,Siderurgia,FESA4
1030350000,1327542000,1091945000,152644000,3168438000,1194069000,877845000,297192000,580653000,100.00,Novo_Mercado,22.82,Financeiro,Exploração_de_Imóveis,SYNE3
5150026000,5150026000,6472307000,244656000,61267873000,55699464000,,,744318000,100.00,Nível_2,30.59,Financeiro,Bancos,ABCB4
2000487000,2000487000,4388311000,583232000,50599751000,42917208000,,,279439000,100.00,Nível_1,27.45,Financeiro,Bancos,BMGB4
9530716000,9530716000,7463348000,1269070000,65538411000,4403000,,,4403000,100.00,Nível_1,22.21,Financeiro,Bancos,BPAN4
10058777000,19010105000,8518976000,988880000,31173683000,6413410000,12629526000,8951328000,3678198000,100.00,Nível_2,34.43,Utilidade_Pública,Energia_Elétrica,ALUP11
1879893000,2005514000,1611721000,84909000,4210915000,2044848000,528511000,125621000,402890000,0.00,Novo_Mercado,62.91,Consumo_Cíclico,Incorporações,MDNE3
1391111000,1349037000,1347513000,135322000,3474845000,2518823000,844673000,-42074000,886747000,100.00,Novo_Mercado,43.03,Consumo_não_Cíclico,Agricultura,SOJA3
669867000,1205749000,1268179000,126634000,2537349000,1463280000,746276000,535882000,210394000,100.00,Nível_2,59.85,Bens_Industriais,Armas_e_Munições,TASA4
2424342000,3021734000,1764055000,199534000,3528495000,2701999000,713734000,597392000,116342000,100.00,Novo_Mercado,37.00,Consumo_Cíclico,Incorporações,LAVV3
2269353000,4813982000,3314057000,144177000,10693230000,6823276000,4258107000,2544629000,1713478000,100.00,Novo_Mercado,99.76,Bens_Industriais,Material_Rodoviário,TUPY3
1191309000,1155376000,593034000,159907000,2558534000,641567000,402584000,-35933000,438517000,100.00,Novo_Mercado,47.07,Financeiro,Corretoras_de_Seguros,WIZC3
2229866000,2297767000,2174397000,179393000,3431925000,1647217000,510000000,67901000,442099000,100.00,Nível_1,16.55,Saúde,Serviços_Médicos._Hospitalares._Análises_e_Diagnósticos,BLAU3
1368547000,1778008000,1220080000,362049000,2320127000,650118000,828800000,409461000,419339000,100.00,Nível_1,24.96,Telecomunicações,Telecomunicações,FIQE3
3830332000,4537322000,886641000,135539000,3712264000,2279545000,1031936000,706990000,324946000,100.00,Novo_Mercado,39.00,Consumo_Cíclico,Automóveis_e_Motocicletas,LEVE3
1714842000,1194403000,1163227000,87003000,1627717000,1080296000,-,-520439000,520439000,100.00,Novo_Mercado,93.58,Tecnologia_da_Informação,Programas_e_Serviços,BMOB3
3965052000,5484374000,771834000,82950000,3387080000,882969000,1929291000,1519322000,409969000,100.00,Novo_Mercado,55.82,Utilidade_Pública,Água_e_Saneamento,ORVR3
674500000,673618000,815219000,206269000,2489038000,1924364000,349700000,-882000,350582000,100.00,Novo_Mercado,92.04,Consumo_Cíclico,Incorporações,MELK3
958236000,1701791000,1519081000,275355000,4345707000,1005332000,1118605000,743555000,375050000,100.00,Novo_Mercado,38.45,Consumo_Cíclico,Restaurante_e_Similares,ZAMP3
1092846000,1830101000,1251871000,128721000,3410743000,949512000,1054191000,737255000,316936000,100.00,Novo_Mercado,40.60,Consumo_Cíclico,Serviços_Educacionais,SEER3
1848230000,2358053000,1557200000,364542000,4806949000,1098451000,1322500000,509823000,812677000,100.00,Nível_1,12.39,Consumo_Cíclico,Serviços_Educacionais,CSED3
562537000,1571416000,315773000,140986000,3611335000,1347152000,1420921000,1008879000,412042000,100.00,Novo_Mercado,100.00,Bens_Industriais,Produtos_para_Construção,PTBL3
-,-15269640000,796100000,314987000,15457570000,15295630000,,,15269640000,100.00,Nível_2,44.99,Financeiro,Bancos,BRBI11
1686074000,2466661000,1485017000,382329000,4377367000,1518855000,1451000000,780587000,670413000,100.00,Nível_1,28.41,Bens_Industriais,Máquinas_e_Equipamentos_de_Construção_e_Agrícolas,MATD3
34300000,1019560000,-758373000,35361000,1232160000,186900000,1007110000,985260000,21850000,100.00,Novo_Mercado,99.89,Tecnologia_da_Informação,Programas_e_Serviços,SEQL3
10437392000,15198011000,12036700000,1511205000,24877802000,3383387000,6609243000,4760619000,1848624000,100.00,Nível_2,79.97,Utilidade_Pública,Água_e_Saneamento,SAPR3
2686024000,3869407000,1487244000,234178000,3893625000,1387389000,1899289000,1183383000,715906000,0.10,Novo_Mercado,72.98,Bens_Industriais,Serviços_Diversos,MILS3
401179000,954688000,867856000,361423000,2295822000,1060660000,762700000,553509000,209191000,100.00,Nível_1,52.20,Financeiro,Outros,ESPA3
22407148000,50292564000,10192494000,6179682000,60335243000,15144906000,35968169000,27885416000,8082753000,100.00,Nível_2,63.92,Materiais_Básicos,Papel_e_Celulose,KLBN3
1362000000,1607707000,1885178000,200000000,5148045000,4176704000,1113083000,245707000,867376000,100.00,Novo_Mercado,97.15,Consumo_Cíclico,Incorporações,EVEN3
1783540000,3873780000,3740220000,87859000,7166963000,1512564000,2370934000,2090240000,280694000,100.00,Novo_Mercado,57.32,Financeiro,Exploração_de_Imóveis,LOGG3
1498034000,7921450000,1791174000,286431000,12583655000,4679352000,8319693000,6423416000,1896277000,100.00,Novo_Mercado,22.06,Bens_Industriais,Transporte_Rodoviário,JSLG3
1233750000,2400776000,944797000,199959000,2915946000,953826000,1589000000,1167026000,421974000,100.00,Nível_1,37.82,Utilidade_Pública,Água_e_Saneamento,OPCT3
9395758000,10752642000,4175411000,1136271000,9494733000,5717711000,3311553000,1356884000,1954669000,100.00,Nível_2,76.12,Bens_Industriais,Material_Rodoviário,POMO3
895166000,1739440000,1336385000,123812000,5370605000,3738630000,1090840000,844274000,246566000,100.00,Novo_Mercado,73.46,Saúde,Medicamentos_e_Outros_Produtos,PFRM3
1811038000,1766826000,1750538000,81836000,2949027000,1516904000,598000000,-44212000,642212000,100.00,Novo_Mercado,95.08,Bens_Industriais,Serviços_Diversos,VLID3
700811000,1141950000,343979000,46720000,1413379000,795229000,801600000,441139000,360461000,100.00,Novo_Mercado,94.42,Bens_Industriais,Serviços_Diversos,PRNR3
1397006000,2415276000,1245825000,150377000,3174997000,1788283000,1222620000,1018270000,204350000,0.00,Tradicional,47.41,Saúde,Medicamentos_e_Outros_Produtos,PNVL3
8102100000,8122552000,7956184000,339000000,12808810000,5918383000,2308510000,20452000,2288058000,100.00,Novo_Mercado,19.58,Consumo_não_Cíclico,Alimentos_Diversos,MDIA3
729022000,946104000,628625000,150314000,985798000,621800000,235355000,217082000,18273000,100.00,Nível_1,31.87,Consumo_não_Cíclico,Agricultura,VITT3
1143199000,2573047000,1537556000,438007000,4095519000,725797000,1886004000,1429848000,456156000,100.00,Nível_1,20.04,Telecomunicações,Telecomunicações,BRST3
101200000,1447887000,1995251000,6728000,4938033000,2896685000,1503382000,1346687000,156695000,100.00,Novo_Mercado,99.82,Consumo_Cíclico,Incorporações,GFSA3
33140620000,43682734000,27914455000,2861781000,63901931000,15471501000,15242574000,10542114000,4700460000,80.00,Nível_1,81.34,Utilidade_Pública,Energia_Elétrica,CMIG3
735117000,1263357000,1221272000,93170000,2509206000,1498555000,774712000,528240000,246472000,100.00,Novo_Mercado,53.55,Bens_Industriais,Máquinas_e_Equipamentos_Industriais,ROMI3
419398000,2577083000,2262546000,37886000,8857789000,5254872000,2956500000,2157685000,798815000,100.00,Novo_Mercado,0.00,Consumo_Cíclico,Automóveis_e_Motocicletas,AMOB3
353938000,1773873000,2040586000,103188000,5127447000,502409000,1570323000,1419935000,150388000,100.00,Nível_1,47.14,Financeiro,Intermediação_Imobiliária,HBRE3
400087000,1444812000,758413000,372183000,3160866000,375943000,1145868000,1044725000,101143000,100.00,Nível_2,23.70,Utilidade_Pública,Energia_Elétrica,RNEW4
897382000,861714000,999766000,109310000,1623970000,1064596000,242362000,-35668000,278030000,100.00,Tradicional,99.67,Materiais_Básicos,Petroquímicos,DEXP3
126920000,5323065000,-6411198000,80329000,1584101000,368087000,5232439000,5196145000,36294000,100.00,Novo_Mercado,100.00,Materiais_Básicos,Artefatos_de_Cobre,PMAM3
115984702000,119810702000,85938000000,10993810000,110639000000,12196000000,11262000000,3826000000,7436000000,80.00,Nível_1,65.74,Financeiro,Holdings_Diversificadas,ITSA3
1199501000,3052102000,2608606000,134172000,5941959000,955758000,2433752000,1852601000,581151000,100.00,Novo_Mercado,0.00,Consumo_Cíclico,Serviços_Educacionais,VTRU3
923846000,2076257000,1369922000,115625000,3584613000,620091000,1489437000,1152411000,337026000,100.00,Nível_1,31.01,Telecomunicações,Telecomunicações,DESK3
29700044000,35945461000,1315481000,1670418000,17179562000,7591941000,11188123000,6245417000,4942706000,100.00,Novo_Mercado,33.34,Utilidade_Pública,Água_e_Saneamento,AMBP3
266495000,1773447000,111006000,62120000,2105580000,819003000,1619666000,1506952000,112714000,100.00,Nível_1,57.08,Bens_Industriais,Máquinas_e_Equipamentos_Industriais,AERI3
244635000,356180000,795309000,61776000,1303584000,520496000,137252000,111545000,25707000,100.00,Nível_1,98.69,Bens_Industriais,Produtos_para_Construção,ETER3
11451133000,20902109000,7297942000,1033496000,21030240000,3119982000,10253596000,9450976000,802620000,100.00,Nível_2,63.44,Utilidade_Pública,Energia_Elétrica,TAEE4
13976027000,14072818000,484021000,946244000,829401000,572265000,147231000,96791000,50440000,0.00,Novo_Mercado,5.66,Consumo_Cíclico,Vestuário,TFCO4
2082420000,3673424000,2169898000,102683000,3971666000,1253482000,1672225000,1591004000,81221000,100.00,Novo_Mercado,62.15,Consumo_não_Cíclico,Agricultura,AGRO3
2929000,197719000,-3363555000,13948000,529726000,334964000,213302000,194790000,18512000,100.00,Novo_Mercado,99.95,Consumo_Cíclico,Incorporações,PDGR3
5997778000,6968462000,2649664000,113173000,7280912000,2862549000,2451459000,970684000,1480775000,0.00,Tradicional,55.28,Materiais_Básicos,Químicos_Diversos,UNIP6
98328655000,98328655000,122271222000,7498531000,1240333567000,264400814000,,,24371817000,100.00,Nível_1,9.88,Financeiro,Bancos,SANB3
6529962000,4767748000,2738894000,1502786000,10054264000,6925890000,1113194000,-1762214000,2875408000,0.00,Tradicional,100.00,Consumo_Cíclico,Eletrodomésticos,WHRL4
6053954000,5342143000,8667966000,393096000,8794484000,711811000,-,-711811000,711811000,80.00,Nível_1,71.57,Financeiro,Holdings_Diversificadas,BRAP3
387662000,329893000,307565000,42275000,385877000,193730000,2606000,-57769000,60375000,0.00,Tradicional,49.84,Consumo_Cíclico,Calçados,CAMB3
636685000,748049000,287288000,513456000,2044038000,570564000,120600000,111364000,9236000,0.10,Novo_Mercado,46.13,Consumo_Cíclico,Tecidos._Vestuário_e_Calçados,AMAR3
98328655000,98328655000,122271222000,7498531000,1240333567000,264400814000,,,24371817000,100.00,Nível_1,9.88,Financeiro,Bancos,SANB4
1151430000,1507192000,1500216000,186617000,3117847000,2618507000,878402000,355762000,522640000,100.00,Novo_Mercado,38.37,Consumo_Cíclico,Incorporações,TRIS3
199198000,122424000,223685000,147554000,412961000,126365000,-,-76774000,76774000,100.00,Tradicional,70.66,Financeiro,Intermediação_Imobiliária,LPSB3
400087000,1444812000,758413000,372183000,3160866000,375943000,1145868000,1044725000,101143000,100.00,Nível_2,23.70,Utilidade_Pública,Energia_Elétrica,RNEW3
11451133000,20902109000,7297942000,1033496000,21030240000,3119982000,10253596000,9450976000,802620000,100.00,Nível_2,63.44,Utilidade_Pública,Energia_Elétrica,TAEE3
314677000,413224000,337052000,22500000,644494000,276196000,108730000,98547000,10183000,0.00,Tradicional,59.77,Bens_Industriais,Máquinas_e_Equipamentos_Industriais,EALT4
1593397000,2178251000,2652996000,92619000,4854633000,1916220000,1051569000,584854000,466715000,0.00,Nível_1,56.01,Materiais_Básicos,Madeira,EUCA4
6302556000,8071377000,4177323000,1214491000,7791679000,1940835000,3367008000,1768821000,1598187000,0.00,Tradicional,55.81,Financeiro,Exploração_de_Imóveis,IGTI3
42364000,42360000,-19381000,31822000,46651000,15417000,-,-4000,4000,0.00,Tradicional,61.28,Bens_Industriais,Material_Rodoviário,RCSL3
669867000,1205749000,1268179000,126634000,2537349000,1463280000,746276000,535882000,210394000,100.00,Nível_2,59.85,Bens_Industriais,Armas_e_Munições,TASA3
383355000,395651000,408423000,64106000,685591000,456230000,101307000,12296000,89011000,100.00,Novo_Mercado,38.44,Consumo_Cíclico,Acessórios,TECN3
717288000,702228000,494617000,41800000,708661000,207869000,63071000,-15060000,78131000,100.00,Novo_Mercado,44.32,Bens_Industriais,Serviços_Diversos,CSUD3
299836000,561659000,944000,260509000,921921000,497143000,377859000,261823000,116036000,0.00,Tradicional,100.00,Consumo_não_Cíclico,Produtos_de_Limpeza,BOBR4
764699000,901294000,1601675000,94058000,3434695000,2431512000,474678000,136595000,338083000,100.00,Novo_Mercado,29.32,Telecomunicações,Telecomunicações,ALLD3
181631000,174290000,36928000,47609000,51611000,18457000,-,-7341000,7341000,0.00,Tradicional,11.43,Financeiro,Outros,FICT3
648901000,1529759000,346060000,217024000,2452535000,395495000,1050418000,880858000,169560000,100.00,Novo_Mercado,40.85,Bens_Industriais,Serviços_Diversos,ALPK3
239899000,95292000,662855000,64663000,1503583000,729874000,-,-144607000,144607000,100.00,Nível_1,32.77,Telecomunicações,Telecomunicações,LVTC3
31567113000,40683622000,54922968000,2028194000,86854070000,33306852000,18090359000,9116509000,8973850000,100.00,Nível_1,58.69,Materiais_Básicos,Siderurgia,GGBR3
225182000,228205000,902299000,50602000,1893442000,620355000,34022000,3023000,30999000,0.10,Novo_Mercado,32.87,Saúde,Medicamentos_e_Outros_Produtos,DMVF3
241138000,120932000,447975000,9140000,597496000,217106000,16823000,-120206000,137029000,100.00,Novo_Mercado,43.09,Tecnologia_da_Informação,Programas_e_Serviços,NGRD3
4035638000,3980853000,6691275000,56058000,56724338000,20381734000,,,54785000,0.00,Tradicional,2.99,Financeiro,Bancos,BAZA3
7137231000,43248231000,-4236000000,797207000,95422000000,34101000000,49140000000,36111000000,13029000000,100.00,Nível_1,34.97,Materiais_Básicos,Petroquímicos,BRKM3
8970528000,18073098000,19373882000,993705000,86914266000,33366538000,18090359000,9102570000,8987789000,100.00,Nível_1,70.19,Materiais_Básicos,Siderurgia,GOAU3
195628000,152776000,-6919006000,67691000,9083407000,8619665000,1075000,-42852000,43927000,0.00,Tradicional,33.27,Petróleo._Gás_e_Biocombustíveis,Exploração._Refino_e_Distribuição,RPMG3
22313518000,50392477000,17989297000,2289424000,78311361000,18160049000,36663576000,28078959000,8584617000,100.00,Nível_2,71.31,Utilidade_Pública,Energia_Elétrica,ENGI3
50273000,228730000,121242000,43716000,503978000,144657000,180813000,178457000,2356000,100.00,Novo_Mercado,82.71,Petróleo._Gás_e_Biocombustíveis,Equipamentos_e_Serviços,LUPA3
90538000,148404000,186424000,66086000,389469000,125033000,110447000,57866000,52581000,100.00,Novo_Mercado,43.14,Consumo_Cíclico,Móveis,UCAS3
2686720000,2686720000,2285400000,315912000,38111468000,7661499000,,,7661499000,100.00,Tradicional,4.59,Financeiro,Bancos,BEES3
43144000,13495000,128542000,6741000,399314000,228399000,69000000,-29649000,98649000,100.00,Novo_Mercado,49.34,Consumo_Cíclico,Produção_de_Eventos_e_Shows,SHOW3
86621000,268791000,123253000,79469000,689156000,465018000,319617000,182170000,137447000,0.00,Tradicional,44.31,Financeiro,Serviços_Financeiros_Diversos,PDTC3
120735000,569233000,378640000,73619000,1255109000,451633000,593099000,448498000,144601000,100.00,Novo_Mercado,61.24,Consumo_Cíclico,Incorporações,TCSA3
293754000,267899000,186999000,40021000,204495000,58580000,2423000,-25855000,28278000,100.00,Nível_1,25.54,Telecomunicações,Telecomunicações,TRAD3
10058777000,19010105000,8518976000,988880000,31173683000,6413410000,12629526000,8951328000,3678198000,100.00,Nível_2,34.43,Utilidade_Pública,Energia_Elétrica,ALUP4
219199000,22374000,-1087647000,53857000,2905046000,2071916000,24916000,-196825000,221741000,100.00,Novo_Mercado,10.02,Materiais_Básicos,Fertilizantes_e_Defensivos,FHER3
182735000,10030791000,-14660023000,330121000,19644491000,5242607000,11291004000,9848056000,1442948000,80.00,Nível_1,90.04,Telecomunicações,Telecomunicações,OIBR4
593829000,1137113000,1074975000,118292000,2859006000,734367000,665554000,543284000,122270000,100.00,Novo_Mercado,6.19,Saúde,Serviços_Médicos._Hospitalares._Análises_e_Diagnósticos,AALR3
65386000,51020000,54645000,14860000,69038000,17303000,-,-14366000,14366000,0.00,Tradicional,12.92,Financeiro,Holdings_Diversificadas,EPAR3
2288240000,9111268000,3105147000,329330000,18121825000,9863134000,9094745000,6823028000,2271717000,80.00,Nível_1,60.10,Bens_Industriais,Material_Rodoviário,RAPT3
41057000,51771000,42690000,13244000,110958000,78754000,13177000,10714000,2463000,100.00,Tradicional,24.56,Materiais_Básicos,Fertilizantes_e_Defensivos,NUTR3
205457000,-87714000,293687000,50855000,313039000,305396000,725000,-293172000,293897000,100.00,Novo_Mercado,30.40,Bens_Industriais,Serviços_Diversos,REAG3
73127000,1000192000,-1449448000,44605000,932845000,96883000,927512000,927065000,447000,0.00,Tradicional,85.61,Bens_Industriais,Máquinas_e_Equipamentos_Industriais,INEP3
177320000,1470055000,883078000,44000000,2721127000,174268000,1357406000,1292735000,64671000,100.00,Novo_Mercado,42.11,Bens_Industriais,Exploração_de_Rodovias,TPIS3
73127000,1000192000,-1449448000,44605000,932845000,96883000,927512000,927065000,447000,0.00,Tradicional,85.61,Bens_Industriais,Máquinas_e_Equipamentos_Industriais,INEP4
1107745000,-189125000,1467590000,93597000,4110149000,1917418000,11469000,-1296871000,1308340000,0.00,Tradicional,3.43,Telecomunicações,Telecomunicações,TELB4
906916000,909481000,250993000,126841000,448163000,222814000,115134000,2565000,112569000,0.00,Tradicional,56.32,Saúde,Medicamentos_e_Outros_Produtos,BIOM3
1036384000,2024721000,1533968000,57737000,2754734000,693534000,1158237000,988337000,169900000,0.10,Nível_1,38.65,Financeiro,Exploração_de_Imóveis,SCAR3
104023000,1356975000,-2009675000,16969000,3488816000,1723009000,1504664000,1252952000,251712000,100.00,Nível_1,37.28,Consumo_não_Cíclico,Agricultura,AGXY3
10058777000,19010105000,8518976000,988880000,31173683000,6413410000,12629526000,8951328000,3678198000,100.00,Nível_2,34.43,Utilidade_Pública,Energia_Elétrica,ALUP3
3070744000,2903359000,3858141000,363046000,68816798000,62441141000,,,167385000,0.00,Tradicional,11.55,Financeiro,Bancos,BSLI4
1066194000,1163763000,729614000,96226000,955762000,60644000,102807000,97569000,5238000,100.00,Novo_Mercado,54.36,Consumo_não_Cíclico,Agricultura,LAND3
3013349000,8429431000,5245554000,119202000,15178531000,3042076000,5600630000,5416082000,184548000,0.00,Tradicional,36.51,Utilidade_Pública,Energia_Elétrica,COCE5
79703000,68096000,-247366000,13283000,188488000,66164000,57566000,-11607000,69173000,100.00,Nível_1,29.51,Financeiro,Outros,DOTZ3
2686720000,2686720000,2285400000,315912000,38111468000,7661499000,,,7661499000,100.00,Tradicional,4.59,Financeiro,Bancos,BEES4
3070744000,2903359000,3858141000,363046000,68816798000,62441141000,,,167385000,0.00,Tradicional,11.55,Financeiro,Bancos,BSLI3
18478000,286354000,-39186000,12318000,820667000,752892000,273098000,267876000,5222000,0.00,Tradicional,0.82,Consumo_Cíclico,Incorporações,JFEN3
293570000,435035000,529743000,48046000,1063020000,594884000,386759000,141464000,245294000,80.00,Tradicional,66.52,Consumo_Cíclico,Fios_e_Tecidos,PTNT4
534977000,329234000,947333000,20082000,1329388000,597007000,-,-205743000,205743000,100.00,Tradicional,56.04,Consumo_Cíclico,Tecidos._Vestuário_e_Calçados,CGRA4
9208183000,16028183000,2333000000,193759000,12292000000,3208000000,7408000000,6820000000,588000000,0.00,Tradicional,0.32,Utilidade_Pública,Energia_Elétrica,EKTR4
1107745000,-189125000,1467590000,93597000,4110149000,1917418000,11469000,-1296871000,1308340000,0.00,Tradicional,3.43,Telecomunicações,Telecomunicações,TELB3
653222000,951240000,1029438000,114000000,1646867000,482476000,341109000,298018000,43091000,100.00,Novo_Mercado,96.56,Consumo_Cíclico,Tecidos._Vestuário_e_Calçados,VSTE3
7996000,6925268000,-8657561000,3148000,1392447000,11034000,6919723000,6917272000,2451000,100.00,Novo_Mercado,50.58,Petróleo._Gás_e_Biocombustíveis,Equipamentos_e_Serviços,OSXB3
167497000,128337000,250920000,6072000,416670000,235610000,15500000,-39160000,54660000,0.00,Tradicional,23.31,Bens_Industriais,Material_Rodoviário,RSUL4
12713752000,17015618000,5385613000,2213527000,17298861000,5686944000,6864733000,4301866000,2562867000,0.00,Tradicional,2.12,Utilidade_Pública,Energia_Elétrica,EQPA3
3709938000,3709938000,1901446000,104831000,27155138000,20962816000,,,4171744000,0.00,Tradicional,46.32,Financeiro,Bancos,BMEB4
196493265000,196493265000,59778576000,11506119000,499233657000,432383243000,,,1593059000,0.10,Nível_1,29.94,Financeiro,Bancos,BPAC5
22313518000,50392477000,17989297000,2289424000,78311361000,18160049000,36663576000,28078959000,8584617000,100.00,Nível_2,71.31,Utilidade_Pública,Energia_Elétrica,ENGI4
196493265000,196493265000,59778576000,11506119000,499233657000,432383243000,,,1593059000,100.00,Nível_1,29.94,Financeiro,Bancos,BPAC3
51020000,-49286000,221569000,11091000,299609000,173068000,10190000,-100307000,110497000,100.00,Nível_1,99.66,Consumo_Cíclico,Utensílios_Domésticos,WEST3
534977000,329234000,947333000,20082000,1329388000,597007000,-,-205743000,205743000,100.00,Tradicional,56.04,Consumo_Cíclico,Tecidos._Vestuário_e_Calçados,CGRA3
6529962000,4767748000,2738894000,1502786000,10054264000,6925890000,1113194000,-1762214000,2875408000,0.00,Tradicional,100.00,Consumo_Cíclico,Eletrodomésticos,WHRL3
1144258000,1343972000,635559000,53949000,1267420000,774331000,348216000,199714000,148502000,100.00,Novo_Mercado,42.94,Saúde,Medicamentos_e_Outros_Produtos,OFSA3
3933364000,7395572000,3863834000,38571000,13428170000,4261138000,4217531000,3462208000,755323000,0.10,Nível_2,75.46,Utilidade_Pública,Energia_Elétrica,CLSC4
2843098000,2577052000,1231320000,36947000,2153688000,631782000,-,-266046000,266046000,0.00,Tradicional,60.06,Utilidade_Pública,Energia_Elétrica,EMAE4
31460000,32493000,142168000,38366000,278798000,118084000,20670000,1033000,19637000,100.00,Novo_Mercado,99.37,Consumo_Cíclico,Incorporações,VIVR3
2735352000,4078357000,1011711000,107058000,3943778000,1034370000,1678042000,1343005000,335037000,100.00,Novo_Mercado,24.26,Bens_Industriais,Transporte_Hidroviário,LOGN3
1440067000,758142000,1115017000,72081000,1529712000,874610000,-,-681925000,681925000,0.00,Tradicional,19.85,Utilidade_Pública,Energia_Elétrica,CEBR3
472958000,343012000,589725000,29018000,871385000,539930000,9777000,-129946000,139723000,0.00,Tradicional,28.36,Materiais_Básicos,Químicos_Diversos,CRPG5
4553202000,4553202000,10568980000,408974000,151511198000,2298020000,,,2298015000,80.00,Nível_1,50.61,Financeiro,Bancos,BRSR3
168269000,731622000,9319000,5783000,777139000,371746000,623545000,563353000,60192000,0.00,Tradicional,49.03,Materiais_Básicos,Artefatos_de_Ferro_e_Aço,MGEL4
5997778000,6968462000,2649664000,113173000,7280912000,2862549000,2451459000,970684000,1480775000,80.00,Tradicional,55.28,Materiais_Básicos,Químicos_Diversos,UNIP3
332061000,767643000,-86998000,195330000,1389110000,539423000,667004000,435582000,231422000,100.00,Novo_Mercado,21.36,Consumo_Cíclico,Incorporações,AVLL3
1440067000,758142000,1115017000,72081000,1529712000,874610000,-,-681925000,681925000,0.00,Tradicional,19.85,Utilidade_Pública,Energia_Elétrica,CEBR5
11001992000,26082992000,8461000000,262096000,31978000000,5329000000,15533000000,15081000000,452000000,0.00,Tradicional,1.01,Utilidade_Pública,Energia_Elétrica,CEEB3
9208183000,16028183000,2333000000,193759000,12292000000,3208000000,7408000000,6820000000,588000000,0.00,Tradicional,0.32,Utilidade_Pública,Energia_Elétrica,EKTR3
22789000,198987000,230512000,25260000,632088000,192847000,209949000,176198000,33751000,0.00,Tradicional,56.36,Consumo_Cíclico,Fios_e_Tecidos,CTSA4
180413000,180435000,-300501000,7100000,380495000,214596000,86000,22000,64000,0.00,Tradicional,42.32,Consumo_não_Cíclico,Carnes_e_Derivados,MNPR3
9958000,1577000,-50521000,2655000,36116000,20513000,1307000,-8381000,9688000,100.00,Novo_Mercado,39.11,Financeiro,Exploração_de_Imóveis,NEXP3
1593397000,2178251000,2652996000,92619000,4854633000,1916220000,1051569000,584854000,466715000,80.00,Nível_1,56.01,Materiais_Básicos,Madeira,EUCA3
596670000,596670000,810042000,18558000,11725046000,6203696000,,,83924000,100.00,Tradicional,8.54,Financeiro,Bancos,BGIP4
1440067000,758142000,1115017000,72081000,1529712000,874610000,-,-681925000,681925000,0.00,Tradicional,19.85,Utilidade_Pública,Energia_Elétrica,CEBR6
3394562000,3584085000,1691658000,94433000,3516604000,643925000,634192000,189523000,444669000,0.00,Tradicional,3.81,Utilidade_Pública,Energia_Elétrica,GEPA4
16384334000,28666127000,20601977000,658883000,43946662000,6605421000,14112054000,12281793000,1830261000,80.00,Nível_1,64.18,Utilidade_Pública,Energia_Elétrica,ISAE3
214414000,170488000,130425000,5222000,189876000,101279000,836000,-43926000,44762000,0.00,Tradicional,28.89,Consumo_não_Cíclico,Carnes_e_Derivados,BAUH4
5466922000,5260473000,4051629000,683062000,6381470000,3126144000,892197000,-206449000,1098646000,80.00,Nível_1,27.74,Consumo_Cíclico,Calçados,ALPA3
400087000,1444812000,758413000,372183000,3160866000,375943000,1145868000,1044725000,101143000,100.00,Nível_2,23.70,Utilidade_Pública,Energia_Elétrica,RNEW11
182280000,119567000,182554000,9800000,281464000,205795000,15706000,-62713000,78419000,0.00,Tradicional,34.89,Saúde,Equipamentos,BALM4
897382000,861714000,999766000,109310000,1623970000,1064596000,242362000,-35668000,278030000,100.00,Tradicional,99.67,Materiais_Básicos,Petroquímicos,DEXP4
98044000,562969202000,220547000,43769000,1333119000,652889000,562899000000,562871158000,27842000,100.00,Novo_Mercado,34.36,Consumo_Cíclico,Incorporações,RDNI3
16220631000,23570291000,1420183000,132520000,14028666000,3690806000,8492910000,7349660000,1143250000,0.00,Nível_1,0.86,Utilidade_Pública,Gás,CGAS5
1555905000,1012408000,990925000,12251000,2118864000,1279671000,669026000,-543497000,1212523000,0.00,Tradicional,4.60,Financeiro,Holdings_Diversificadas,MOAR3
13337243000,26451507000,4157525000,2110323000,30093911000,7964589000,16122120000,13114264000,3007856000,0.00,Tradicional,0.25,Utilidade_Pública,Energia_Elétrica,REDE3
314677000,413224000,337052000,22500000,644494000,276196000,108730000,98547000,10183000,0.00,Tradicional,59.77,Bens_Industriais,Máquinas_e_Equipamentos_Industriais,EALT3
472958000,343012000,589725000,29018000,871385000,539930000,9777000,-129946000,139723000,0.00,Tradicional,28.36,Materiais_Básicos,Químicos_Diversos,CRPG3
3039000,3038000,-6470000,918000,774000,1000,-,-1000,1000,0.00,Tradicional,3.89,Financeiro,Outros,MAPT4
22789000,198987000,230512000,25260000,632088000,192847000,209949000,176198000,33751000,0.00,Tradicional,56.36,Consumo_Cíclico,Fios_e_Tecidos,CTSA3
41558000,393216000,-972058000,20272000,503144000,252399000,379602000,351658000,27944000,100.00,Novo_Mercado,94.94,Consumo_Cíclico,Incorporações,RSID3
82783000,50538000,-81020000,18372000,522192000,102363000,880000,-32245000,33125000,0.00,Tradicional,13.95,Consumo_Cíclico,Hotelaria,HOOT4
16620000,-11365000,-50772000,11900000,67153000,59894000,20754000,-27985000,48739000,0.00,Tradicional,75.75,Bens_Industriais,Produtos_para_Construção,HAGA4
545956000,477315000,324623000,2947000,409993000,243570000,2178000,-68641000,70819000,0.00,Tradicional,31.65,Materiais_Básicos,Artefatos_de_Ferro_e_Aço,TKNO4
513450000,361839000,464622000,8789000,554426000,422753000,16085000,-151611000,167696000,0.00,Tradicional,34.76,Bens_Industriais,Máquinas_e_Equipamentos_de_Construção_e_Agrícolas,MTSA4
400385000,346974000,1087490000,84682000,1091335000,55100000,-,-53411000,53411000,0.00,Nível_1,24.65,Financeiro,Serviços_Financeiros_Diversos,RPAD3
172805000,9002000,206593000,454000,237339000,182095000,3820000,-163803000,167623000,0.00,Tradicional,22.00,Consumo_Cíclico,Bicicletas,BMKS3
197121000,581760000,315201000,10000000,971374000,415222000,393027000,384639000,8388000,80.00,Nível_1,61.57,Consumo_Cíclico,Fios_e_Tecidos,CEDO4
920872000,968913000,786260000,23932000,1612924000,1189129000,464820000,48041000,416779000,0.00,Tradicional,34.71,Materiais_Básicos,Artefatos_de_Ferro_e_Aço,PATI3
16220631000,23570291000,1420183000,132520000,14028666000,3690806000,8492910000,7349660000,1143250000,0.00,Nível_1,0.86,Utilidade_Pública,Gás,CGAS3
293570000,435035000,529743000,48046000,1063020000,594884000,386759000,141464000,245294000,80.00,Tradicional,66.52,Consumo_Cíclico,Fios_e_Tecidos,PTNT3
813660000,1151320000,794710000,36414000,1426330000,845080000,424350000,337660000,86690000,0.00,Tradicional,15.11,Bens_Industriais,Material_de_Transporte,WLMM4
504429000,5487048000,-3617835000,68254000,8252299000,2573007000,5710462000,4982619000,727843000,80.00,Nível_1,0.26,Utilidade_Pública,Energia_Elétrica,CEED3
545956000,477315000,324623000,2947000,409993000,243570000,2178000,-68641000,70819000,0.00,Tradicional,31.65,Materiais_Básicos,Artefatos_de_Ferro_e_Aço,TKNO3
167566000,644884000,160158000,9921000,1420451000,592976000,480641000,477318000,3323000,0.00,Tradicional,67.22,Consumo_Cíclico,Acessórios,MNDL3
16620000,-11365000,-50772000,11900000,67153000,59894000,20754000,-27985000,48739000,0.00,Tradicional,75.75,Bens_Industriais,Produtos_para_Construção,HAGA3
205179000,577029000,18555000,6205000,707988000,463979000,445097000,371850000,73247000,0.00,Tradicional,12.86,Consumo_Cíclico,Fios_e_Tecidos,CTKA4
2617000,2617000,9000,2814000,806000,797000,-,-,-,0.00,Tradicional,100.00,Financeiro,Gestão_de_Recursos_e_Investimentos,PPLA11
35567000,138686000,-573005000,8083000,328919000,115383000,103660000,103119000,541000,0.00,Tradicional,68.43,Consumo_Cíclico,Brinquedos_e_Jogos,ESTR4
276317000,224653000,242674000,8543000,552934000,252037000,3974000,-51664000,55638000,0.00,Tradicional,3.25,Consumo_Cíclico,Produção_de_Eventos_e_Shows,AHEB3
5997778000,6968462000,2649664000,113173000,7280912000,2862549000,2451459000,970684000,1480775000,0.00,Tradicional,55.28,Materiais_Básicos,Químicos_Diversos,UNIP5
115359000,84173000,71583000,2457000,117358000,65815000,-,-31186000,31186000,0.00,Tradicional,13.02,Bens_Industriais,Engenharia_Consultiva,SOND6
115359000,84173000,71583000,2457000,117358000,65815000,-,-31186000,31186000,0.00,Tradicional,13.02,Bens_Industriais,Engenharia_Consultiva,SOND5
709092000,657254000,898730000,18908000,1294403000,271327000,164106000,-51838000,215944000,0.00,Tradicional,49.58,Financeiro,Holdings_Diversificadas,PEAB4
2837172000,2350680000,3363440000,353175000,4334562000,1671967000,352231000,-486492000,838723000,80.00,Nível_1,45.83,Materiais_Básicos,Siderurgia,FESA3
197121000,581760000,315201000,10000000,971374000,415222000,393027000,384639000,8388000,80.00,Nível_1,61.57,Consumo_Cíclico,Fios_e_Tecidos,CEDO3
68339000,358899000,-577159000,12425000,635494000,206834000,311825000,290560000,21265000,0.00,Tradicional,40.01,Consumo_Cíclico,Automóveis_e_Motocicletas,PLAS3
13349000,183162000,-233585000,1600000,531961000,227618000,187155000,169813000,17342000,0.00,Nível_1,76.94,Bens_Industriais,Máquinas_e_Equipamentos_Industriais,BDLL4
34078623000,46815649000,26272206000,2982810000,60240753000,16146351000,18795043000,12737026000,6058017000,100.00,Nível_2,100.00,Utilidade_Pública,Energia_Elétrica,CPLE5
43257000,43904000,157085000,20784000,221713000,32468000,18933000,647000,18286000,0.00,Tradicional,30.35,Bens_Industriais,Transporte_Hidroviário,LUXM4
1571573000,2283234000,409814000,6286000,1928784000,1318619000,819669000,711661000,108008000,100.00,Novo_Mercado,64.39,Bens_Industriais,Máquinas_e_Equipamentos_Industriais,FRIO3
104153000,314457000,-2025587000,12774000,578897000,342604000,225596000,210304000,15292000,0.00,Tradicional,66.36,Materiais_Básicos,Materiais_Diversos,SNSY5
8744582000,13342804000,7748664000,340000000,20465377000,4826141000,8307447000,4598222000,3709225000,0.00,Tradicional,1.84,Bens_Industriais,Transporte_Ferroviário,MRSA5B
439386000,515093000,693418000,75645000,995039000,571214000,153725000,75707000,78018000,0.00,Tradicional,12.49,Consumo_Cíclico,Fios_e_Tecidos,DOHL4
24970000,104789000,19835000,2058000,305655000,114007000,88160000,79819000,8341000,0.00,Tradicional,49.10,Bens_Industriais,Material_Rodoviário,MWET4
4695662000,7592546000,4032651000,164184000,9963995000,2401899000,3530000000,2896884000,633116000,0.00,Nível_1,1.30,Utilidade_Pública,Energia_Elétrica,EQMA3B
3175435000,7546436000,8490000000,254034000,19920000000,4250000000,4669116000,4371001000,298115000,0.00,Nível_1,0.19,Utilidade_Pública,Energia_Elétrica,CBEE3
81530000,80450000,1140000,11131000,8230000,7490000,-,-1080000,1080000,0.00,Tradicional,2.02,Bens_Industriais,Serviços_Diversos,DTCY3
38404000,76338000,-123781000,6621000,19354000,1526000,37948000,37934000,14000,0.00,Tradicional,1.07,Bens_Industriais,Máquinas_e_Equipamentos_Industriais,NORD3
8235000,2146287000,-1409770000,1928000,1188625000,186383000,2253760000,2138052000,115708000,100.00,Novo_Mercado,74.05,Financeiro,Exploração_de_Imóveis,GSHP3
8744582000,13342804000,7748664000,340000000,20465377000,4826141000,8307447000,4598222000,3709225000,0.00,Tradicional,1.84,Bens_Industriais,Transporte_Ferroviário,MRSA3B
21792000,21626000,165000,3602000,83517000,171000,-,-165000,165000,0.00,Nível_1,0.00,Bens_Industriais,Transporte_Hidroviário,PSVM11
7137231000,43248231000,-4236000000,797207000,95422000000,34101000000,49140000000,36111000000,13029000000,100.00,Nível_1,34.97,Materiais_Básicos,Petroquímicos,BRKM6
182280000,119567000,182554000,9800000,281464000,205795000,15706000,-62713000,78419000,0.00,Tradicional,34.89,Saúde,Equipamentos,BALM3
256291000,486652000,647667000,9133000,1614873000,194538000,281601000,230361000,51240000,0.00,Tradicional,63.98,Financeiro,Exploração_de_Imóveis,HBTS5
920872000,968913000,786260000,23932000,1612924000,1189129000,464820000,48041000,416779000,0.00,Tradicional,34.71,Materiais_Básicos,Artefatos_de_Ferro_e_Aço,PATI4
8205289000,8205289000,14115131000,86371000,70923904000,63774584000,,,1626425000,0.00,Tradicional,0.71,Financeiro,Bancos,BNBR3
8744582000,13342804000,7748664000,340000000,20465377000,4826141000,8307447000,4598222000,3709225000,0.00,Tradicional,1.84,Bens_Industriais,Transporte_Ferroviário,MRSA6B
709092000,657254000,898730000,18908000,1294403000,271327000,164106000,-51838000,215944000,0.00,Tradicional,49.58,Financeiro,Holdings_Diversificadas,PEAB3
465565000,472966000,240521000,63084000,353121000,86283000,30613000,7401000,23212000,0.00,Tradicional,1.33,Utilidade_Pública,Energia_Elétrica,AFLT3
472958000,343012000,589725000,29018000,871385000,539930000,9777000,-129946000,139723000,0.00,Tradicional,28.36,Materiais_Básicos,Químicos_Diversos,CRPG6
12713752000,17015618000,5385613000,2213527000,17298861000,5686944000,6864733000,4301866000,2562867000,0.00,Tradicional,2.12,Utilidade_Pública,Energia_Elétrica,EQPA6
3013349000,8429431000,5245554000,119202000,15178531000,3042076000,5600630000,5416082000,184548000,0.00,Tradicional,36.51,Utilidade_Pública,Energia_Elétrica,COCE3
94054000,93814000,139754000,4825000,542395000,78176000,,,240000,0.00,Tradicional,8.46,Financeiro,Bancos,BMIN4
4553202000,4553202000,10568980000,408974000,151511198000,2298020000,,,2298015000,100.00,Nível_1,50.61,Financeiro,Bancos,BRSR5
3394562000,3584085000,1691658000,94433000,3516604000,643925000,634192000,189523000,444669000,0.00,Tradicional,3.81,Utilidade_Pública,Energia_Elétrica,GEPA3
3933364000,7395572000,3863834000,38571000,13428170000,4261138000,4217531000,3462208000,755323000,100.00,Nível_2,75.46,Utilidade_Pública,Energia_Elétrica,CLSC3
13640849000,19507459000,4019072000,218941000,14313147000,3953497000,7351996000,5866610000,1485386000,0.00,Tradicional,2.49,Utilidade_Pública,Energia_Elétrica,ENMT4
12713752000,17015618000,5385613000,2213527000,17298861000,5686944000,6864733000,4301866000,2562867000,0.00,Tradicional,2.12,Utilidade_Pública,Energia_Elétrica,EQPA5
11001992000,26082992000,8461000000,262096000,31978000000,5329000000,15533000000,15081000000,452000000,0.00,Tradicional,1.01,Utilidade_Pública,Energia_Elétrica,CEEB5
3709938000,3709938000,1901446000,104831000,27155138000,20962816000,,,4171744000,0.00,Tradicional,46.32,Financeiro,Bancos,BMEB3
