Cotação,VARIAÇÃO,P/L,P/VP,DY,P/RECEITA (PSR),DIVIDEND YIELD  - BBAS3,PAYOUT,MARGEM LÍQUIDA,MARGEM BRUTA,MARGEM EBIT,MARGEM EBITDA,EV/EBIT,P/EBIT,P/ATIVO,P/CAP.GIRO,P/ATIVO CIRC LIQ,VPA,LPA,GIRO ATIVOS,ROE,ROIC,ROA,PATRIMÔNIO / ATIVOS,PASSIVOS / ATIVOS,LIQUIDEZ CORRENTE,CAGR RECEITAS 5 ANOS,CAGR LUCROS 5 ANOS,Papel
20.04,-20.61,5.28,0.63,11.66,0.41,11.66,62.82,7.81,36.83,6.66,0.00,6.19,6.19,0.05,4.62,-0.43,31.72,3.8,0.11,11.97,6.85,1.02,0.07,0.88,1.01,18.01,13.16,BBAS3
31.86,-1.70,8.53,1.04,17.35,0.83,,153.59,9.70,49.67,27.45,35.26,5.57,3.01,0.36,-8.38,-0.4,30.71,3.73,0.43,12.16,14.47,4.23,0.34,0.65,0.72,12.77,50.67,PETR4
37.27,-18.82,24.40,7.04,2.13,3.82,,49.79,15.65,33.61,19.82,22.08,18.97,19.26,3.93,14.17,-10.76,5.29,1.53,1.03,28.86,26.58,16.97,0.56,0.42,1.77,18.58,23.05,WEGE3
15.57,34.02,8.80,0.97,7.83,0.75,,44.26,8.49,32.69,8.46,0.00,8.22,8.84,0.08,0.53,-0.47,16.10,1.77,0.11,10.99,10.74,0.93,0.08,0.92,1.22,22.53,2.82,BBDC4
13.1,21.40,14.58,3.67,2.2,6.41,,32.86,43.97,89.93,59.29,62.91,10.87,10.81,1.49,8.07,-2.29,3.57,0.9,0.23,25.18,13.91,10.22,0.41,0.59,2.13,2.91,2.66,B3SA3
1.5,-50.33,-3.65,0.88,0.65,0.06,,-2.44,-1.67,4.64,1.69,5.35,14.42,3.6,0.11,1.02,-0.19,1.70,-0.41,1.81,-24.20,3.82,-2.96,0.12,0.87,1.33,,,RAIZ4
13.43,20.47,14.67,2.24,6.78,2.31,,100.83,15.74,51.46,24.69,32.55,8.60,9.35,1.44,50.31,-2.04,6.00,0.92,0.62,15.27,18.02,10.08,0.64,0.35,1.11,9.45,4.82,ABEV3
7.55,-33.36,12.87,0.49,3.91,0.15,,52.02,1.14,30.75,4.29,7.78,5.15,3.41,0.16,1.84,-0.32,15.37,0.59,1.07,3.82,9.09,1.22,0.32,0.68,1.2,5.53,2.05,MGLU3
2.58,67.71,4.92,0.39,2.53,0.74,,12.73,15.13,67.94,21.89,56.30,7.23,3.4,0.2,3.71,-0.25,6.63,0.52,0.27,7.90,5.76,4.5,0.51,0.44,1.38,4.29,,COGN3
56.71,-2.86,8.18,1.27,8.3,1.22,,68.61,14.88,35.45,25.35,33.43,6.11,4.8,0.54,30.84,-0.65,44.52,6.93,0.44,15.57,16.32,6.32,0.42,0.56,1.11,0.29,3.98,VALE3
0.72,-90.79,-0.10,-0.02,0.0,0.03,,0.00,-31.85,30.81,20.11,33.77,8.51,0.16,0.03,-0.06,-0.03,-31.75,-7.2,0.79,-22.66,64.7,-25.24,-1.11,2.11,0.35,28.65,,AZUL4
4.3,-46.98,16.15,0.22,0.0,0.2,,0.00,1.26,7.67,3.04,7.70,9.81,6.68,0.13,0.38,-0.24,19.29,0.27,0.65,1.38,2.25,0.75,0.59,0.34,4.26,10.5,-25.09,USIM5
5.74,-57.70,-0.97,1.36,0.0,0.24,,0.00,-25.18,31.23,5.69,15.75,25.28,4.3,0.08,0.72,-0.11,4.23,-5.9,0.34,-139.63,-2.35,-8.13,0.06,0.73,2.13,26.51,,CSAN3
34.87,20.88,9.00,1.87,7.65,1.07,,67.57,11.84,39.07,13.67,0.00,7.39,7.8,0.13,0.75,-2.07,18.65,3.87,0.13,20.77,21.28,1.53,0.07,0.92,1.24,15.22,23.22,ITUB4
6.08,-7.88,-4.94,0.57,0.0,0.36,,0.00,-7.38,27.02,3.64,5.75,35.85,10.01,0.12,0.83,-0.22,10.65,-1.23,0.33,-11.55,1.03,-2.35,0.21,0.76,1.47,7.15,,MRVE3
13.85,17.24,15.10,19.69,5.39,3.81,,283.44,25.23,56.09,43.80,52.34,10.33,8.7,2.26,2.040.01,-2.69,0.70,0.92,0.59,130.43,32.2,14.96,0.11,0.89,1.01,27.6,,STBP3
3.82,-5.39,5.99,1.66,6.84,0.96,,42.09,16.00,68.12,59.59,78.52,6.25,1.61,0.18,1.51,-0.25,2.30,0.64,0.19,27.69,12.55,1.36,0.11,0.89,1.86,23.26,11.28,VAMO3
10.37,15.30,7.49,1.33,8.38,13.9,,70.89,185.53,28.63,207.75,222.59,6.92,6.69,1.03,18.96,-1.16,7.82,1.38,0.07,17.71,17.51,13.91,0.78,0.18,1.97,6.88,15.94,ITSA4
9.52,-3.27,15.58,2.39,1.1,0.17,,17.56,1.10,16.61,5.28,7.51,6.24,3.24,0.29,15.89,-0.44,3.98,0.61,1.68,15.34,17.35,1.85,0.12,0.88,1.05,15.83,-11.9,ASAI3
5.1,-18.66,-2.58,-4.76,0.0,0.08,,0.00,-3.16,20.09,7.02,9.01,6.99,1.16,0.08,0.42,-0.18,-1.07,-1.98,0.95,-184.64,9.78,-2.97,-0.02,1.0,1.48,14.43,,BEEF3
20.1,-6.11,3.63,1.09,6.48,0.13,,23.64,3.49,4.77,4.93,5.29,4.96,2.57,0.36,1.79,-0.62,18.37,5.53,2.85,30.13,14.38,9.93,0.33,0.66,1.94,16.85,9.61,VBBR3
2.38,32.22,-16.37,2.41,0.0,0.87,,0.00,-5.29,94.0,7.12,22.69,13.76,12.17,0.34,-4.13,-0.79,0.99,-0.15,0.39,-14.72,7.37,-2.05,0.14,0.86,0.88,18.23,,CVCB3
17.29,53.91,14.33,1.78,4.15,1.24,,59.24,8.65,60.83,9.85,18.33,11.75,12.58,0.99,4.33,-2.32,9.69,1.21,0.8,12.45,11.89,6.93,0.56,0.44,1.67,14.43,3.12,LREN3
6.01,4.59,8.33,0.84,2.86,0.16,,24.62,1.86,30.15,19.78,35.50,6.89,0.78,0.07,-1.94,-0.1,7.20,0.72,0.48,10.02,11.9,0.89,0.09,0.91,0.87,27.98,19.11,MOVI3
10.45,15.74,4.27,1.07,18.0,0.74,,76.79,17.25,19.8,23.79,27.26,4.63,3.1,0.47,34.45,-0.62,9.75,2.45,0.64,25.09,17.6,10.96,0.44,0.56,1.06,9.99,19.58,CMIG4
8.21,39.17,8.22,2.36,6.88,1.08,,57.56,13.18,24.73,16.33,18.24,7.12,6.63,1.04,4.32,-2.49,3.49,1.0,0.96,28.66,15.73,12.79,0.44,0.55,1.7,19.14,66.15,POMO4
9.69,-19.78,1.750.03,0.77,0.59,1.06,,1.030.02,0.06,20.53,18.55,27.59,16.92,5.71,0.19,2.95,-0.25,12.62,0.01,0.18,0.04,3.7,0.14,0.25,0.72,1.45,,,AURE3
12.41,3.34,17.25,1.77,2.48,1.16,,43.10,6.70,35.79,27.17,34.23,9.52,4.25,0.4,5.43,-0.48,7.03,0.72,0.35,10.23,9.87,2.43,0.23,0.77,1.81,17.0,77.64,MOTV3
8.61,-28.19,-4.36,0.87,6.27,0.25,,-27.85,-5.84,26.82,10.19,18.87,10.02,2.5,0.11,0.83,-0.18,9.87,-1.98,0.45,-20.03,6.63,-1.79,0.13,0.84,1.64,8.34,,CSNA3
17.27,-0.93,10.70,0.63,3.72,0.51,,39.67,4.80,12.8,8.98,13.83,6.74,5.72,0.41,1.75,-0.66,27.62,1.61,0.8,5.84,7.32,3.86,0.65,0.34,2.64,9.25,6.71,GGBR4
39.71,25.33,12.46,2.55,1.12,3.46,,26.93,27.80,20.14,30.51,0.00,14.87,11.35,0.31,-21.54,-2.28,15.59,3.19,0.09,20.45,22.18,2.45,0.12,0.88,0.98,27.22,30.1,BPAC11
16.78,-20.79,-21.79,2.13,4.74,2.26,,-105.26,-10.38,46.27,15.38,34.01,20.90,14.71,0.61,6.11,-0.76,7.87,-0.77,0.27,-9.78,4.83,-2.75,0.28,0.71,1.9,14.58,,RAIL3
35.8,-14.82,20.15,1.47,4.87,1.0,,93.37,4.97,23.5,15.54,31.82,12.19,6.44,0.48,7.35,-0.61,24.42,1.78,0.48,7.28,8.59,2.37,0.33,0.67,1.43,30.31,12.9,RENT3
3.4,18.88,-0.87,0.6,0.0,0.09,,0.00,-10.10,27.63,-1.47,4.68,-14.57,-5.99,0.09,-12.53,-0.12,5.64,-3.91,0.98,-69.32,-6.37,-9.87,0.14,0.86,0.98,-18.03,,PCAR3
42.38,-7.87,3.35,1.43,0.0,2.43,,0.00,72.61,43.99,40.30,62.21,8.89,6.04,0.69,6.67,-0.82,29.68,12.64,0.28,42.58,0.78,20.68,0.49,0.51,3.19,52.3,90.39,PRIO3
25.19,32.87,5.66,1.03,4.12,1.16,,13.41,20.48,32.6,24.36,25.56,6.24,4.76,0.44,1.11,-1.02,24.35,4.45,0.38,18.28,11.98,9.15,0.43,0.52,3.36,16.89,1.8,CYRE3
11.75,25.07,11.91,1.33,6.87,1.52,,79.47,12.73,22.1,19.07,25.37,10.60,7.95,0.58,6.65,-0.79,8.81,0.99,0.38,11.20,8.38,4.86,0.44,0.56,1.48,4.22,-5.6,CPLE6
14.06,-45.33,20.54,3.72,2.86,0.61,,51.07,2.95,29.58,5.59,9.74,12.06,10.85,1.07,7.19,-2.54,3.78,0.68,1.76,18.13,21.43,5.23,0.29,0.71,1.34,14.69,18.93,RADL3
13.4,27.43,7.58,0.83,8.28,0.64,,44.26,8.49,32.69,8.46,0.00,8.22,7.61,0.07,0.45,-0.41,16.10,1.77,0.11,10.99,10.74,0.93,0.08,0.92,1.22,22.53,2.82,BBDC3
15.82,-27.75,7.79,1.16,4.31,0.13,,34.49,1.66,7.16,3.51,4.18,6.26,3.69,0.47,2.81,-0.76,13.62,2.03,3.61,14.90,1.63,6.45,0.4,0.58,1.76,10.92,21.27,UGPA3
3.75,0.27,-5.40,3.0,0.0,1.99,,0.00,-36.82,11.6,-12.92,13.83,-34.99,-15.39,0.46,20.62,-0.61,1.25,-0.69,0.23,-55.55,-5.65,-8.42,0.15,0.85,1.09,-0.4,,HBSA3
19.05,-27.65,57.38,0.79,0.0,0.92,,0.00,1.61,27.19,27.69,43.27,8.34,3.33,0.2,4.28,-0.25,24.02,0.33,0.22,1.38,9.09,0.35,0.26,2.96,1.4,115.95,,BRAV3
3.92,-9.26,67.83,0.81,1.82,1.58,,123.97,2.33,47.56,8.74,18.27,14.83,18.06,0.55,11.37,-0.83,4.86,0.06,0.35,1.19,3.51,0.81,0.68,0.32,1.17,23.42,10.51,LWSA3
9.59,-6.02,8.53,0.49,3.53,0.14,,30.25,1.64,12.8,8.95,13.76,2.81,1.56,0.11,0.48,-0.18,19.58,1.12,0.8,5.74,15.14,3.87,0.23,0.34,2.64,9.25,6.79,GOAU4
42.57,55.57,32.48,5.32,1.72,4.66,,56.47,14.36,69.33,17.21,23.39,26.77,27.11,2.94,14.47,-4.43,8.01,1.31,0.63,16.37,13.54,9.29,0.55,0.41,2.52,16.08,22.29,TOTS3
18.6,-10.93,12.72,2.66,6.28,1.15,,80.18,9.00,36.72,22.03,32.54,11.93,5.2,0.4,3.61,-0.52,6.98,1.46,0.35,20.94,9.02,3.54,0.15,0.8,1.96,10.93,,KLBN11
67.27,64.80,22.54,2.72,0.38,1.33,,2.35,5.91,17.79,10.93,14.64,12.95,12.19,0.74,5.70,-1.6,24.73,2.98,0.56,12.07,12.03,3.33,0.27,0.7,1.32,13.74,,EMBR3
3.08,-35.83,-0.25,0.14,0.0,0.01,,0.00,-4.28,30.82,2.92,6.74,10.86,0.36,0.01,-0.06,-0.02,21.97,-12.54,0.85,-57.06,1.65,-3.63,0.06,0.94,0.74,-0.74,,BHIA3
0.55,-,-2.62,0.72,0.0,87.85,,0.00,-3.349.72,23.52,-4.962.33,-5.145.59,-1.77,-1.77,0.58,-12.72,-0.58,0.77,-0.21,0.01,-27.29,-53.74,-22.17,0.81,0.19,0.02,,,AZTE3
33.64,8.77,7.78,5.77,10.84,,,85.86,0.00,0.0,0.00,0.00,6.28,6.95,3.63,14.41,-6.27,5.83,4.32,0.0,74.13,68.13,46.67,0.63,0.37,2.5,-100.0,17.56,BBSE3
34.82,-2.18,9.33,1.13,15.89,0.9,,153.59,9.70,49.67,27.45,35.26,5.57,3.29,0.39,-9.16,-0.44,30.71,3.73,0.43,12.16,14.47,4.23,0.34,0.65,0.72,12.77,50.67,PETR3
0.05,-85.71,-0.02,-0.27,0.0,0.04,,0.00,-165.92,29.7,-149.16,-140.40,0.54,-0.03,0.03,-0.15,-0.05,-0.19,-2.14,0.71,-1.157.09,163.97,-117.3,-0.1,1.1,0.73,,,IFCM3
5.3,19.43,8.05,2.84,15.47,1.5,,126.11,18.59,57.23,27.32,33.53,4.63,5.48,0.82,3.15,-1.56,1.87,0.66,0.55,35.30,20.47,10.23,0.29,0.71,2.24,7.11,-2.18,CMIN3
30.43,32.05,17.38,1.46,3.57,1.75,,130.45,10.07,43.87,15.45,41.12,12.74,11.33,0.78,-103.34,-0.98,20.89,1.75,0.45,8.38,9.21,4.52,0.54,0.46,0.96,5.62,3.69,VIVT3
13.61,0.93,10.31,2.91,8.33,,,86.81,0.00,0.0,0.00,0.00,9.01,9.29,2.86,22.49,-3.34,4.68,1.32,0.0,28.22,27.15,27.78,0.98,0.02,9.32,-100.0,17.53,CXSE3
1.11,7.77,-1.86,-1.82,0.0,3.24,,0.00,-174.27,5.26,-141.30,-129.81,-2.90,-2.29,0.76,-4.89,-1.13,-0.61,-0.6,0.23,-98.07,79.51,-43.63,-0.42,1.42,0.68,-17.49,,RCSL4
8.94,-49.72,-0.77,-1.68,0.0,0.09,,0.00,-11.75,7.72,-1.19,5.03,-46.11,-7.59,0.07,0.87,-0.12,-5.31,-11.64,0.83,-219.00,-12.82,-10.51,-0.04,1.04,1.32,6.16,,BRKM5
22.92,142.70,6.97,6.98,12.14,0.13,,86.19,1.80,13.08,4.04,8.70,9.95,3.1,0.15,2.18,-0.23,3.28,3.29,1.16,100.15,5.54,3.06,0.02,0.85,1.22,18.35,-1.8,MRFG3
20.86,0.24,26.37,2.21,2.66,2.04,,74.87,7.73,41.79,22.78,47.71,11.14,8.95,0.67,8.45,-0.87,9.43,0.79,0.33,8.39,11.32,2.56,0.3,0.7,1.53,,,SMFT3
11.8,35.01,1.260.63,1.35,0.0,1.6,,0.00,0.13,37.27,25.59,42.90,15.38,6.25,0.36,15.54,-0.42,8.74,0.01,0.22,0.11,5.74,0.03,0.26,0.73,1.16,33.18,-34.81,SRNA3
7.18,-34.64,7.41,0.76,3.51,0.19,,42.37,2.54,26.63,9.86,12.85,7.41,1.91,0.13,0.47,-0.29,9.43,0.97,0.69,10.27,8.31,3.2,0.17,0.76,2.06,18.57,-7.02,RAPT4
34.18,8.56,13.81,1.59,2.28,0.9,,31.90,6.55,28.4,19.18,24.64,9.57,4.71,0.37,8.27,-0.48,21.46,2.47,0.41,11.53,10.85,3.37,0.23,0.73,1.24,21.4,2.47,EQTL3
12.62,23.43,11.42,1.18,4.41,0.68,,51.64,5.94,60.89,17.03,32.31,8.83,3.99,0.37,5.71,-0.49,10.74,1.11,0.55,10.29,10.39,3.24,0.32,0.68,1.36,6.88,26.19,YDUQ3
16.78,-4.74,5.65,0.76,11.97,,,66.13,0.00,0.0,0.00,0.00,5.13,5.96,0.75,11.18,-0.82,22.05,2.97,0.0,13.47,12.75,13.27,0.99,0.01,5.83,-100.0,-4.47,BRAP4
14.39,-3.68,12.55,1.51,7.04,1.01,,88.72,8.05,27.58,15.44,25.74,9.06,6.54,0.59,3.00,-0.91,9.55,1.15,0.59,12.01,9.47,4.61,0.39,0.6,2.29,21.27,18.92,FLRY3
3.98,12.43,-45.21,1.11,7.19,0.54,,-327.47,-1.20,46.91,1.66,7.11,34.54,32.85,0.48,3.31,-0.74,3.59,-0.09,0.88,-2.45,0.9,-1.05,0.43,0.57,1.68,18.69,,PETZ3
38.43,7.83,9.15,0.73,4.53,2.12,,43.08,23.14,44.48,52.13,61.93,6.21,4.06,0.31,2.74,-0.39,52.66,4.2,0.15,7.98,11.34,3.44,0.43,0.57,2.29,7.57,8.71,ELET3
5.91,2.43,-28.84,1.46,0.0,1.35,,-1.233.00,-4.66,-4.41,-4.41,-1.26,-16.85,-30.51,1.06,2.38,-2.9,4.04,-0.2,0.79,-5.07,-14.68,-4.19,0.72,0.26,3.35,25.02,,CASH3
19.9,30.71,14.04,1.97,8.26,1.87,,94.82,13.33,53.3,22.19,49.44,8.03,8.43,0.85,-27.20,-1.11,10.10,1.42,0.46,14.03,20.33,6.08,0.43,0.57,0.88,8.32,13.23,TIMS3
25.49,9.16,10.12,2.3,4.34,5.2,,40.04,51.35,82.83,67.34,72.95,10.18,7.72,1.05,20.70,-1.27,11.07,2.52,0.2,22.76,13.86,10.36,0.46,0.54,1.41,18.68,6.29,MULT3
13.82,9.60,44.94,1.14,0.0,1.59,,0.00,3.53,31.26,17.71,31.44,14.86,8.96,0.4,5.86,-0.5,12.08,0.31,0.25,2.55,2.16,1.74,0.35,0.62,1.53,33.61,-1.12,ENEV3
109.0,25.82,7.28,1.94,3.36,1.96,,24.90,26.93,53.87,43.91,50.46,5.63,4.46,0.87,68.38,-1.03,56.18,14.98,0.44,26.66,18.72,11.95,0.45,0.55,1.09,16.39,60.1,SBSP3
32.61,20.52,18.28,2.99,2.26,1.45,,41.70,7.95,19.38,15.50,18.78,9.11,9.38,0.72,2.17,-1.45,10.92,1.78,0.49,16.33,10.97,3.99,0.24,0.74,2.87,29.63,55.41,RDOR3
21.13,3.60,28.07,2.05,3.17,7.39,,66.19,26.33,63.86,53.76,68.83,12.96,13.75,1.1,8.21,-1.46,10.32,0.75,0.15,7.29,7.55,3.96,0.54,0.46,2.16,11.33,11.9,IGTI11
21.24,4.14,9.32,2.23,3.24,0.56,,30.93,6.03,26.24,11.77,17.30,5.71,4.78,0.57,3.61,-1.14,9.54,2.28,1.01,23.89,16.65,6.81,0.26,0.72,1.46,9.98,25.23,BRFS3
3.54,21.36,12.28,0.6,14.42,0.37,,182.11,3.02,61.77,22.82,33.86,4.79,1.63,0.14,1.19,-0.19,5.87,0.29,0.39,4.91,13.11,2.48,0.24,0.71,2.06,22.05,,ANIM3
5.14,40.76,3.28,0.61,7.12,2.04,,23.75,62.12,58.77,90.78,95.03,4.34,2.25,0.24,1.39,-0.36,8.44,1.57,0.12,18.55,12.17,7.27,0.4,0.58,2.1,7.97,10.62,JHSF3
31.48,-46.87,-29.94,0.32,0.0,0.68,,0.00,-2.28,15.46,3.93,10.20,21.35,17.33,0.21,2.49,-0.25,97.22,-1.05,0.31,-1.08,1.06,-0.71,0.66,0.34,2.1,22.09,,HAPV3
0.55,-64.05,-0.39,0.14,0.0,0.67,,0.00,-171.21,2.51,-159.37,-135.38,-0.96,-0.42,0.08,-0.50,-0.09,3.84,-1.41,0.12,-36.63,-37.0,-20.04,0.55,0.45,0.44,47.52,,AZEV4
25.61,23.55,6.99,1.17,6.49,1.21,,55.58,17.26,43.05,25.74,36.01,7.23,4.68,0.61,22.08,-0.72,21.82,3.67,0.51,16.80,11.83,8.75,0.52,0.48,1.22,8.61,11.29,CSMG3
21.3,3.48,13.41,0.86,5.1,4.21,,62.73,31.40,74.1,59.06,81.36,9.01,7.13,0.43,4.49,-0.51,24.74,1.59,0.1,6.42,8.19,3.62,0.51,0.47,2.87,28.06,36.59,ALOS3
24.35,38.85,6.83,0.84,3.4,0.59,,23.29,8.62,27.16,20.03,27.40,7.43,2.94,0.27,9.68,-0.33,29.02,3.56,0.45,12.28,11.41,3.93,0.32,0.68,1.17,9.42,8.42,NEOE3
51.63,-2.64,-68.79,1.7,3.9,1.32,,-268.77,-1.92,40.54,31.11,50.78,9.08,4.24,0.42,3.07,-0.54,30.38,-0.75,0.32,-2.47,9.09,-0.59,0.25,0.75,2.61,10.2,,SUZB3
16.74,102.34,13.38,1.58,2.22,0.66,,0.00,4.95,54.88,10.61,12.72,6.15,6.24,0.56,5.13,-1.05,10.58,1.25,0.84,11.82,16.05,4.16,0.35,0.65,1.3,13.79,,CEAB3
0.53,-65.81,-0.38,0.14,0.0,0.65,,0.00,-171.21,2.51,-159.37,-135.38,-0.96,-0.4,0.08,-0.48,-0.09,3.84,-1.41,0.12,-36.63,-37.0,-20.04,0.55,0.45,0.44,47.52,,AZEV3
5.62,-19.48,17.89,0.67,0.99,0.56,,91.24,3.14,28.62,12.03,26.75,9.78,4.67,0.26,3.53,-0.35,8.38,0.31,0.46,3.75,6.7,1.49,0.38,0.6,1.37,6.88,-10.0,DXCO3
4.15,-30.45,-15.35,1.28,1.65,0.09,,-26.00,-0.56,25.58,16.30,26.35,7.10,0.52,0.04,0.41,-0.07,3.23,-0.27,0.51,-8.36,10.7,0.02,0.03,0.93,1.45,34.05,-47.9,SIMH3
26.08,-2.91,6.97,1.1,6.52,0.69,,42.98,9.93,37.72,14.27,0.00,4.85,4.85,0.08,4.05,-0.56,23.63,3.74,0.11,15.84,16.84,1.14,0.07,0.93,1.02,17.85,0.98,SANB11
5.06,-6.75,6.44,1.16,9.4,1.72,,61.49,26.72,47.65,19.36,22.38,6.13,8.89,0.98,1.82,-3.15,4.36,0.79,0.57,18.02,10.42,15.15,0.84,0.16,4.47,6.94,11.84,GRND3
3.87,-58.85,10.30,1.06,3.58,0.74,,66.10,7.16,38.06,26.49,38.34,6.42,2.78,0.29,1.64,-0.42,3.65,0.38,0.4,10.31,12.09,2.95,0.28,0.71,2.42,75.89,41.27,ARML3
14.31,-13.88,14.50,2.62,2.19,0.61,,32.81,4.21,14.79,8.43,10.79,9.11,7.24,0.67,2.20,-1.42,5.46,0.99,1.09,18.07,11.39,4.66,0.25,0.75,2.34,,,GGPS3
14.76,-31.42,11.06,1.64,3.1,1.04,,43.73,9.43,29.79,9.74,11.99,11.42,10.71,0.95,2.09,-3.25,8.98,1.33,0.91,14.87,10.86,8.52,0.57,0.42,2.77,16.79,5.86,INTB3
0.48,-88.99,0.01,-0.01,0.0,0.1,,0.00,847.38,-103.32,-68.99,-24.65,-8.75,-0.14,0.01,-0.07,-0.01,-44.41,42.57,0.08,-95.87,34.45,71.55,-0.75,1.74,0.7,-29.14,,OIBR3
25.0,14.64,8.06,2.26,2.61,2.21,,21.28,27.44,70.11,27.44,33.22,8.46,8.06,1.4,3.11,-3.73,11.06,3.1,0.63,28.05,21.78,17.33,0.62,0.38,3.54,20.57,37.95,VIVA3
6.69,-3.88,5.69,1.3,0.0,0.46,,16.53,8.06,39.22,35.46,45.99,6.60,1.29,0.14,-9.01,-0.17,5.13,1.18,0.31,22.93,10.62,2.5,0.11,0.88,0.9,20.52,,ECOR3
17.64,16.34,13.58,2.83,6.3,2.54,,85.49,18.73,47.83,33.12,43.91,9.79,7.68,1.19,57.65,-1.47,6.24,1.3,0.47,20.81,13.37,8.88,0.42,0.58,1.12,10.95,37.44,PORT3
2.46,-37.56,-5.65,0.9,4.82,0.17,,-28.05,-3.09,34.32,1.70,6.59,13.92,10.28,0.14,0.58,-0.46,2.75,-0.44,0.8,-15.84,2.2,-2.47,0.16,0.84,1.54,11.14,,LJQQ3
4.68,-10.34,16.86,0.71,0.0,0.35,,0.00,2.05,13.69,11.48,19.12,5.98,3.01,0.23,1.68,-0.33,6.57,0.28,0.66,4.22,10.31,2.18,0.32,1.54,1.77,,,CBAV3
45.62,4.35,5.70,1.16,6.29,0.61,,36.25,10.73,24.92,17.38,23.04,8.42,3.52,0.27,4.17,-0.35,39.29,8.0,0.44,20.36,10.24,5.78,0.23,0.71,1.38,10.93,23.01,ENGI11
36.47,-29.46,19.49,0.96,1.54,0.75,,30.73,3.86,53.73,5.52,10.74,17.50,13.63,0.49,3.03,-0.91,37.80,1.87,0.65,4.95,2.66,2.51,0.51,0.49,1.55,44.45,51.27,AZZA3
44.03,52.67,5.15,0.71,0.0,0.6,,0.00,11.72,12.67,12.90,0.00,-1.26,4.68,0.23,2.30,-0.36,61.84,8.55,0.37,13.82,8.82,4.38,0.32,0.68,1.36,-6.7,,IRBR3
21.14,66.06,13.88,2.4,0.77,0.76,,11.20,5.51,28.78,10.02,12.10,8.93,7.63,0.51,1.97,-1.24,8.80,1.52,0.66,17.30,14.78,3.37,0.21,0.78,1.77,8.33,-2.83,TEND3
17.95,-2.71,10.65,1.62,3.03,0.92,,32.42,8.64,31.67,21.76,25.45,6.93,4.23,0.46,3.39,-0.82,11.08,1.69,0.49,15.21,15.17,4.37,0.28,0.71,1.44,17.42,8.36,SLCE3
38.73,51.86,10.30,3.08,9.45,1.88,,99.16,18.26,37.03,22.20,24.21,8.91,8.47,0.63,1.94,-1.13,12.56,3.76,0.34,29.96,17.31,7.07,0.21,0.78,3.82,18.95,37.96,DIRR3
2.37,10.77,5.56,0.22,4.0,0.25,,23.71,4.48,33.62,17.68,20.23,8.04,1.41,0.05,0.34,-0.08,10.91,0.43,0.2,3.91,6.2,2.59,0.23,0.56,1.61,5.52,21.7,HBOR3
5.02,-93.39,0.14,0.22,0.0,0.07,,0.00,53.38,31.43,-5.72,1.62,-2.51,-1.28,0.06,0.43,-0.1,22.35,36.62,0.79,163.84,-77.75,42.19,0.26,0.74,1.49,6.29,,AMER3
10.96,31.76,11.11,1.24,6.7,1.41,,79.47,12.73,22.1,19.07,25.37,10.60,7.41,0.54,6.21,-0.74,8.81,0.99,0.38,11.20,8.38,4.86,0.44,0.56,1.48,4.22,-5.6,CPLE3
26.11,-3.67,20.45,1.41,4.39,2.47,,72.33,12.08,56.39,15.15,19.48,23.75,16.3,0.68,13.51,-0.9,18.53,1.28,0.28,6.89,1.88,3.29,0.48,0.52,1.26,10.37,-9.17,HYPE3
7.21,-24.29,7.51,1.81,9.07,0.82,,68.16,10.90,28.03,15.90,18.38,4.93,5.14,0.86,2.58,-2.52,3.97,0.96,1.05,24.17,17.24,11.39,0.47,0.53,2.01,18.74,20.6,KEPL3
38.03,23.99,8.22,1.97,7.25,1.02,,42.43,12.37,31.69,25.03,30.05,6.31,4.06,0.56,-175.96,-0.71,19.31,4.63,0.55,23.97,16.65,7.14,0.28,0.7,0.99,6.89,8.69,CPFE3
7.5,8.44,11.88,1.65,2.84,0.5,,30.67,4.22,22.79,6.75,7.89,7.71,7.43,0.82,2.25,-2.2,4.53,0.63,1.64,13.93,16.74,7.02,0.5,0.5,2.4,21.67,14.24,GMAT3
13.21,-32.74,6.98,0.87,16.17,1.15,,115.96,16.42,41.24,29.83,50.69,4.67,3.84,0.52,4.13,-0.66,15.21,1.89,0.45,12.43,14.19,7.44,0.6,0.4,2.47,33.95,,RECV3
51.56,80.94,11.80,2.41,4.51,0.92,,35.25,7.79,100.0,8.76,9.92,7.37,10.49,0.67,10.67,-1.51,21.43,4.37,0.73,20.39,13.65,5.81,0.28,0.72,1.13,14.27,11.23,PSSA3
22.28,-9.25,4.11,0.72,10.5,1.75,,43.59,42.48,46.33,63.15,63.59,5.39,2.77,0.33,2.48,-0.4,30.98,5.42,0.19,17.48,13.24,8.1,0.46,0.53,3.77,17.84,1.37,ISAE4
1.66,6.73,125.16,0.36,0.33,0.3,,0.00,0.24,84.39,11.21,35.27,7.73,2.72,0.11,3.42,-0.18,4.57,0.01,0.35,0.29,5.22,0.28,0.29,0.7,1.08,-5.24,-49.91,QUAL3
1.03,-46.35,-4.51,0.29,0.0,0.25,,0.00,-5.48,23.46,0.41,2.17,75.27,59.93,0.16,0.45,-0.49,3.60,-0.23,0.65,-6.35,-1.6,-3.55,0.56,0.44,2.11,,,MLAS3
28.75,41.76,11.62,7.4,5.03,1.95,,59.72,16.77,38.82,21.36,22.12,8.84,9.12,1.72,4.93,-4.6,3.89,2.47,0.88,63.68,33.89,15.98,0.23,0.72,2.26,30.33,422.44,CURY3
34.59,34.21,4.30,0.87,6.32,1.5,,19.03,34.97,56.21,38.83,47.13,5.69,3.87,0.42,9.66,-0.49,39.82,8.05,0.28,20.21,12.62,9.54,0.48,0.52,1.47,7.7,18.96,SAPR11
34.4,53.17,8.22,2.35,7.47,1.06,,61.64,12.90,21.57,17.64,18.92,5.64,6.01,1.68,4.66,-3.54,14.62,4.19,1.59,28.62,23.01,20.52,0.72,0.28,3.2,16.17,30.37,TGMA3
13.1,28.89,7.25,3.34,7.51,0.99,,55.65,13.69,32.98,18.04,18.38,5.77,5.5,1.07,1.85,-7.09,3.92,1.81,1.08,46.07,30.38,16.86,0.32,0.65,3.12,15.78,18.36,PLPL3
11.98,-6.21,5.17,1.01,4.52,0.41,,23.65,7.85,49.3,8.35,11.37,7.89,4.85,0.35,2.06,-0.71,11.91,2.32,0.85,19.46,10.87,6.69,0.34,0.66,1.49,24.54,,SBFG3
3.69,-10.98,12.62,2.64,6.32,1.14,,80.18,9.00,36.72,22.03,32.54,11.93,5.16,0.4,3.58,-0.51,1.40,0.29,0.35,20.94,9.02,3.54,0.15,0.8,1.96,10.93,,KLBN4
4.29,-37.47,208.04,0.38,6.32,0.18,,1.327.52,0.09,24.81,7.10,8.97,5.73,2.53,0.14,0.43,-0.42,11.34,0.02,0.81,0.18,7.8,0.19,0.38,0.62,2.03,9.14,-47.14,POSI3
13.47,27.18,8.46,1.62,1.4,0.49,,11.97,5.82,18.63,8.77,9.49,6.07,5.61,0.68,3.38,-1.97,8.33,1.59,1.39,19.11,14.4,8.06,0.42,0.58,1.45,,,TTEN3
5.45,-22.59,-3.67,0.96,0.0,0.46,,0.00,-12.51,31.79,-3.68,1.63,-29.03,-12.47,0.27,1.53,-0.43,5.68,-1.48,0.58,-26.14,-4.45,-8.03,0.28,0.7,1.81,,,ONCO3
10.69,-1.17,5.70,0.41,10.11,0.24,,58.41,4.30,31.86,4.41,0.00,5.80,5.55,0.03,7.63,-0.03,25.84,1.88,0.12,7.26,7.26,0.51,0.07,0.93,1.33,16.76,1.07,BRSR6
33.53,6.61,6.86,1.58,8.09,2.91,,38.26,42.41,63.47,73.57,74.26,7.18,3.95,0.55,8.04,-0.64,21.18,4.89,0.19,23.08,15.54,8.01,0.35,0.65,1.85,2.2,-5.73,TAEE11
13.29,5.32,6.64,0.6,8.83,1.8,,58.44,27.07,35.19,22.74,24.36,8.98,7.91,0.42,1.11,-0.75,22.17,2.0,0.23,9.02,5.13,6.74,0.7,0.28,7.71,11.75,2.49,EZTC3
6.09,43.29,0.98,0.4,0.0,0.15,,0.00,15.41,19.05,8.39,14.65,-1.04,1.79,0.08,0.88,-0.12,15.14,6.23,0.56,41.18,21.97,8.65,0.21,0.22,1.44,2.89,27.4,LIGT3
17.55,-40.58,10.48,0.87,5.05,0.81,,53.87,7.77,24.93,21.19,42.41,9.01,3.84,0.27,1.57,-0.38,20.15,1.67,0.33,8.31,8.31,2.56,0.31,0.69,2.43,10.75,-8.38,SMTO3
4.5,-40.48,16.90,0.23,0.0,0.21,,0.00,1.26,7.67,3.04,7.70,9.81,6.99,0.14,0.40,-0.25,19.29,0.27,0.65,1.38,2.25,0.75,0.59,0.34,4.26,10.5,-25.09,USIM3
3.67,13.43,7.47,0.49,10.92,0.24,,78.56,3.17,48.14,2.02,0.00,11.71,11.71,0.04,-1.95,-0.28,7.52,0.49,0.18,6.53,1.18,0.62,0.09,0.91,0.98,17.55,0.26,BMGB4
1.24,-60.38,-0.82,0.12,0.0,0.06,,0.00,-7.38,28.43,7.53,16.41,8.59,0.8,0.03,0.19,-0.05,10.38,-1.51,0.55,-14.55,5.0,-4.0,0.28,0.72,1.92,16.98,,DASA3
1.1,-50.67,-0.24,0.19,0.0,0.03,,-2.98,-12.93,11.34,-6.10,-4.75,-5.65,-0.51,0.04,0.15,-0.08,5.79,-4.58,1.22,-79.07,-12.35,-15.77,0.2,0.8,1.85,,,VVEO3
11.44,8.68,11.24,4.63,7.87,2.73,,138.30,24.29,35.93,31.61,33.86,7.96,8.64,2.83,-56.53,-3.91,2.47,1.02,1.04,41.21,36.23,25.14,0.61,0.39,0.85,5.57,9.33,ODPV3
41.83,-0.48,10.15,2.82,5.45,2.94,,69.03,28.94,53.62,55.80,65.68,8.39,5.26,0.65,17.99,-0.78,14.81,4.12,0.22,27.84,14.55,6.53,0.23,0.75,1.27,-1.06,4.25,EGIE3
6.54,63.04,1.79,0.91,50.93,0.75,,191.66,42.00,41.4,61.01,66.35,1.60,1.23,0.32,1.02,-0.51,7.15,3.66,0.42,51.13,33.09,21.18,0.34,0.41,5.43,22.27,39.28,SYNE3
1.33,-14.74,-4.38,0.39,0.0,0.17,,0.00,-3.92,33.38,1.83,12.32,19.03,9.37,0.14,-1.79,-0.17,3.45,-0.3,0.84,-8.81,2.45,-3.28,0.37,0.63,0.66,14.01,,MEAL3
5.07,-16.57,6.80,1.23,7.62,0.91,,53.52,13.43,26.23,14.79,18.31,17.50,6.18,0.65,1.48,-1.82,4.11,0.75,0.71,18.15,11.42,9.52,0.52,0.48,3.1,13.55,13.43,SHUL4
8.46,-0.82,29.55,1.43,1.23,1.35,,35.51,4.58,44.69,3.36,8.74,36.90,40.28,0.91,3.43,-1.78,5.93,0.29,0.67,4.83,2.17,3.06,0.63,0.36,2.17,4.88,8.99,ALPA4
7.73,-12.16,13.67,1.31,3.08,0.65,,42.71,4.78,38.26,4.53,0.00,14.42,14.42,0.15,-0.18,-0.15,5.88,0.57,0.23,9.61,5.69,1.11,0.11,0.99,0.0,9.37,2.04,BPAN4
7.82,11.40,11.99,0.73,0.0,0.4,,9.22,3.31,59.41,8.05,12.66,6.02,4.93,0.29,1.45,-0.78,10.78,0.65,0.74,6.05,8.67,2.46,0.41,0.59,1.49,9.53,,GUAR3
7.18,-11.46,5.34,1.22,9.14,1.03,,49.26,19.35,38.59,21.15,32.59,7.98,4.88,0.47,1.84,-0.73,5.89,1.35,0.45,22.84,8.07,8.76,0.38,0.62,3.51,10.12,28.31,RANI3
4.9,-41.27,8.39,0.49,5.95,0.14,,50.19,1.70,19.67,5.12,7.13,9.06,2.78,0.14,0.81,-0.35,9.97,0.58,0.99,5.86,6.08,1.68,0.29,0.71,1.42,10.05,-15.07,CAML3
29.64,1.54,8.65,1.15,2.93,2.31,,24.91,26.72,71.15,71.29,75.47,6.29,3.24,0.31,2.85,-0.39,25.84,3.43,0.14,13.26,13.78,6.23,0.27,0.61,2.15,-7.18,-1.13,ALUP11
20.59,-6.62,4.83,0.78,9.36,0.49,,45.61,10.20,19.82,11.61,0.00,4.24,4.24,0.08,0.09,-0.9,26.45,4.27,0.17,16.13,17.83,1.7,0.11,0.89,25.57,11.63,26.51,ABCB4
3.51,37.65,18.19,0.75,7.16,0.16,,131.74,0.85,31.71,4.79,8.73,5.28,3.25,0.24,1.60,-0.48,4.69,0.19,1.51,4.11,13.15,1.68,0.31,0.69,1.41,13.88,8.63,PGMN3
6.74,29.17,4.19,0.85,6.62,1.46,,19.03,34.97,56.21,38.83,47.13,5.69,3.77,0.41,9.42,-0.47,7.96,1.61,0.28,20.21,12.62,9.54,0.48,0.52,1.47,7.7,18.96,SAPR4
23.05,19.51,18.99,2.92,2.62,1.4,,42.71,7.36,33.57,13.35,17.62,13.85,10.46,0.92,3.49,-1.8,7.89,1.21,0.66,15.38,9.49,4.98,0.32,0.68,2.19,21.68,13.01,FRAS3
3.49,-48.63,-23.81,0.53,1.94,0.51,,-46.19,-2.13,35.91,28.62,63.01,7.31,1.77,0.15,0.85,-0.22,6.60,-0.15,0.29,-2.22,7.62,-0.62,0.28,0.72,2.19,6.38,,JALL3
18.44,32.07,8.63,2.3,8.69,1.61,,70.16,18.63,41.88,18.82,22.35,8.56,8.54,1.73,3.37,-5.74,8.03,2.14,1.07,26.62,22.85,20.02,0.75,0.25,3.74,21.75,79.45,VULC3
3.68,3.94,6.56,0.39,13.34,0.33,,84.02,5.06,24.83,13.01,9.48,5.67,2.55,0.17,0.36,-0.93,9.43,0.56,0.53,5.95,7.77,3.74,0.45,0.53,2.45,23.32,11.15,MTRE3
5.5,-46.99,9.13,0.55,3.88,0.44,,14.21,4.85,34.96,9.47,12.40,8.56,4.68,0.27,1.16,-0.65,10.01,0.6,0.62,6.01,6.87,3.01,0.5,0.5,1.7,-2.37,-21.97,TASA4
10.85,1.17,8.91,1.71,4.62,1.55,,41.31,17.44,62.94,32.97,47.61,6.91,4.71,0.65,3.40,-1.01,6.35,1.22,0.42,19.17,12.81,7.33,0.38,0.62,2.17,26.41,,MILS3
42.02,5.89,10.00,0.8,4.57,2.31,,43.08,23.14,44.48,52.13,61.93,6.21,4.44,0.34,3.00,-0.43,52.66,4.2,0.15,7.98,11.34,3.44,0.43,0.57,2.29,7.57,8.71,ELET6
1.02,-43.96,-9.92,0.66,0.0,0.78,,0.00,-7.88,56.63,-11.09,2.42,-0.34,-7.05,0.49,1.27,-1.12,1.55,-0.1,0.63,-6.64,-9.55,-4.95,0.75,0.25,3.2,27.13,,ENJU3
13.75,21.71,9.38,0.49,4.2,0.13,,48.54,1.44,12.0,6.62,9.96,5.79,2.04,0.14,0.78,-0.26,28.02,1.47,1.02,5.23,8.04,2.18,0.28,0.69,1.61,12.34,,MYPK3
21.02,70.16,6.39,1.11,5.85,1.05,,37.71,16.43,33.77,16.55,17.70,6.79,6.34,0.42,1.41,-0.82,18.98,3.29,0.4,17.33,11.18,6.63,0.38,0.62,2.62,27.07,,MDNE3
31.31,27.77,8.08,1.68,8.57,0.96,,67.57,11.84,39.07,13.67,0.00,7.39,7.0,0.12,0.67,-1.86,18.65,3.87,0.13,20.77,21.28,1.53,0.07,0.92,1.24,15.22,23.22,ITUB3
20.92,58.24,14.13,1.56,6.29,1.19,,90.43,8.40,23.47,8.07,12.36,10.51,14.71,1.12,2.71,-3.32,13.37,1.48,0.94,11.07,7.12,7.96,0.71,0.28,2.65,55.25,26.51,BMOB3
0.21,-99.07,-0.01,0.0,0.0,0.02,,0.00,-334.66,9.12,-81.88,-81.52,-1.76,-0.03,0.01,0.00,-0.02,-241.15,-33.0,0.26,-13.68,6.18,-87.96,-6.35,7.49,0.32,-7.96,,PDGR3
47.42,11.21,62.06,5.1,0.0,4.21,,0.00,6.78,44.69,23.02,41.30,25.33,18.27,1.16,9.26,-1.57,9.30,0.76,0.28,8.21,6.71,1.2,0.23,0.74,1.93,19.11,10.46,ORVR3
16.75,-75.37,1.19,0.06,0.0,0.11,,0.00,9.60,-5.6,-8.60,-7.11,-17.22,-1.33,0.02,0.10,-0.06,296.52,14.06,0.2,4.74,-3.99,-0.8,0.4,0.6,1.67,2.21,,GFSA3
4.35,-3.86,-4.61,1.12,1.71,0.78,,-7.94,-16.83,29.0,-17.68,-12.59,-6.45,-4.39,0.38,1.66,-0.58,3.88,-0.94,0.49,-24.29,-19.08,-7.99,0.34,0.66,2.95,24.51,,MATD3
10.54,-29.72,14.24,1.06,2.82,0.75,,40.05,5.26,12.79,8.38,10.14,8.68,8.94,0.41,0.80,-1.49,9.96,0.74,0.55,7.43,6.61,4.87,0.39,0.43,3.46,26.46,19.25,SOJA3
6.74,-12.87,7.67,0.71,7.37,1.05,,55.19,13.64,19.68,6.09,16.07,18.16,17.15,0.55,2.11,-0.89,9.52,0.88,0.53,9.23,3.38,7.17,0.78,0.22,3.09,7.02,34.73,FESA4
6.96,13.17,44.80,0.74,5.69,0.67,,257.45,1.49,26.32,4.99,5.13,15.70,13.34,0.27,0.43,-1.43,9.43,0.16,0.41,1.65,2.12,2.62,0.37,0.58,4.38,9.4,20.39,EVEN3
16.82,-33.78,-56.69,0.73,7.85,0.23,,-589.79,-0.41,17.47,4.55,8.28,10.35,5.05,0.23,0.62,-0.63,22.99,-0.3,0.99,-1.29,4.09,-0.39,0.31,0.69,2.33,19.9,,TUPY3
7.09,27.73,6.70,1.91,3.51,0.87,,23.26,12.96,62.29,44.13,53.90,1.91,1.97,0.44,48.15,-0.59,3.71,1.06,0.51,28.54,40.03,12.26,0.23,0.53,1.04,10.21,9.46,WIZC3
7.96,63.09,17.08,0.82,1.86,0.49,,33.07,2.90,57.02,14.81,25.15,5.75,3.34,0.3,5.20,-0.42,9.73,0.47,0.61,4.79,12.29,1.76,0.37,0.63,1.26,10.61,-18.32,SEER3
3.61,9.98,7.51,1.07,2.75,1.25,,20.62,16.65,50.81,25.62,46.80,6.41,4.88,0.56,5.69,-0.78,3.37,0.48,0.45,14.27,10.88,7.5,0.53,0.47,1.55,,,FIQE3
3.02,-45.29,8.79,0.15,0.0,1.82,,0.00,20.75,74.09,114.21,117.15,8.87,1.6,0.06,1.71,-0.07,19.78,0.34,0.03,1.74,4.53,2.36,0.4,0.43,1.57,17.18,,HBRE3
11.74,45.32,6.52,1.33,8.5,1.47,,55.95,22.48,34.22,26.28,26.46,7.00,5.58,0.66,1.09,-2.83,8.84,1.8,0.45,20.37,15.28,11.81,0.5,0.5,4.85,34.78,28.52,LAVV3
5.75,49.95,4.72,1.15,9.06,0.43,,33.87,9.13,19.39,12.75,0.00,3.41,3.38,0.05,0.59,-0.4,5.02,1.22,0.11,24.27,29.39,0.97,0.04,0.96,1.1,35.28,,PINE4
14.91,42.57,30.89,2.03,0.35,0.56,,10.69,1.80,22.09,7.78,12.28,11.67,7.14,0.49,1.79,-1.13,7.36,0.48,0.89,6.56,7.46,2.05,0.24,0.75,1.96,38.91,,PRNR3
28.26,-6.33,7.67,4.32,9.26,0.8,,71.52,10.40,27.77,16.85,19.23,5.61,4.73,1.03,6.68,-2.67,6.54,3.69,1.29,56.36,34.94,13.46,0.24,0.76,1.34,14.86,32.53,LEVE3
2.63,-31.94,19.84,0.75,1.54,0.78,,31.00,3.91,42.24,14.09,43.56,12.34,5.5,0.28,-8.47,-0.34,3.51,0.13,0.36,3.78,5.59,1.42,0.38,0.62,0.84,,,BRST3
4.85,39.67,9.20,1.14,7.67,0.67,,71.32,7.30,49.42,20.05,27.42,4.32,3.35,0.37,6.25,-0.48,4.27,0.53,0.55,12.34,18.13,4.0,0.32,0.68,1.35,7.88,,CSED3
5.31,-41.86,7.40,0.85,7.86,0.16,,58.57,2.21,16.7,13.24,20.18,6.45,1.23,0.12,0.85,-0.19,6.25,0.72,0.74,11.48,11.9,1.63,0.14,0.86,1.62,26.91,9.39,JSLG3
3.87,-18.87,-4.78,1.73,0.0,0.22,,0.00,-4.61,36.12,4.76,12.44,13.20,4.63,0.15,-2.74,-0.24,2.24,-0.81,0.69,-36.12,5.69,-3.16,0.09,0.91,0.87,13.2,,PTBL3
15.72,29.95,8.81,2.07,12.45,4.5,,112.66,51.05,100.0,5.56,0.00,-748.95,80.96,0.11,2.60,-10.19,7.58,1.78,0.02,23.53,-2.12,1.21,0.05,0.95,1.04,,,BRBI11
3.38,30.70,11.74,0.86,34.64,0.69,,407.94,5.88,21.83,6.10,6.49,11.31,11.32,0.28,0.57,-1.23,3.95,0.29,0.41,7.28,2.78,4.65,0.33,0.51,2.78,11.66,15.13,MELK3
12.27,13.42,8.21,1.01,2.72,1.25,,24.47,15.16,38.95,22.12,25.16,5.80,5.63,0.64,1.94,-1.23,12.12,1.49,0.52,12.33,11.04,7.71,0.63,0.36,3.23,8.42,0.84,BLAU3
3.79,-9.05,12.96,2.72,6.14,1.17,,80.18,9.00,36.72,22.03,32.54,11.93,5.3,0.41,3.68,-0.53,1.40,0.29,0.35,20.94,9.02,3.54,0.15,0.8,1.96,10.93,,KLBN3
9.17,-3.76,14.15,1.11,3.94,0.28,,41.02,1.96,31.73,3.99,8.32,12.09,6.95,0.43,1.63,-0.99,8.28,0.65,1.57,7.82,7.41,3.07,0.39,0.61,1.9,12.03,11.65,PNVL3
6.34,-4.80,-55.21,1.34,0.0,0.75,,0.00,-1.36,25.47,14.40,30.85,10.00,5.21,0.43,3.31,-0.65,4.72,-0.11,0.58,-2.43,8.45,-0.79,0.32,0.68,1.67,21.34,,OPCT3
3.45,3.60,-6.59,0.63,0.0,0.2,,0.00,-3.07,64.73,-0.04,5.01,-1.027.63,-576.44,0.22,7.83,-0.28,5.52,-0.52,1.08,-9.48,-1.51,-3.31,0.35,0.65,1.14,15.93,,ZAMP3
6.21,28.01,6.35,0.77,4.75,0.88,,40.88,13.86,29.53,15.35,17.27,7.50,5.74,0.37,0.62,-2.32,8.04,0.98,0.42,12.16,7.02,5.99,0.48,0.51,3.57,8.41,0.34,TRIS3
19.66,-0.48,4.61,0.47,9.93,7.81,,45.82,169.30,97.66,241.43,244.41,6.82,3.23,0.26,12.38,-0.3,41.80,4.26,0.03,10.20,8.51,5.57,0.55,0.45,1.18,9.34,21.37,LOGG3
8.06,40.17,8.01,0.76,7.21,0.09,,57.16,1.17,14.98,2.73,3.32,5.81,3.45,0.17,1.08,-0.62,10.62,1.01,1.83,9.47,12.11,2.29,0.23,0.72,1.28,14.13,16.48,PFRM3
1.99,-29.93,-3.33,-3.27,0.0,5.81,,0.00,-174.27,5.26,-141.30,-129.81,-2.90,-4.11,1.36,-8.76,-2.03,-0.61,-0.6,0.23,-98.07,79.51,-43.63,-0.42,1.42,0.68,-17.49,,RCSL3
1.02,-73.71,-0.03,-0.05,0.0,0.05,,0.00,-142.30,-3.27,-147.31,-121.76,-0.90,-0.03,0.03,-0.06,-0.03,-21.45,-30.95,0.62,-144.29,-456.64,-103.75,-0.62,1.75,0.24,-5.08,,SEQL3
22.02,46.36,5.88,1.03,12.19,0.82,,51.21,14.01,35.03,17.18,21.71,4.68,4.8,0.61,1.84,-1.26,21.39,3.74,0.74,17.51,14.06,10.4,0.59,0.4,2.83,2.44,,VLID3
20.37,-19.07,6.76,0.96,7.6,1.54,,51.61,22.84,39.38,29.46,35.25,9.22,5.24,0.53,4.52,-0.77,21.13,3.01,0.34,14.27,9.34,7.79,0.55,0.45,1.58,10.96,22.82,AGRO3
1.08,8.22,44.86,0.45,0.15,0.38,,6.89,0.84,33.81,14.50,23.47,6.29,2.6,0.17,1.13,-0.32,2.40,0.02,0.45,1.00,7.43,0.36,0.38,0.62,1.48,14.69,-32.57,ESPA3
4.86,-15.78,10.03,1.16,6.18,0.91,,3.37,9.07,32.86,10.85,389.27,10.88,8.39,0.74,1.88,-2.01,4.18,0.48,0.81,11.59,7.93,7.36,0.64,0.36,2.67,8.64,-3.33,VITT3
6.62,47.89,6.63,1.9,8.54,0.87,,57.56,13.18,24.73,16.33,18.24,7.12,5.35,0.84,3.48,-2.01,3.49,1.0,0.96,28.66,15.73,12.79,0.44,0.55,1.7,19.14,66.15,POMO3
4.24,-24.42,-0.27,2.37,0.0,0.22,,0.00,-81.51,10.79,-63.54,-55.58,-2.30,-0.34,0.13,-29.91,-0.2,1.79,-15.89,0.58,-889.48,-46.9,-46.89,0.05,0.95,0.99,-11.32,,AERI3
24.99,-9.79,15.12,1.06,2.29,0.87,,33.29,5.76,33.15,7.23,11.12,12.08,12.05,0.66,2.35,-1.23,23.47,1.65,0.76,7.04,5.46,4.38,0.62,0.34,2.56,6.06,-6.01,MDIA3
7.57,56.49,4.70,0.95,5.33,1.64,,19.03,34.97,56.21,38.83,47.13,5.69,4.24,0.46,10.58,-0.53,7.96,1.61,0.28,20.21,12.62,9.54,0.48,0.52,1.47,7.7,18.96,SAPR3
11.01,-,-4.68,0.18,0.0,0.04,,0.00,-0.81,13.71,2.24,3.98,10.44,1.69,0.05,0.21,-0.12,59.72,-2.35,1.24,-3.94,3.44,-1.01,0.26,1.06,1.61,,,AMOB3
1.27,-27.01,-4.19,0.62,0.0,1.57,,0.00,-37.47,-10.99,13.16,48.52,38.74,11.94,0.15,-3.17,-0.17,2.04,-0.3,0.1,-14.86,1.82,-3.57,0.24,0.76,0.72,33.66,,RNEW4
8.42,-14.67,8.58,0.64,9.72,0.6,,65.24,7.00,27.85,6.73,11.72,14.94,8.93,0.31,0.97,-0.78,13.11,0.98,0.52,7.48,4.33,3.68,0.49,0.51,2.17,6.05,-11.96,ROMI3
55.05,13.95,9.57,2.35,9.06,1.11,,84.83,11.55,27.93,13.55,19.43,9.13,8.16,0.86,3.93,-1.41,23.41,5.75,0.77,24.57,10.41,8.95,0.36,0.63,2.24,7.82,11.97,UNIP6
8.72,-10.39,6.09,0.95,5.97,0.47,,36.83,7.72,17.59,11.84,13.45,3.82,3.97,0.59,1.33,-1.7,9.15,1.43,1.25,15.64,13.4,9.85,0.62,0.38,3.06,15.28,2.14,DEXP3
8.6,-36.07,3.49,0.44,0.24,0.53,,0.88,15.15,64.27,21.19,31.17,6.50,2.49,0.19,2.26,-0.23,19.44,2.46,0.37,12.68,3.41,5.57,0.44,0.56,2.15,,,VTRU3
11.18,5.75,6.86,1.58,8.09,2.91,,38.26,42.41,63.47,73.57,74.26,7.18,3.95,0.55,8.05,-0.65,7.06,1.63,0.19,23.08,15.54,8.01,0.35,0.65,1.85,2.2,-5.73,TAEE4
10.4,15.71,7.51,1.33,8.38,13.94,,70.89,185.53,28.63,207.75,222.59,6.92,6.71,1.03,19.01,-1.16,7.82,1.38,0.07,17.71,17.51,13.91,0.78,0.18,1.97,6.88,15.94,ITSA3
14.9,34.07,6.09,1.53,12.83,1.05,,76.79,17.25,19.8,23.79,27.26,4.63,4.41,0.67,49.11,-0.88,9.75,2.45,0.64,25.09,17.6,10.96,0.44,0.56,1.06,9.99,19.58,CMIG3
14.09,28.83,105.93,27.55,1.68,15.11,,152.12,14.26,57.23,20.07,23.41,75.82,75.28,16.07,36.84,-51.85,0.51,0.13,1.06,26.00,22.81,15.17,0.58,0.42,2.72,26.98,37.26,TFCO4
1.68,-29.71,-0.07,-0.02,0.0,0.26,,0.00,-376.62,-31.37,-80.91,-63.93,-12.74,-0.32,0.09,-0.02,-0.11,-79.81,-24.24,0.33,-30.37,36.52,-122.93,-4.05,5.05,0.06,-34.51,,PMAM3
1.29,-9.79,-4.01,2.31,0.0,0.46,,0.00,-11.49,50.1,4.91,9.95,10.96,9.38,0.32,-1.77,-0.45,0.56,-0.32,0.7,-57.46,14.19,-8.08,0.14,0.86,0.6,-7.65,,AMAR3
8.17,-47.52,10.31,0.69,0.45,0.82,,9.96,7.93,69.74,31.24,50.73,5.81,2.62,0.26,5.66,-0.32,11.85,0.79,0.32,6.69,10.78,2.81,0.38,0.61,1.37,,,DESK3
9.5,-9.29,5.36,1.35,8.95,0.94,,47.48,17.59,48.85,20.11,23.37,4.16,4.69,1.06,3.16,-2.1,7.01,1.77,1.12,25.25,23.4,19.72,0.78,0.22,3.09,22.16,27.73,CAMB3
2.45,-2.40,9.76,0.71,3.87,2.57,,66.19,26.33,63.86,53.76,68.83,12.96,4.78,0.38,2.86,-0.51,3.44,0.25,0.15,7.29,7.55,3.96,0.54,0.46,2.16,11.33,11.9,IGTI3
12.42,-2.68,6.64,1.05,6.56,0.66,,42.98,9.93,37.72,14.27,0.00,4.85,4.62,0.08,3.85,-0.53,11.81,1.87,0.11,15.84,16.84,1.14,0.07,0.93,1.02,17.85,0.98,SANB3
4.2,8.86,7.05,2.3,19.04,0.48,,124.40,6.80,18.11,7.43,8.79,4.59,6.45,0.63,14.88,-2.02,1.82,0.6,1.31,32.67,20.63,8.92,0.27,0.73,1.07,7.3,4.68,WHRL4
1.71,-21.92,-0.93,0.33,0.0,0.29,,0.00,-31.51,-8.15,-21.52,-19.95,-6.21,-1.36,0.1,3.90,-0.16,5.14,-1.84,0.34,-35.79,-10.77,-11.02,0.3,0.69,1.08,18.95,,TCSA3
11.13,6.35,6.83,1.58,8.14,2.9,,38.26,42.41,63.47,73.57,74.26,7.18,3.94,0.55,8.01,-0.64,7.06,1.63,0.19,23.08,15.54,8.01,0.35,0.65,1.85,2.2,-5.73,TAEE3
1.45,-17.76,10.34,0.96,4.99,1.06,,51.94,10.21,80.88,21.98,31.40,3.08,4.8,0.52,4.74,-0.75,1.52,0.14,0.49,9.25,14.63,8.05,0.54,0.45,1.56,3.98,20.55,LPSB3
3.69,-38.78,8.21,0.29,3.34,0.19,,55.59,2.36,19.9,1.87,6.83,15.40,10.34,0.17,1.05,-0.29,12.87,0.45,0.9,3.49,-0.8,2.13,0.61,0.39,1.72,11.52,-29.41,ETER3
1.32,-25.00,-4.36,0.65,0.0,1.63,,0.00,-37.47,-10.99,13.16,48.52,38.74,12.41,0.16,-3.29,-0.18,2.04,-0.3,0.1,-14.86,1.82,-3.57,0.24,0.76,0.72,33.66,,RNEW3
3.3,64.18,8.16,4.25,0.0,5.09,,0.00,62.35,93.46,3.17,6.06,177.30,160.48,3.04,9.97,-4.74,0.78,0.4,0.6,52.13,-47.53,39.44,0.72,0.23,6.84,0.05,10.55,FICT3
15.29,-6.18,5.15,0.69,11.95,,,66.13,0.00,0.0,0.00,0.00,5.13,5.43,0.68,10.19,-0.74,22.05,2.97,0.0,13.47,12.75,13.27,0.99,0.01,5.83,-100.0,-4.47,BRAP3
2.99,-14.33,-41.54,1.88,0.0,0.4,,0.00,-0.95,33.2,13.58,24.84,6.87,2.91,0.26,-2.26,-0.32,1.59,-0.07,0.67,-4.51,15.6,0.13,0.14,0.85,0.58,20.36,,ALPK3
13.68,-3.16,7.31,1.16,6.59,0.73,,42.98,9.93,37.72,14.27,0.00,4.85,5.09,0.08,4.24,-0.58,11.81,1.87,0.11,15.84,16.84,1.14,0.07,0.93,1.02,17.85,0.98,SANB4
4.05,-11.96,15.48,0.7,0.0,3.38,,0.00,21.86,83.42,-44.59,-36.29,3.21,-7.59,0.66,0.72,-26.95,5.77,0.26,0.19,4.53,-9.87,4.25,0.94,0.06,16.47,7.81,,REAG3
143.26,309.43,-106.45,18.19,0.0,3.47,,0.00,-3.26,19.34,17.75,28.64,24.69,19.58,1.39,4.82,-2.5,7.88,-1.35,0.4,-17.09,9.18,-0.79,0.08,0.86,2.88,57.9,,AMBP3
17.19,17.60,6.61,0.6,4.3,0.54,,28.48,8.13,34.04,14.02,17.50,5.38,3.83,0.33,1.61,-0.54,28.64,2.6,0.61,9.07,9.55,4.96,0.55,0.45,2.06,10.5,10.79,EUCA4
15.3,0.30,9.48,0.55,4.18,0.46,,39.67,4.80,12.8,8.98,13.83,6.74,5.07,0.36,1.55,-0.58,27.62,1.61,0.8,5.84,7.32,3.86,0.65,0.34,2.64,9.25,6.71,GGBR3
2.98,-4.18,-0.15,-0.03,0.0,0.03,,0.00,-17.66,-13.74,-20.96,-20.42,-0.10,-0.13,0.02,-0.08,-0.43,-102.21,-19.82,0.84,-19.39,23.02,-14.77,-0.76,1.76,0.78,38.41,,RPMG3
4.63,-41.32,9.39,0.26,0.0,0.1,,0.00,1.11,30.38,2.82,5.52,4.16,3.7,0.13,5.55,-0.19,17.72,0.49,1.23,2.78,6.3,1.36,0.49,0.51,1.08,17.48,190.8,DMVF3
1.42,-29.00,5.08,391.87,0.0,0.24,,0.00,4.73,41.02,13.83,15.60,2.69,1.74,0.4,-21.91,-0.87,0.00,0.28,1.67,7.721.40,49.19,7.9,0.0,1.0,0.97,5.97,12.75,BOBR4
9.21,-47.70,-0.79,-1.73,0.0,0.09,,0.00,-11.75,7.72,-1.19,5.03,-46.11,-7.82,0.08,0.90,-0.12,-5.31,-11.64,0.83,-219.00,-12.82,-10.51,-0.04,1.04,1.32,6.16,,BRKM3
6.38,21.29,6.45,1.0,3.78,0.98,,24.15,15.17,54.67,16.13,19.30,6.25,6.06,0.6,1.30,-1.78,6.37,0.99,0.61,15.53,9.81,9.25,0.6,0.4,3.2,11.32,,TECN3
6.43,-39.28,10.68,0.64,3.17,0.52,,14.21,4.85,34.96,9.47,12.40,8.56,5.47,0.32,1.35,-0.76,10.01,0.6,0.62,6.01,6.87,3.01,0.5,0.5,1.7,-2.37,-21.97,TASA3
1.01,-47.40,-6.01,0.65,0.0,0.26,,0.00,-4.27,33.58,2.77,10.40,30.28,9.26,0.12,0.30,-0.36,1.55,-0.17,0.45,-10.83,1.83,-1.94,0.18,0.82,2.4,13.06,,PDTC3
17.15,-6.83,7.84,1.45,6.64,1.24,,51.61,15.78,42.13,22.26,32.99,5.44,5.56,1.01,16.36,-1.43,11.83,2.19,0.82,18.48,16.91,12.9,0.7,0.3,1.27,4.86,14.33,CSUD3
25.23,-8.25,-7.40,0.51,0.0,0.84,,0.00,-11.31,58.7,-14.88,5.75,-2.69,-5.63,0.39,1.75,-0.61,49.01,-3.41,0.46,-6.96,-9.88,-5.22,0.75,0.25,2.54,5.32,,NGRD3
14.21,29.06,3.37,0.95,4.54,0.54,,13.22,16.13,29.1,20.74,41.65,3.51,2.62,0.5,5.37,-0.87,14.98,4.21,0.91,28.11,23.16,14.7,0.52,0.48,1.27,18.47,30.29,EALT4
1.16,-35.91,-1.42,0.42,0.0,0.48,,0.00,-33.56,19.9,15.07,19.80,14.27,3.16,0.1,3.14,-0.14,2.77,-0.82,0.21,-29.49,2.37,-7.09,0.24,0.76,1.13,14.31,,LUPA3
9.6,-6.90,8.54,0.49,3.52,0.14,,30.25,1.64,12.8,8.95,13.76,2.81,1.56,0.11,0.48,-0.18,19.58,1.12,0.8,5.74,15.14,3.87,0.23,0.34,2.64,9.25,6.79,GOAU3
4.9,-55.09,-8.26,0.54,0.0,0.47,,0.00,-5.65,27.98,10.49,18.24,8.61,4.45,0.2,-45.94,-0.27,9.09,-0.59,0.43,-6.53,6.97,-1.94,0.38,0.61,0.98,6.01,,AALR3
27.5,-5.49,8.81,0.63,4.91,0.39,,36.65,4.40,17.9,12.95,20.93,7.41,2.99,0.22,-0.95,-0.28,43.41,3.12,0.57,7.19,10.02,2.49,0.35,0.65,0.48,7.59,7.0,COCE5
11.03,-17.55,6.89,1.4,5.07,0.74,,36.25,10.73,24.92,17.38,23.04,8.42,4.26,0.32,5.04,-0.42,7.86,1.6,0.44,20.36,10.24,5.78,0.23,0.71,1.38,10.93,23.01,ENGI3
1.4,-33.96,21.91,0.5,12.97,0.39,,284.26,1.79,37.7,-2.82,4.66,-22.56,-13.88,0.24,3.20,-0.35,2.82,0.06,0.61,2.26,-4.75,1.08,0.48,0.52,1.3,9.46,-22.22,UCAS3
10.3,-27.08,93.36,1.36,0.7,13.4,,65.63,14.35,93.7,31.99,36.42,46.01,41.88,1.04,-66.78,-1.11,7.58,0.11,0.08,1.46,2.69,1.11,0.76,0.24,0.8,,,LAND3
6.88,-1.58,5.86,0.4,18.77,0.12,,146.33,2.08,12.0,3.42,4.40,4.32,3.57,0.19,0.58,-0.65,17.03,1.17,1.54,6.90,7.69,3.22,0.47,0.53,1.86,2.33,-8.01,ALLD3
4.12,0.24,-0.23,-0.2,0.0,0.05,,0.00,-20.93,3.54,-4.51,-3.35,-0.12,-1.08,0.08,-0.54,-0.27,-20.19,-17.66,1.56,-87.44,43.71,-32.74,-0.37,1.37,0.83,15.46,,FHER3
9.52,0.26,8.33,1.11,3.05,2.23,,24.91,26.72,71.15,71.29,75.47,6.29,3.12,0.3,2.75,-0.38,8.61,1.14,0.14,13.26,13.78,6.23,0.27,0.61,2.15,-7.18,-1.13,ALUP4
6.63,-56.38,-0.57,0.35,0.0,0.29,,0.00,-50.60,16.85,-6.58,-2.73,-1.49,-4.41,0.11,0.72,-0.26,19.07,-11.56,0.39,-60.60,-9.08,-19.25,0.32,0.67,1.37,30.94,,SHOW3
7.45,-19.89,125.80,0.48,0.0,1.55,,0.00,1.23,-41.13,19.12,80.01,-2.68,8.1,0.17,0.43,-0.32,15.68,0.06,0.11,0.38,5.53,0.13,0.36,0.64,6.45,11.03,,TELB4
27.75,13.36,5.38,0.59,11.48,0.76,,52.09,14.07,52.2,10.20,14.24,4.60,7.43,0.42,1.55,-0.76,47.17,5.16,0.55,10.93,6.33,7.79,0.71,0.29,2.52,10.34,7.84,CGRA4
8.45,-1.94,5.65,1.17,6.09,0.58,,34.30,10.23,32.29,14.88,0.00,3.87,3.88,0.07,0.47,-0.09,7.23,1.5,0.12,20.68,20.68,1.24,0.06,0.99,3.85,23.8,15.32,BEES3
16.87,-24.42,-33.81,0.63,10.36,2.12,,-349.74,-6.27,40.6,20.99,32.86,20.35,10.1,0.35,1.88,-0.47,26.57,-0.5,0.17,-1.88,2.74,10.79,0.56,0.44,3.95,6.24,27.32,SCAR3
70.5,-17.67,3.21,0.59,11.36,0.76,,36.44,23.65,10.24,25.41,0.00,2.94,2.98,0.07,0.54,-0.11,119.36,21.99,0.09,18.42,19.66,2.17,0.12,0.86,1.56,40.54,35.94,BAZA3
7.41,99.73,-3.46,1.59,0.0,7.14,,0.00,-206.52,29.79,-208.33,-178.59,-3.13,-3.43,1.45,6.72,-2.03,4.67,-2.14,0.2,-45.90,-46.61,-42.02,0.91,0.09,4.05,,,TRAD3
1.85,-7.50,-0.35,-0.06,0.0,18.75,,0.00,-5.286.12,-48.0,-2.009.38,-1.838.21,-11.36,-0.93,0.09,-0.07,-0.1,-32.49,-5.22,0.0,-16.05,17.05,-25.38,-1.55,2.55,0.08,8.56,,INEP3
7.81,-39.36,0.18,-0.18,0.0,1.55,,0.00,847.38,-103.32,-68.99,-24.65,-8.75,-2.25,0.13,-1.12,-0.18,-44.41,42.57,0.08,-95.87,34.45,71.55,-0.75,1.74,0.7,-29.14,,OIBR4
3.53,9.34,7.12,0.34,5.21,0.27,,38.32,3.81,27.19,8.17,31.81,1.22,3.32,0.15,0.72,-0.3,10.25,0.5,0.56,4.84,8.06,2.13,0.44,0.56,1.76,,,LVTC3
4.03,6.90,8.78,0.2,5.73,0.13,,50.25,1.53,35.69,21.78,33.19,5.12,0.62,0.07,-0.15,-0.07,20.07,0.46,0.48,2.29,11.15,0.64,0.32,0.67,0.13,6.34,-36.55,TPIS3
3.13,-37.02,7.38,0.97,0.0,0.21,,0.00,2.88,17.76,7.08,7.48,3.77,3.0,0.37,1.17,-1.29,3.22,0.42,1.76,13.17,19.61,5.07,0.38,0.62,1.81,21.02,10.29,NUTR3
6.1,-72.71,-0.04,-0.05,0.0,0.03,,0.00,-86.99,-4.18,-59.21,-52.53,-0.68,-0.05,0.03,-0.03,-0.06,-118.43,-172.09,0.96,-145.31,433.24,-84.39,-0.58,1.58,0.33,-3.15,,AGXY3
1.5,-25.00,-0.29,-0.05,0.0,15.2,,0.00,-5.286.12,-48.0,-2.009.38,-1.838.21,-11.36,-0.76,0.07,-0.06,-0.08,-32.49,-5.22,0.0,-16.05,17.05,-25.38,-1.55,2.55,0.08,8.56,,INEP4
7.68,-34.92,-13.57,3.88,0.0,6.77,,0.00,-49.89,11.63,-53.18,-45.38,-12.76,-12.73,2.17,7.04,-4.32,1.98,-0.57,0.32,-28.61,-181.15,-16.04,0.56,0.44,2.64,19.66,,BIOM3
8.38,-9.54,5.60,1.16,6.14,0.57,,34.30,10.23,32.29,14.88,0.00,3.87,3.85,0.07,0.47,-0.09,7.23,1.5,0.12,20.68,20.68,1.24,0.06,0.99,3.85,23.8,15.32,BEES4
4.75,-23.87,5.92,0.43,5.75,0.28,,33.74,4.69,14.84,6.42,11.24,8.27,4.32,0.21,0.63,-0.49,11.03,0.8,0.77,7.28,5.75,4.53,0.5,0.5,2.56,7.95,11.66,PTNT4
5.97,-56.45,-72.60,0.66,0.02,0.6,,-1.69,-0.83,63.27,7.69,19.32,11.27,7.84,0.41,4.83,-0.58,9.03,-0.08,0.69,-0.91,6.33,-0.57,0.63,0.37,1.41,13.53,,VSTE3
4.65,15.23,-9.33,1.26,39.1,9.8,,-418.47,-105.05,13.91,-51.42,-37.95,-15.10,-19.06,1.0,4.31,-1.34,3.68,-0.5,0.1,-13.56,-20.02,-10.73,0.79,0.21,13.71,-56.52,,EPAR3
50.59,22.85,10.17,4.2,14.13,1.02,,123.52,10.08,27.89,22.83,27.18,7.38,4.49,0.8,15.81,-1.08,12.04,4.98,0.78,41.32,18.59,7.84,0.19,0.81,1.24,6.96,10.24,EKTR4
39.45,30.86,8.84,2.17,5.64,0.65,,47.09,7.37,48.47,3.04,0.00,19.03,21.44,0.15,-1.45,-0.67,18.14,4.46,0.23,24.59,9.11,1.76,0.07,0.93,0.88,23.2,25.84,BMEB4
10.42,3.81,9.12,1.21,2.78,2.44,,24.91,26.72,71.15,71.29,75.47,6.29,3.42,0.33,3.01,-0.42,8.61,1.14,0.14,13.26,13.78,6.23,0.27,0.61,2.15,-7.18,-1.13,ALUP3
8.4,-14.15,15.58,0.83,1.45,0.42,,36.32,2.72,24.23,2.23,0.00,-27.06,18.96,0.05,-0.12,-0.07,10.16,0.54,0.12,5.31,2.22,0.32,0.06,1.0,0.41,24.61,-15.32,BSLI3
0.83,-61.75,-0.72,0.22,0.0,0.28,,0.00,-39.35,29.89,-34.81,-34.67,-0.84,-0.81,0.11,0.65,-0.2,3.71,-1.16,0.4,-31.20,-24.66,-14.51,0.51,0.47,1.71,20.7,,VIVR3
7.1,-25.18,7.33,0.75,3.6,0.19,,42.37,2.54,26.63,9.86,12.85,7.41,1.89,0.13,0.46,-0.28,9.43,0.97,0.69,10.27,8.31,3.2,0.17,0.76,2.06,18.57,-7.02,RAPT3
25.03,-34.56,37.31,2.65,0.0,0.94,,0.00,2.51,15.78,12.73,22.77,11.05,7.36,0.68,25.38,-0.92,9.45,0.67,0.73,7.10,11.46,1.82,0.26,0.74,1.11,20.49,40.7,LOGN3
4.96,-23.10,-9.05,-0.27,0.0,0.41,,0.00,-4.48,81.88,2.95,20.73,11.32,13.74,0.35,-0.30,-0.54,-18.62,-0.55,0.86,-2.94,-1.27,-3.86,-1.31,2.31,0.23,,,DOTZ3
12.36,-8.44,208.71,0.79,0.0,2.57,,0.00,1.23,-41.13,19.12,80.01,-2.68,13.44,0.28,0.71,-0.53,15.68,0.06,0.11,0.38,5.53,0.13,0.36,0.64,6.45,11.03,,TELB3
68.96,15.23,7.14,1.67,3.34,1.08,,21.14,15.12,41.05,21.75,23.50,1.58,4.96,1.0,2.86,-2.31,41.32,9.66,0.93,23.37,21.53,14.07,0.6,0.4,2.65,14.71,,RSUL4
8.66,6.33,8.15,1.67,1.68,2.27,,26.93,27.80,20.14,30.51,0.00,14.87,7.43,0.2,-14.09,-1.49,5.20,1.06,0.09,20.45,22.18,2.45,0.12,0.88,0.98,27.22,30.1,BPAC5
8.83,-12.70,16.38,0.87,1.52,0.44,,36.32,2.72,24.23,2.23,0.00,-27.06,19.93,0.05,-0.13,-0.07,10.16,0.54,0.12,5.31,2.22,0.32,0.06,1.0,0.41,24.61,-15.32,BSLI4
2.66,-32.14,-0.01,0.0,0.0,0.12,,0.00,-2.010.93,99.31,-1.412.27,-1.393.09,-7.08,-0.01,0.01,-0.01,-0.01,-2.750.14,-442.56,0.05,-16.09,74.98,-116.76,-6.22,7.21,0.01,47.18,,OSXB3
1.75,-50.70,-29.18,-3.93,0.0,0.5,,0.00,-1.70,37.79,22.46,22.69,5.03,2.21,0.25,-3.86,-0.4,-0.45,-0.06,0.5,-13.47,22.28,0.69,-0.06,1.04,0.86,30.73,,AVLL3
104.81,53.91,5.49,1.05,9.34,0.37,,16.68,6.67,17.23,11.83,15.04,5.65,3.1,0.3,4.32,-0.44,100.17,19.09,0.82,19.06,13.06,5.48,0.29,0.71,1.28,4.49,7.26,CLSC4
1.53,-82.21,-0.08,-0.48,0.0,0.08,,0.00,-104.72,-23.76,-84.38,-76.84,-1.49,-0.1,0.02,0.06,-0.28,-3.18,-19.35,0.28,-608.31,-86.72,-29.21,-0.05,1.17,1.76,51.02,,JFEN3
19.0,15.72,7.59,1.23,10.38,3.51,,82.11,46.17,53.68,59.70,60.82,3.18,5.87,0.9,1.75,-2.09,15.47,2.5,0.26,16.18,15.92,15.38,0.73,0.1,9.39,-22.86,-12.75,CEBR5
4.14,7.87,6.95,2.27,17.18,0.47,,124.40,6.80,18.11,7.43,8.79,4.59,6.36,0.62,14.67,-1.99,1.82,0.6,1.31,32.67,20.63,8.92,0.27,0.73,1.07,7.3,4.68,WHRL3
3.69,-57.59,-2.09,0.18,0.0,0.26,,0.00,-12.23,40.08,-19.65,-8.72,1.88,-1.3,0.14,0.26,-0.32,19.98,-1.77,0.54,-8.86,-14.44,-6.55,0.74,0.26,9.33,-8.0,,WEST3
5.87,9.98,4.82,1.17,9.2,0.44,,33.87,9.13,19.39,12.75,0.00,3.41,3.45,0.05,0.60,-0.41,5.02,1.22,0.11,24.27,29.39,0.97,0.04,0.96,1.1,35.28,,PINE3
8.63,20.74,5.39,1.1,6.68,0.58,,36.25,10.73,24.92,17.38,23.04,8.42,3.33,0.25,3.94,-0.33,7.86,1.6,0.44,20.36,10.24,5.78,0.23,0.71,1.38,10.93,23.01,ENGI4
5.59,-15.24,6.38,2.3,11.95,1.11,,86.75,17.37,31.06,22.79,26.56,6.56,4.86,0.72,8.38,-1.07,2.43,0.88,0.65,36.01,18.99,11.21,0.31,0.69,1.35,13.7,21.96,EQPA3
11.62,2.66,6.20,0.45,9.42,0.27,,58.41,4.30,31.86,4.41,0.00,5.80,6.04,0.03,8.29,-0.03,25.84,1.88,0.12,7.26,7.26,0.51,0.07,0.93,1.33,16.76,1.07,BRSR3
3.96,-69.93,-0.91,2.46,0.0,0.02,,0.00,-2.61,12.07,5.68,7.91,13.31,0.42,0.03,0.17,-0.06,1.61,-4.37,1.24,-271.02,5.99,-3.25,0.01,0.99,1.56,12.08,,MGEL4
3.9,-30.36,-4.29,0.64,0.0,1.61,,0.00,-37.47,-10.99,13.16,48.52,38.74,12.23,0.15,-3.24,-0.17,6.11,-0.91,0.1,-14.86,1.82,-3.57,0.24,0.76,0.72,33.66,,RNEW11
19.0,4.84,7.59,1.23,10.31,3.51,,82.11,46.17,53.68,59.70,60.82,3.18,5.87,0.9,1.75,-2.09,15.47,2.5,0.26,16.18,15.92,15.38,0.73,0.1,9.39,-22.86,-12.75,CEBR3
2.6,-43.48,-1.33,0.28,0.0,0.61,,0.00,-45.70,-22.4,-15.55,-5.39,-11.83,-3.92,0.1,1.27,-0.15,9.13,-1.95,0.17,-21.36,-4.49,-7.79,0.36,0.64,1.37,-25.62,,CTSA4
49.0,2.83,8.52,2.09,9.28,0.98,,84.83,11.55,27.93,13.55,19.43,9.13,7.26,0.76,3.50,-1.26,23.41,5.75,0.77,24.57,10.41,8.95,0.36,0.63,2.24,7.82,11.97,UNIP3
21.51,16.73,9.39,1.83,3.26,1.12,,31.76,11.92,50.58,16.85,20.48,7.79,6.65,0.92,2.46,-2.35,11.78,2.29,0.82,19.44,13.4,9.75,0.5,0.5,2.56,7.25,6.61,OFSA3
22.44,43.61,21.12,4.32,0.68,5.87,,26.93,27.80,20.14,30.51,0.00,14.87,19.24,0.52,-36.51,-3.86,5.20,1.06,0.09,20.45,22.18,2.45,0.12,0.88,0.98,27.22,30.1,BPAC3
37.28,-6.12,4.41,1.15,4.95,0.57,,38.33,12.88,31.71,23.95,30.32,6.35,2.37,0.31,-11.28,-0.37,32.28,8.45,0.54,26.17,16.49,6.67,0.26,0.74,0.86,8.78,11.83,CEEB3
16.34,-44.23,-4.03,0.8,0.0,0.67,,0.00,-16.51,2.03,-5.11,-0.85,-9.74,-13.04,0.54,1.29,-1.43,20.32,-4.05,0.82,-19.93,-19.93,-13.49,0.68,0.32,3.13,-0.54,,CRPG5
27.0,9.30,5.24,0.57,11.48,0.74,,52.09,14.07,52.2,10.20,14.24,4.60,7.22,0.41,1.50,-0.74,47.17,5.16,0.55,10.93,6.33,7.79,0.71,0.29,2.52,10.34,7.84,CGRA3
3.84,-9.00,0.08,-0.2,0.0,0.4,,0.00,472.11,153.26,477.15,486.01,0.01,0.08,0.28,-0.55,-0.65,-19.02,45.89,0.71,-241.22,-243.84,337.77,-1.4,2.39,0.53,-23.97,,NEXP3
7.64,-10.33,26.69,1.29,1.27,1.22,,35.51,4.58,44.69,3.36,8.74,36.90,36.37,0.82,3.10,-1.6,5.93,0.29,0.67,4.83,2.17,3.06,0.63,0.36,2.17,4.88,8.99,ALPA3
82.47,5.38,16.11,3.3,1.5,1.68,,22.93,10.44,25.04,7.79,9.82,7.94,21.58,2.27,9.61,-4.86,24.97,5.12,1.35,20.50,13.22,14.08,0.69,0.31,1.79,6.07,2.67,BAUH4
26.09,89.20,12.77,-0.62,0.0,0.51,,0.00,4.00,27.57,14.21,16.44,3.59,3.59,0.49,-0.50,-1.12,-42.32,2.04,0.95,-4.83,-14.65,3.82,-0.79,1.79,0.37,6.91,-2.6,MNPR3
29.69,-33.55,16.47,0.89,5.1,1.78,,83.02,10.80,36.47,0.30,1.99,1.424.10,600.74,0.51,2.33,-0.72,33.33,1.8,0.29,5.41,-0.17,3.09,0.57,0.43,3.91,6.65,-19.62,EMAE4
130.51,30.68,9.85,12.18,8.5,1.16,,76.53,11.79,22.49,20.87,25.35,7.70,5.56,1.23,9.62,-1.67,10.72,13.26,1.06,123.69,22.85,12.52,0.1,0.9,1.95,12.36,8.83,CGAS5
27.0,41.33,3.42,0.62,15.17,0.39,,51.28,11.39,38.64,16.06,0.00,2.78,2.42,0.04,-3.37,-0.09,43.65,7.9,0.11,18.11,23.32,1.25,0.07,0.93,0.98,15.23,21.97,BGIP4
3.8,-30.91,-8.62,-0.54,0.0,,,0.00,0.00,0.0,0.00,0.00,-7.84,-8.69,4.51,-61.26,-4.52,-7.04,-0.44,0.0,-6.26,6.21,-52.33,-8.36,9.36,0.02,-100.0,,MAPT4
15.8,69.68,4.99,0.85,8.59,0.75,,55.16,14.96,61.72,20.12,22.58,2.82,3.71,0.55,1.08,-2.05,18.63,3.17,0.74,16.99,16.26,11.17,0.65,0.36,3.3,4.93,13.85,BALM4
6.4,-1.59,10.17,3.25,6.61,0.75,,67.24,7.35,25.13,17.87,22.90,8.25,4.18,0.45,6.14,-0.61,1.97,0.63,0.6,31.93,13.37,6.04,0.14,0.79,1.38,9.85,8.16,REDE3
30.9,-3.74,5.71,1.0,7.64,2.42,,43.59,42.48,46.33,63.15,63.59,5.39,3.84,0.46,3.44,-0.56,30.98,5.42,0.19,17.48,13.24,8.1,0.46,0.53,3.77,17.84,1.37,ISAE3
2.26,-27.10,-0.71,0.45,0.0,0.2,,0.00,-28.54,15.6,0.58,1.93,199.918.35,35.13,0.07,0.34,-0.15,5.04,-3.16,0.36,-62.76,0.0,-10.07,0.17,0.82,1.79,8.89,,RDNI3
6.54,-49.69,-0.94,-0.12,0.0,0.08,,0.00,-8.46,19.29,7.50,10.51,12.89,1.06,0.05,1.47,-0.08,-53.00,-6.96,0.68,-13.14,20.14,-5.76,-0.44,1.44,1.13,9.85,,CEED3
20.86,22.53,8.34,1.35,10.41,3.85,,82.11,46.17,53.68,59.70,60.82,3.18,6.45,0.98,1.92,-2.3,15.47,2.5,0.26,16.18,15.92,15.38,0.73,0.1,9.39,-22.86,-12.75,CEBR6
1.96,-55.45,0.14,-0.04,0.0,0.47,,0.00,327.60,28.74,-311.91,-311.65,-1.49,-0.15,0.08,-0.13,-0.16,-47.95,13.63,0.17,-28.42,101.01,54.92,-1.93,2.93,0.45,2.06,,RSID3
15.18,43.10,3.60,1.01,3.78,0.58,,13.22,16.13,29.1,20.74,41.65,3.51,2.8,0.53,5.74,-0.93,14.98,4.21,0.91,28.11,23.16,14.7,0.52,0.48,1.27,18.47,30.29,EALT3
36.05,73.82,12.27,2.01,19.48,2.75,,102.32,22.44,41.18,38.58,71.01,7.35,7.13,0.97,-9.14,-1.19,17.91,2.94,0.35,16.41,13.79,7.89,0.48,0.52,0.63,-3.14,-16.93,GEPA4
4.6,-48.89,23.95,0.36,0.0,,,47.36,0.00,0.0,0.00,0.00,37.71,40.92,0.36,7.59,-0.38,12.84,0.19,0.0,1.50,0.83,1.49,1.0,0.0,14.69,-100.0,-13.69,RPAD3
38.0,-15.84,20.03,0.8,2.28,7.38,,44.70,36.86,58.44,30.99,46.14,22.83,23.82,0.56,3.24,-0.7,47.53,1.9,0.08,3.99,2.66,2.77,0.69,0.31,5.51,-11.66,-40.08,PEAB4
45.0,30.50,9.04,3.74,15.2,0.91,,123.52,10.08,27.89,22.83,27.18,7.38,3.99,0.71,14.06,-0.96,12.04,4.98,0.78,41.32,18.59,7.84,0.19,0.81,1.24,6.96,10.24,EKTR3
15.61,-53.43,-3.85,0.77,0.0,0.64,,0.00,-16.51,2.03,-5.11,-0.85,-9.74,-12.46,0.52,1.23,-1.37,20.32,-4.05,0.82,-19.93,-19.93,-13.49,0.68,0.32,3.13,-0.54,,CRPG3
8.59,-9.53,6.00,0.94,6.26,0.46,,36.83,7.72,17.59,11.84,13.45,3.82,3.91,0.58,1.31,-1.68,9.15,1.43,1.25,15.64,13.4,9.85,0.62,0.38,3.06,15.28,2.14,DEXP4
8.94,-7.18,11.14,0.81,3.03,0.52,,33.74,4.69,14.84,6.42,11.24,8.27,8.13,0.4,1.19,-0.92,11.03,0.8,0.77,7.28,5.75,4.53,0.5,0.5,2.56,7.95,11.66,PTNT3
3.9,59.84,0.88,-0.88,0.0,0.4,,0.00,45.45,69.51,73.03,78.46,0.39,0.55,0.14,-1.24,-0.17,-4.41,4.41,0.34,-100.00,-149.85,15.52,-0.16,1.16,0.64,37.59,,HOOT4
2.87,-69.73,-1.47,0.31,0.0,0.67,,0.00,-45.70,-22.4,-15.55,-5.39,-11.83,-4.33,0.11,1.40,-0.17,9.13,-1.95,0.17,-21.36,-4.49,-7.79,0.36,0.64,1.37,-25.62,,CTSA3
131.0,-61.78,-19.78,1.62,38.32,,,-1.020.87,0.00,0.0,0.00,0.00,-4.76,-7.2,0.76,1.50,-1.91,80.88,-6.62,0.0,-8.19,-21.73,-3.83,0.47,0.53,6.12,-100.0,,MOAR3
42.99,3.42,10.28,0.81,4.58,0.73,,30.20,7.06,23.76,7.29,9.93,9.57,9.96,0.68,1.10,-2.87,52.86,4.18,0.94,7.91,3.08,6.63,0.84,0.16,5.36,7.21,-8.47,MTSA4
1.16,-0.85,6.97,-0.27,0.0,0.45,,0.00,6.53,24.84,-0.38,1.74,98.13,-119.6,0.21,0.39,-1.9,-4.27,0.17,0.45,-3.90,398.58,2.95,-0.76,1.76,2.43,0.36,-18.71,HAGA4
19.0,20.45,7.31,0.66,3.52,0.59,,28.48,8.13,34.04,14.02,17.50,5.38,4.24,0.36,1.78,-0.6,28.64,2.6,0.61,9.07,9.55,4.96,0.55,0.45,2.06,10.5,10.79,EUCA3
18.79,20.60,71.73,1.16,0.0,0.19,,0.00,0.26,37.67,12.68,14.26,5.28,1.48,0.13,-1.35,-0.23,16.14,0.26,0.7,1.62,18.99,0.18,0.11,0.89,0.81,14.03,,MNDL3
56.0,14.16,9.74,2.39,9.0,1.12,,84.83,11.55,27.93,13.55,19.43,9.13,8.3,0.87,4.00,-1.43,23.41,5.75,0.77,24.57,10.41,8.95,0.36,0.63,2.24,7.82,11.97,UNIP5
76.01,55.53,4.67,0.69,5.36,0.75,,33.31,16.12,26.46,17.21,19.82,3.08,4.37,0.55,1.30,-1.35,110.12,16.28,0.73,14.79,12.14,11.71,0.79,0.21,3.45,10.29,30.24,TKNO3
25.0,-2.07,6.15,1.1,4.19,1.2,,20.74,19.59,42.81,35.08,49.87,5.40,3.43,0.42,4.38,-0.54,22.79,4.07,0.34,17.84,11.77,6.75,0.38,0.62,1.67,14.38,26.29,MRSA5B
44.96,-4.21,4.64,1.54,13.95,0.54,,0.00,11.54,30.11,15.95,18.57,2.31,3.35,0.94,3.25,-2.14,29.12,9.69,1.76,33.29,27.63,20.44,0.61,0.39,2.07,26.28,2.6,SOND5
23.28,-22.93,6.80,1.07,5.94,0.28,,44.89,4.08,12.41,6.84,7.07,5.73,4.06,0.59,1.74,-1.46,21.82,3.42,2.14,15.69,12.08,8.74,0.56,0.44,2.36,25.24,18.03,WLMM4
16.33,-29.00,1.64,0.52,0.0,0.16,,0.00,9.64,28.99,15.04,17.39,3.69,1.05,0.17,2.46,-0.29,31.52,9.98,1.07,31.67,18.15,10.27,0.32,0.68,1.19,10.84,,CEDO4
35.5,1.43,2.63,1.25,0.0,0.44,,0.00,16.64,17.28,12.60,13.04,2.92,3.48,0.55,1.73,-1.01,28.40,13.48,1.25,47.45,27.64,20.83,0.44,0.56,3.3,26.5,,AHEB3
1.88,-31.88,11.29,-0.44,0.0,0.74,,0.00,6.53,24.84,-0.38,1.74,98.13,-193.83,0.33,0.63,-3.08,-4.27,0.17,0.45,-3.90,398.58,2.95,-0.76,1.76,2.43,0.36,-18.71,HAGA3
1.02,-62.91,574.65,319.0,0.0,,,0.00,0.00,0.0,0.00,0.00,574.65,574.65,3.56,,-319.0,0.00,0.0,0.0,55.51,55.51,0.62,0.01,0.99,1.0,-100.0,,PPLA11
39.98,93.71,11.01,1.22,17.96,0.44,,170.03,3.99,12.3,6.16,7.17,7.42,7.13,0.59,1.48,-2.26,32.85,3.63,1.35,11.05,7.8,5.39,0.49,0.51,2.2,8.7,-13.79,PATI3
123.6,18.98,9.32,11.53,8.03,1.1,,76.53,11.79,22.49,20.87,25.35,7.70,5.27,1.17,9.12,-1.58,10.72,13.26,1.06,123.69,22.85,12.52,0.1,0.9,1.95,12.36,8.83,CGAS3
379.01,26.74,11.44,0.83,8.74,11.01,,100.00,96.24,30.53,-4.01,-0.51,-13.64,-274.89,0.73,0.99,-3.12,454.30,33.13,0.07,7.29,-2.64,6.35,0.87,0.13,20.54,-6.4,34.07,BMKS3
34.99,68.63,1.81,11.7,0.0,0.3,,0.00,16.86,46.54,13.80,16.56,5.96,2.21,0.31,1.01,-0.89,2.99,19.36,1.01,647.44,13.64,16.97,0.03,0.97,1.87,13.39,8.34,CTKA4
12.01,-8.39,12.17,1.36,6.79,1.55,,79.47,12.73,22.1,19.07,25.37,10.60,8.12,0.59,6.80,-0.81,8.81,0.99,0.38,11.20,8.38,4.86,0.44,0.56,1.48,4.22,-5.6,CPLE5
28.06,-14.83,12.47,0.4,21.02,3.7,,135.11,29.66,52.98,-63.92,-61.39,-10.99,-5.79,0.16,4.86,-0.18,70.91,2.25,0.04,3.17,-5.59,1.27,0.4,0.6,1.37,-7.24,71.36,HBTS5
7.45,-25.50,-0.44,-0.05,0.0,0.28,,0.00,-63.98,19.03,-36.02,-32.23,-12.07,-0.79,0.02,-0.05,-0.04,-145.99,-16.8,0.08,-11.51,51.98,-5.08,-0.44,1.44,0.46,15.58,,BDLL4
77.71,0.31,4.77,0.71,9.07,0.77,,33.31,16.12,26.46,17.21,19.82,3.08,4.47,0.56,1.33,-1.38,110.12,16.28,0.73,14.79,12.14,11.71,0.79,0.21,3.45,10.29,30.24,TKNO4
5.15,-0.96,-0.46,-0.11,0.0,0.06,,0.00,-12.02,13.08,-0.38,3.62,-80.95,-14.61,0.1,-0.20,-0.15,-46.45,-11.1,1.81,-23.89,10.97,-21.69,-0.91,1.91,0.39,25.45,,PLAS3
12.06,-5.67,13.72,1.27,3.77,1.87,,55.19,13.64,19.68,6.09,16.07,18.16,30.7,0.98,3.77,-1.6,9.52,0.88,0.53,9.23,3.38,7.17,0.78,0.22,3.09,7.02,34.73,FESA3
21.0,-31.82,2.10,0.67,0.0,0.2,,0.00,9.64,28.99,15.04,17.39,3.69,1.35,0.22,3.17,-0.38,31.52,9.98,1.07,31.67,18.15,10.27,0.32,0.68,1.19,10.84,,CEDO3
3.49,78.06,-1.06,-0.05,0.0,0.17,,0.00,-16.17,41.9,0.14,1.53,571.30,119.04,0.09,-0.04,-0.13,-70.89,-3.28,0.5,-4.63,-0.05,-8.06,-1.74,2.74,0.14,3.42,,ESTR4
45.01,-4.19,4.64,1.55,13.93,0.54,,0.00,11.54,30.11,15.95,18.57,2.31,3.36,0.94,3.26,-2.15,29.12,9.69,1.76,33.29,27.63,20.44,0.61,0.39,2.07,26.28,2.6,SOND6
3.52,-40.54,-1.08,-0.02,0.0,0.05,,0.00,-4.31,24.78,29.50,31.38,1.11,0.16,0.08,-0.68,-0.19,-158.56,-3.25,1.67,-2.05,-15.79,-6.95,-3.5,4.53,0.84,13.54,,SNSY5
4.1,-72.04,2.33,0.54,5.67,0.63,,7.06,26.99,29.34,14.77,26.15,2.56,4.27,0.38,8.98,-0.45,7.56,1.76,0.61,23.24,-0.65,16.47,0.71,0.29,1.41,5.28,34.1,LUXM4
28.6,25.19,6.18,1.16,9.58,0.76,,0.00,12.37,29.44,17.22,21.82,7.17,4.44,0.47,38.43,-0.62,24.56,4.63,0.62,18.85,12.79,7.63,0.4,0.6,1.05,,,EQMA3B
11.8,7.27,1.03,1.22,0.0,0.09,,0.00,8.74,12.15,21.95,24.07,1.78,0.41,0.08,-0.81,-0.13,9.64,11.43,0.88,118.56,52.87,7.69,0.06,0.94,0.79,12.96,-1.12,MWET4
7.57,11.24,21.57,1.99,5.67,6.3,,165.96,29.22,59.71,47.94,48.85,13.35,13.15,1.35,9.99,-1.79,3.81,0.35,0.21,9.20,9.63,7.41,0.68,0.32,2.24,16.09,6.93,AFLT3
4.29,2.67,-77.58,0.47,0.26,0.51,,-18.59,-0.65,20.16,-2.04,1.33,-39.79,-24.8,0.33,0.68,-0.77,9.17,-0.06,0.64,-0.60,-1.64,-0.42,0.7,0.3,6.0,4.16,,DOHL4
31.51,13.81,8.68,0.96,10.33,0.35,,170.03,3.99,12.3,6.16,7.17,7.42,5.62,0.47,1.16,-1.78,32.85,3.63,1.35,11.05,7.8,5.39,0.49,0.51,2.2,8.7,-13.79,PATI4
8.6,-44.48,-0.74,-1.62,0.0,0.09,,0.00,-11.75,7.72,-1.19,5.03,-46.11,-7.3,0.07,0.84,-0.11,-5.31,-11.64,0.83,-219.00,-12.82,-10.51,-0.04,1.04,1.32,6.16,,BRKM6
5.95,8.18,1.08,-0.32,0.0,15.77,,0.00,1.456.06,82.55,1.394.68,1.394.68,2.22,1.13,2.04,-0.32,-2.21,-18.69,5.5,0.13,-29.40,-29.36,188.01,-6.4,7.4,0.01,9.06,,NORD3
203.0,-17.14,-56.88,3.11,0.0,0.56,,0.00,-0.98,16.65,6.99,10.19,12.37,7.94,0.66,5.15,-2.09,65.19,-3.57,1.19,-5.47,11.39,-1.7,0.21,0.79,1.23,9.72,,FRIO3
14.83,55.69,5.45,0.44,2.82,0.42,,0.00,7.69,16.77,10.79,20.25,8.39,3.88,0.19,-1.44,-0.24,33.42,2.72,0.45,8.15,2.81,3.47,0.43,0.57,0.62,7.64,69.85,CBEE3
4.3,-59.05,-0.01,-0.01,0.0,0.05,,0.00,-319.31,66.69,-47.81,-46.66,-24.42,-0.09,0.01,-0.51,-0.01,-730.91,-304.27,0.15,-41.63,-13.66,-49.37,-1.19,2.19,0.92,14.9,,GSHP3
59.0,-23.00,12.85,3.21,4.7,1.56,,60.38,12.15,26.26,19.42,23.47,12.01,8.04,0.9,9.14,-1.25,18.36,4.59,0.58,25.01,12.52,7.02,0.28,0.72,1.56,10.18,8.2,ENMT4
7.1,-3.29,8.10,2.92,9.28,1.41,,86.75,17.37,31.06,22.79,26.56,6.56,6.18,0.91,10.64,-1.35,2.43,0.88,0.65,36.01,18.99,11.21,0.31,0.69,1.35,13.7,21.96,EQPA6
16.55,-5.43,9.63,0.57,8.33,1.7,,29.55,17.62,35.13,29.40,0.00,6.78,5.77,0.15,-0.26,-0.17,28.96,1.72,0.09,5.93,5.93,1.53,0.26,0.74,0.2,33.23,27.57,BMIN4
21.0,83.34,6.63,1.13,6.46,0.99,,55.16,14.96,61.72,20.12,22.58,2.82,4.93,0.73,1.43,-2.72,18.63,3.17,0.74,16.99,16.26,11.17,0.65,0.36,3.3,4.93,13.85,BALM3
3.0,-52.31,-38.65,29.29,0.0,5.45,,0.00,-14.10,28.52,-6.77,258.75,-195.14,-80.47,4.06,9.15,-45.13,0.10,-0.08,0.74,-75.79,-36.4,-10.5,0.14,0.86,1.95,-18.04,,DTCY3
18.99,-36.70,-4.69,0.93,0.0,0.77,,0.00,-16.51,2.03,-5.11,-0.85,-9.74,-15.16,0.63,1.50,-1.66,20.32,-4.05,0.82,-19.93,-19.93,-13.49,0.68,0.32,3.13,-0.54,,CRPG6
6.9,-,-114.78,150.19,0.0,,,0.00,0.00,0.0,0.00,0.00,-195.53,-196.84,0.3,150.19,-0.3,0.05,-0.06,0.0,-130.85,-76.3,-0.26,0.0,1.0,27.94,,,PSVM11
92.1,-13.19,3.64,0.56,6.52,0.93,,24.00,25.45,43.89,47.15,0.00,1.97,1.97,0.11,0.45,-1.11,163.42,25.28,0.12,15.47,17.09,3.08,0.2,0.8,1.39,16.8,16.46,BNBR3
26.5,-8.67,6.52,1.16,3.59,1.28,,20.74,19.59,42.81,35.08,49.87,5.40,3.64,0.44,4.64,-0.58,22.79,4.07,0.34,17.84,11.77,6.75,0.38,0.62,1.67,14.38,26.29,MRSA3B
32.32,7.62,7.25,1.78,6.06,0.53,,47.09,7.37,48.47,3.04,0.00,19.03,17.57,0.12,-1.19,-0.55,18.14,4.46,0.23,24.59,9.11,1.76,0.07,0.93,0.88,23.2,25.84,BMEB3
25.0,-7.11,6.15,1.1,4.19,1.2,,20.74,19.59,42.81,35.08,49.87,5.40,3.43,0.42,4.38,-0.54,22.79,4.07,0.34,17.84,11.77,6.75,0.38,0.62,1.67,14.38,26.29,MRSA6B
40.3,-11.55,21.24,0.85,2.06,7.83,,44.70,36.86,58.44,30.99,46.14,22.83,25.26,0.59,3.43,-0.74,47.53,1.9,0.08,3.99,2.66,2.77,0.69,0.31,5.51,-11.66,-40.08,PEAB3
37.43,0.04,4.43,1.16,4.93,0.57,,38.33,12.88,31.71,23.95,30.32,6.35,2.38,0.31,-11.33,-0.37,32.28,8.45,0.54,26.17,16.49,6.67,0.26,0.74,0.86,8.78,11.83,CEEB5
6.46,-14.00,7.37,2.66,10.2,1.28,,86.75,17.37,31.06,22.79,26.56,6.56,5.62,0.83,9.68,-1.23,2.43,0.88,0.65,36.01,18.99,11.21,0.31,0.69,1.35,13.7,21.96,EQPA5
15.6,-1.76,8.32,0.6,8.78,0.36,,58.41,4.30,31.86,4.41,0.00,5.80,8.1,0.04,11.14,-0.04,25.84,1.88,0.12,7.26,7.26,0.51,0.07,0.93,1.33,16.76,1.07,BRSR5
26.0,-15.56,8.33,0.6,5.2,0.37,,36.65,4.40,17.9,12.95,20.93,7.41,2.83,0.21,-0.89,-0.26,43.41,3.12,0.57,7.19,10.02,2.49,0.35,0.65,0.48,7.59,7.0,COCE3
33.34,61.78,11.34,1.86,21.04,2.54,,102.32,22.44,41.18,38.58,71.01,7.35,6.6,0.9,-8.45,-1.1,17.91,2.94,0.35,16.41,13.79,7.89,0.48,0.52,0.63,-3.14,-16.93,GEPA3
95.99,46.55,5.03,0.96,8.69,0.34,,16.68,6.67,17.23,11.83,15.04,5.65,2.84,0.28,3.96,-0.4,100.17,19.09,0.82,19.06,13.06,5.48,0.29,0.71,1.28,4.49,7.26,CLSC3
