p_l,p_receita_psr,p_vp,dy,payout,margem_líquida,margem_bruta,margem_ebit,margem_ebitda,ev_ebitda,ev_ebit,p_ebitda,p_ebit,p_ativo,p_capgiro,p_ativo_circ_liq,vpa,lpa,giro_ativos,roe,roic,roa,dívida_líquida___patrimônio,dívida_líquida___ebitda,dívida_líquida___ebit,dívida_bruta___patrimônio,patrimônio___ativos,passivos___ativos,liquidez_corrente,cagr_receitas_5_anos,papel,cagr_lucros_5_anos
0.31,0.04,0.03,0.00,0.00,12.29,28.49,14.99,28.90,6.02,11.60,0.13,0.25,0.03,0.04,0.04,30.59,2.97,0.78,9.70,32.52,9.62,1.30,5.70,10.99,1.36,0.99,1.99,0.27,30.36,azul4,
5.37,0.85,0.98,16.05,89.93,15.77,48.15,26.52,36.52,4.14,5.70,2.32,3.19,0.34,12.60,0.39,32.81,6.01,0.41,18.33,11.94,6.43,0.74,1.75,2.41,0.89,0.35,0.65,0.82,12.55,petr4,65.67
20.39,0.20,0.67,3.01,61.31,0.96,30.65,4.72,8.08,3.83,6.56,2.42,4.15,0.20,1.88,0.42,15.10,0.50,1.03,3.30,8.11,0.99,0.39,1.41,2.41,0.53,0.30,0.70,1.26,5.61,mglu3,1.25
15.79,7.08,3.88,1.89,30.15,44.81,90.57,59.00,62.63,11.08,11.76,11.30,11.99,1.62,7.20,2.55,3.76,0.92,0.23,24.55,13.67,10.26,0.07,0.22,0.23,0.72,0.42,0.58,2.62,3.05,b3sa3,3.20
9.91,0.42,0.70,5.52,77.08,4.19,32.84,1.87,0.00,,22.24,,22.24,0.05,3.54,0.47,31.78,2.24,0.12,7.04,2.46,0.63,,,,,0.07,0.93,1.02,20.22,bbas3,3.66
28.61,4.48,8.28,1.88,51.71,15.67,33.39,19.68,21.98,19.90,22.22,20.39,22.77,4.47,15.82,12.60,5.34,1.54,1.00,28.93,26.54,16.49,0.20,0.49,0.55,0.13,0.54,0.44,1.78,18.82,wege3,23.36
5.40,1.03,0.56,1.72,9.40,19.08,68.62,22.42,54.33,3.24,7.86,1.90,4.59,0.30,3.71,0.37,6.80,0.71,0.29,10.43,6.01,6.06,0.40,1.35,3.26,0.50,0.54,0.42,1.81,5.77,cogn3,
9.72,0.82,1.18,6.88,63.65,8.45,30.41,7.36,0.00,,10.33,,11.16,0.09,0.74,0.50,16.58,2.01,0.11,12.14,8.85,0.98,,,,,0.08,0.92,1.19,25.87,bbdc4,5.47
14.79,0.18,2.37,1.08,15.81,1.20,16.75,5.39,7.65,4.34,6.15,2.32,3.28,0.30,8.24,0.47,4.23,0.68,1.70,16.05,18.60,2.03,2.07,2.02,2.86,2.85,0.13,0.87,1.12,16.30,asai3,10.02
0.94,0.04,0.63,0.00,1.12,3.89,4.03,0.05,3.91,7.27,616.33,0.93,79.02,0.07,0.34,0.12,1.34,0.90,1.80,67.11,0.19,6.96,4.27,6.34,537.30,5.54,0.10,0.89,1.71,,raiz4,
13.50,2.39,2.35,7.70,103.34,17.73,51.77,26.45,34.19,6.45,8.34,7.00,9.05,1.54,40.38,2.19,5.84,1.02,0.64,17.43,21.09,11.71,0.18,0.55,0.71,0.03,0.65,0.34,1.15,9.16,abev3,7.04
2.16,0.25,0.33,0.00,0.00,11.77,8.40,4.72,0.04,669.66,6.08,594.13,5.39,0.19,0.54,0.36,16.56,2.50,0.75,15.07,10.18,8.94,0.01,18.84,0.17,0.30,0.59,0.33,4.21,10.55,usim5,
3.75,0.49,0.95,0.00,0.00,13.02,28.66,1.64,0.66,193.60,77.52,74.30,29.75,0.18,0.68,0.40,9.35,2.37,0.36,25.34,2.83,4.70,1.53,119.30,47.77,1.66,0.18,0.79,1.87,9.04,mrve3,
14.90,0.15,1.29,7.59,72.02,1.00,4.67,2.26,2.75,9.21,11.24,5.43,6.63,0.45,2.16,0.75,18.95,1.64,3.00,8.67,7.57,2.97,0.90,3.78,4.61,1.18,0.35,0.65,2.09,17.56,vbbr3,14.25
15.30,3.75,15.55,2.19,33.55,24.53,57.10,44.73,53.11,8.27,9.82,7.07,8.39,2.26,76.40,2.81,0.93,0.94,0.60,101.58,32.41,14.75,2.64,1.20,1.42,3.35,0.15,0.85,1.18,29.01,stbp3,
9.98,1.41,1.38,6.83,68.54,14.15,34.81,19.93,28.06,6.14,8.64,5.03,7.08,0.62,17.90,0.76,48.06,6.65,0.44,13.84,12.41,6.04,0.30,1.11,1.56,0.45,0.45,0.54,1.24,0.46,vale3,3.29
12.28,0.61,1.82,0.00,0.00,5.00,96.57,12.30,27.09,2.62,5.76,2.27,5.00,0.26,1.91,0.59,0.96,0.14,0.42,14.79,20.26,2.08,0.28,0.35,0.76,0.76,0.14,0.86,0.81,18.95,cvcb3,
14.30,0.28,1.43,1.55,22.22,1.95,32.08,21.67,38.15,3.55,6.26,0.73,1.29,0.13,1.19,0.18,8.01,0.80,0.48,9.98,14.12,0.94,5.51,2.82,4.97,6.70,0.09,0.91,0.69,28.41,movi3,20.60
8.30,16.07,1.43,8.45,73.99,193.63,23.52,213.64,228.94,7.25,7.77,7.02,7.52,1.16,25.07,1.27,8.41,1.45,0.07,17.22,17.04,14.11,0.05,0.23,0.25,0.10,0.81,0.15,2.18,6.92,itsa4,16.85
7.67,0.12,4.84,0.00,0.00,1.59,17.94,7.08,8.89,3.95,4.97,1.37,1.72,0.14,0.85,0.37,1.29,0.81,1.13,63.09,12.96,1.77,9.13,2.59,3.25,20.66,0.03,0.96,1.35,21.48,beef3,
1.71,0.53,3.83,0.00,0.00,31.04,31.95,3.94,14.27,12.67,45.92,3.72,13.48,0.18,1.90,0.23,1.60,3.59,0.34,223.96,4.30,9.40,9.21,8.95,32.44,11.40,0.05,0.75,1.80,25.81,csan3,
11.95,1.07,1.64,5.05,59.47,8.92,61.41,10.67,18.92,5.21,9.23,5.63,9.99,0.91,3.63,2.15,9.57,1.31,0.85,13.72,14.13,7.59,0.12,0.43,0.76,0.04,0.55,0.45,1.76,15.67,lren3,4.89
31.59,1.24,1.60,6.97,217.83,3.93,80.21,76.72,104.44,4.55,6.20,1.19,1.62,0.18,1.31,0.26,2.43,0.12,0.15,5.06,12.82,0.58,4.53,3.37,4.58,6.28,0.11,0.89,1.93,17.49,vamo3,5.77
10.04,1.13,2.05,6.88,70.78,11.26,34.81,12.69,0.00,,8.46,,8.91,0.15,0.80,2.39,19.93,4.06,0.13,20.37,20.86,1.51,,,,,0.07,0.92,1.25,17.48,itub4,24.37
9.39,1.03,1.05,0.47,4.38,10.91,17.27,10.08,20.38,12.82,25.92,5.03,10.17,0.26,6.31,0.32,11.69,1.30,0.26,11.15,3.11,2.57,1.62,7.79,15.75,2.04,0.25,0.72,1.30,,aure3,
84.38,2.26,2.28,4.64,403.19,2.68,45.83,29.88,48.10,7.13,11.47,4.69,7.56,0.61,8.75,0.74,7.43,0.20,0.27,2.71,10.43,0.76,1.18,2.43,3.91,1.58,0.27,0.73,1.66,14.92,rail3,5.20
7.32,1.53,1.28,3.04,22.54,20.95,32.51,24.72,17.70,10.81,7.74,8.67,6.21,0.53,1.28,1.28,27.17,4.74,0.35,17.45,10.84,8.59,0.32,2.14,1.53,0.72,0.42,0.54,3.51,17.86,cyre3,3.21
6.10,0.80,1.64,19.60,58.85,13.08,25.19,15.10,16.84,5.43,6.06,4.74,5.28,0.75,2.55,1.94,3.91,1.05,0.94,26.93,14.26,12.40,0.28,0.82,0.92,0.73,0.45,0.55,1.91,20.59,pomo4,67.96
7.18,0.25,0.79,0.00,46.94,3.42,27.54,12.21,21.19,4.77,8.27,1.16,2.01,0.11,1.39,0.16,10.66,1.17,0.45,11.00,8.31,0.86,2.45,3.61,6.26,3.69,0.14,0.83,1.32,8.60,csna3,
8.14,0.77,1.14,12.81,98.45,9.47,17.98,13.62,17.09,6.68,8.38,4.51,5.66,0.51,19.98,0.64,10.04,1.40,0.66,13.99,11.80,6.21,0.46,1.81,2.27,0.54,0.44,0.56,0.89,10.96,cmig4,7.02
12.67,0.55,0.70,3.24,42.67,4.31,11.68,7.92,13.11,4.56,7.55,4.16,6.89,0.44,1.81,0.71,27.26,1.50,0.80,5.50,6.48,3.48,0.10,0.60,0.99,0.28,0.63,0.37,2.70,9.73,ggbr4,4.91
11.33,1.50,2.11,2.08,34.18,13.25,43.84,35.90,43.34,6.91,8.34,3.47,4.18,0.49,5.98,0.59,7.70,1.43,0.32,18.60,12.27,4.58,2.09,3.44,4.16,2.59,0.23,0.76,1.89,17.15,motv3,104.54
3.34,2.34,1.29,0.00,0.00,70.19,30.43,22.33,54.55,6.59,16.10,4.30,10.50,0.56,4.50,0.73,28.95,11.21,0.24,38.74,8.44,16.83,0.69,2.29,5.60,1.05,0.43,0.57,2.21,49.71,prio3,85.88
8.38,0.18,1.52,3.31,28.16,2.13,7.15,4.13,4.92,5.72,6.82,3.62,4.32,0.55,3.37,0.85,14.69,2.66,3.07,18.14,11.86,6.95,0.88,2.10,2.51,1.13,0.36,0.59,1.83,11.47,ugpa3,27.83
19.19,1.70,1.63,4.56,105.85,8.85,21.31,18.07,23.96,9.87,13.09,7.09,9.40,0.68,10.65,0.87,8.71,0.74,0.40,8.50,8.20,3.54,0.65,2.84,3.76,0.81,0.42,0.58,1.43,5.81,cple6,10.89
6.49,0.57,0.51,0.00,0.00,8.81,30.20,23.64,41.16,3.69,6.43,1.39,2.42,0.15,1.79,0.19,26.70,2.09,0.26,7.83,8.29,2.30,0.84,2.30,4.01,1.28,0.29,0.71,1.72,122.05,brav3,
1.47,0.10,0.74,0.00,0.00,7.06,27.42,1.02,5.00,4.85,23.68,2.08,10.14,0.11,0.98,0.15,5.48,2.76,1.06,50.45,11.72,7.43,0.99,2.78,13.54,1.50,0.15,0.85,0.70,17.81,pcar3,
27.27,1.19,1.92,4.21,114.91,4.37,26.25,18.34,29.59,6.76,10.90,4.02,6.49,0.58,7.81,0.77,23.22,1.64,0.49,7.06,8.91,2.13,1.31,2.73,4.41,1.75,0.30,0.70,1.45,31.56,rent3,11.04
29.71,0.94,5.70,1.53,44.74,3.18,29.34,5.83,9.90,10.19,17.31,9.54,16.20,1.67,10.27,3.96,4.07,0.78,1.77,19.19,23.30,5.71,0.39,0.66,1.11,0.47,0.29,0.71,1.39,16.05,radl3,22.29
13.76,3.64,3.08,2.00,27.58,26.44,19.23,29.50,0.00,,15.98,,12.33,0.35,38.63,2.85,17.11,3.83,0.10,22.38,24.58,2.54,,,,,0.11,0.89,0.99,33.29,bpac11,34.95
8.98,1.68,1.01,1.19,10.70,18.67,46.91,20.50,10.92,13.48,7.18,15.35,8.18,0.69,9.89,1.07,4.31,0.49,0.41,11.26,15.68,7.63,0.12,1.88,1.00,0.03,0.68,0.32,1.24,24.68,lwsa3,
31.06,4.28,4.97,1.54,48.74,13.77,69.79,18.19,24.12,17.50,23.21,17.73,23.51,2.73,13.96,4.15,8.47,1.35,0.64,15.99,13.18,9.08,0.06,0.23,0.30,0.33,0.55,0.41,2.35,17.83,tots3,23.19
18.82,1.95,1.66,3.72,115.83,10.34,44.35,16.12,41.53,5.15,13.26,4.68,12.07,0.92,308.44,1.14,21.21,1.88,0.47,8.85,10.37,4.88,0.16,0.46,1.20,0.26,0.55,0.45,1.02,6.31,vivt3,4.85
8.28,0.70,1.00,7.32,63.65,8.45,30.41,7.36,0.00,,10.33,,9.50,0.08,0.63,0.43,16.58,2.01,0.11,12.14,8.85,0.98,,,,,0.08,0.92,1.19,25.87,bbdc3,5.47
10.43,0.16,0.56,3.60,32.20,1.51,11.68,7.91,13.04,2.15,3.55,1.20,1.99,0.13,0.52,0.20,19.49,1.06,0.80,5.42,11.88,3.47,0.45,0.96,1.59,0.96,0.22,0.37,2.71,9.73,goau4,4.93
1.19,0.08,0.86,0.00,0.00,6.66,30.30,3.88,7.43,4.38,8.39,1.06,2.04,0.07,0.39,0.11,4.03,2.92,0.84,72.55,0.72,5.57,2.68,3.32,6.35,3.54,0.08,0.92,0.71,0.13,bhia3,
1.00,0.26,0.66,0.00,0.00,26.31,30.25,2.45,5.23,12.74,27.20,5.03,10.75,0.17,0.74,0.32,2.87,1.89,0.63,65.71,5.05,16.63,1.01,7.70,16.44,1.24,0.25,0.75,1.91,,ifcm3,
23.64,2.94,2.35,0.00,0.00,12.42,31.18,13.81,31.98,13.61,31.52,9.18,21.27,0.77,3.77,1.17,1.67,0.17,0.26,9.92,2.80,3.27,1.13,4.43,10.25,1.63,0.33,0.67,2.53,4.43,hbsa3,
5.02,31.44,3.78,0.00,0.00,626.74,2.26,459.07,406.97,6.81,6.04,7.73,6.85,2.67,4.40,4.12,0.85,0.64,0.08,75.37,55.21,52.74,0.00,0.01,0.01,0.00,0.70,1.70,0.37,35.16,rcsl4,
11.87,1.06,2.14,5.63,66.66,8.89,38.34,23.31,36.72,6.30,9.92,2.87,4.53,0.35,2.51,0.48,8.28,1.50,0.33,18.06,9.40,3.30,2.55,3.42,5.38,3.50,0.16,0.76,2.12,11.72,klbn11,
30.13,1.62,3.54,0.08,2.93,4.29,18.20,9.00,12.47,12.54,17.37,11.00,14.52,0.98,7.34,2.12,24.57,2.89,0.62,9.28,11.73,2.65,0.14,0.53,0.74,0.64,0.29,0.69,1.43,16.02,embr3,
3.03,101.43,0.83,0.00,0.00,3349.72,23.52,4962.33,5145.59,1.97,2.04,1.97,2.04,0.67,14.69,0.67,0.45,0.12,0.01,27.29,53.74,22.17,0.00,0.00,0.00,0.00,0.81,0.19,0.02,,azte3,
11.96,1.44,2.93,8.16,221.28,12.07,54.42,25.91,32.07,3.84,4.75,4.50,5.58,0.81,3.49,1.51,1.84,0.45,0.56,24.47,22.21,6.80,0.43,0.67,0.82,0.91,0.28,0.72,2.02,8.22,cmin3,9.34
5.65,0.89,1.04,15.20,89.93,15.77,48.15,26.52,36.52,4.14,5.70,2.44,3.36,0.36,13.28,0.41,32.81,6.01,0.41,18.33,11.94,6.43,0.74,1.75,2.41,0.89,0.35,0.65,0.82,12.55,petr3,65.67
22.69,0.17,0.68,4.10,91.09,0.75,25.86,8.70,12.31,5.49,7.77,1.37,1.94,0.12,0.41,0.26,9.39,0.28,0.72,2.99,8.58,1.82,2.04,4.13,5.84,2.84,0.18,0.74,2.23,19.73,rapt4,16.63
7.66,,5.35,12.15,94.72,0.00,0.00,0.00,0.00,,6.23,,6.96,3.37,13.83,5.85,6.43,4.50,0.00,69.93,62.41,44.03,0.56,,0.73,0.00,0.63,0.37,2.35,100.00,bbse3,18.51
25.54,3.60,1.41,5.92,159.17,14.11,43.59,10.97,21.36,22.24,43.32,16.87,32.86,0.58,6.13,0.72,42.22,2.32,0.16,5.51,2.12,2.26,0.39,4.67,9.11,0.65,0.41,0.59,1.92,7.96,elet3,
6.40,0.11,6.39,26.72,171.07,1.78,12.80,3.71,8.36,4.60,10.35,1.36,3.07,0.13,1.87,0.21,3.30,3.30,1.16,99.86,4.81,2.78,15.19,3.23,7.29,23.30,0.02,0.86,1.22,18.74,mrfg3,3.29
544.37,0.56,1.16,0.00,3658.28,0.10,47.16,3.45,8.86,6.12,15.73,6.38,16.39,0.50,3.13,0.82,3.71,0.01,0.89,0.21,5.02,0.09,0.05,0.26,0.66,0.25,0.44,0.56,1.71,19.59,petz3,42.58
11.16,,3.63,7.81,86.30,0.00,0.00,0.00,0.00,,10.00,,10.23,3.35,59.25,3.86,4.50,1.46,0.00,32.48,31.27,29.99,0.08,,0.23,0.00,0.92,0.08,1.75,100.00,cxse3,19.96
8.23,1.05,0.83,0.00,0.00,12.80,18.02,18.02,22.03,4.07,4.97,4.78,5.85,0.67,6.47,0.89,4.81,0.48,0.64,10.03,6.88,7.98,0.12,0.72,0.87,0.00,0.82,0.18,1.73,27.74,cash3,22.13
25.45,2.19,2.62,2.51,63.81,8.62,42.45,23.37,47.69,5.62,11.47,4.60,9.38,0.78,11.17,1.01,9.76,1.00,0.36,10.29,12.44,3.10,0.58,1.02,2.09,1.10,0.30,0.70,1.46,,smft3,
12.43,5.52,2.54,4.54,33.86,44.42,80.36,65.72,70.77,10.06,10.83,7.80,8.40,1.20,19.63,1.45,11.73,2.40,0.22,20.47,14.73,9.62,0.74,2.26,2.43,0.91,0.47,0.53,1.55,20.72,mult3,5.03
1.27,0.08,1.71,0.00,0.00,6.44,4.41,5.41,0.90,65.37,10.86,9.14,1.52,0.07,1.55,0.10,4.43,5.96,0.84,134.56,21.38,6.66,10.56,56.28,9.35,12.66,0.04,1.04,1.18,4.73,brkm5,
15.05,2.30,2.40,7.40,87.41,15.30,53.44,23.24,49.92,4.33,9.30,4.61,9.90,1.06,102.29,1.40,10.42,1.66,0.46,15.98,21.10,7.02,0.15,0.28,0.60,0.11,0.44,0.56,0.96,8.81,tims3,16.92
152.16,1.26,1.46,0.00,0.00,0.83,24.35,20.77,33.86,8.76,14.27,3.72,6.07,0.39,8.87,0.46,8.65,0.08,0.31,0.96,6.79,0.27,1.97,5.03,8.21,2.18,0.27,0.73,0.78,41.58,srna3,0.41
14.83,0.97,1.75,5.62,83.61,6.56,26.64,19.36,24.63,7.69,9.78,3.95,5.02,0.40,4.22,0.53,22.74,2.68,0.41,11.78,10.88,3.26,1.65,3.74,4.76,2.19,0.23,0.74,1.57,23.44,eqtl3,3.57
25.36,0.33,0.16,0.00,0.00,1.30,16.88,6.17,12.95,3.80,7.97,2.55,5.35,0.11,1.29,0.13,96.79,0.62,0.32,0.64,1.90,0.42,0.08,1.25,2.62,0.27,0.65,0.35,1.98,22.73,hapv3,
34.72,9.14,2.53,2.56,65.75,26.33,63.86,53.76,68.83,11.47,14.69,13.28,17.01,1.36,10.16,1.81,10.39,0.76,0.15,7.29,7.55,3.96,0.42,2.22,2.84,0.81,0.54,0.46,2.16,11.33,igti11,11.90
6.64,,0.82,10.18,65.52,0.00,0.00,0.00,0.00,6.39,6.39,7.14,7.14,0.81,16.93,0.86,23.21,2.87,0.00,12.38,11.43,12.25,0.06,0.51,0.51,0.00,0.99,0.01,5.95,100.00,brap4,5.10
14.29,1.06,1.59,6.41,90.24,7.44,26.88,14.96,25.69,5.58,9.58,4.14,7.11,0.63,3.22,0.98,9.86,1.10,0.59,11.13,9.49,4.26,0.55,1.44,2.48,1.02,0.40,0.60,2.21,22.12,flry3,17.65
24.05,1.97,4.06,1.73,41.97,8.19,21.02,16.58,19.98,9.84,11.85,9.86,11.88,0.97,2.71,2.05,11.50,1.94,0.49,16.87,11.54,4.17,0.01,0.03,0.03,1.63,0.24,0.74,3.11,31.04,rdor3,58.44
3.89,2.56,0.80,5.00,19.67,65.96,61.76,92.85,96.74,4.52,4.70,2.65,2.76,0.32,1.47,0.49,9.23,1.90,0.13,20.57,13.35,8.31,0.56,1.86,1.94,0.91,0.40,0.57,2.80,10.87,jhsf3,15.29
1144.99,2.26,1.96,0.00,0.00,0.20,29.97,17.61,32.67,9.69,17.97,6.93,12.85,0.72,16.62,0.86,10.25,0.02,0.32,0.17,7.34,1.01,0.78,2.76,5.12,0.98,0.36,0.61,1.34,39.65,enev3,11.39
15.63,0.70,1.22,4.31,67.47,4.46,60.66,16.25,31.05,4.74,9.07,2.24,4.29,0.39,10.41,0.52,10.84,0.85,0.56,7.80,9.80,2.51,1.36,2.50,4.78,1.69,0.32,0.67,1.18,7.31,yduq3,19.54
18.62,4.95,1.04,5.03,81.51,26.60,75.35,56.25,76.34,5.14,6.97,6.49,8.80,0.53,5.48,0.62,26.62,1.49,0.11,5.59,11.41,3.28,0.22,1.35,1.83,0.00,0.51,0.46,3.06,28.76,alos3,33.70
0.17,0.46,0.78,0.00,0.00,269.37,8.27,181.96,99.81,0.69,0.38,0.47,0.26,0.12,1.07,0.15,0.27,1.22,0.26,453.29,245.35,69.02,0.36,0.22,0.12,0.41,0.15,0.85,0.65,64.89,azev4,
10.86,0.71,1.62,2.10,0.00,6.56,55.15,12.50,13.40,5.38,5.77,5.31,5.70,0.64,4.06,1.23,11.47,1.72,0.90,14.95,18.06,5.93,0.02,0.06,0.07,0.35,0.40,0.60,1.50,14.57,ceab3,
9.28,1.19,1.35,4.22,38.90,12.81,34.44,22.51,44.07,5.77,11.30,2.70,5.28,0.37,2.08,0.50,35.69,5.19,0.31,14.53,6.49,4.01,1.54,3.08,6.02,2.06,0.27,0.72,3.20,10.94,suzb3,
9.22,0.37,0.62,1.45,13.70,4.00,62.16,24.85,33.91,3.95,5.39,1.09,1.48,0.14,1.19,0.19,5.83,0.39,0.39,6.70,12.47,2.92,1.63,2.87,3.91,2.34,0.23,0.71,1.92,22.65,anim3,
8.42,0.47,1.79,12.31,130.95,5.61,26.31,11.49,17.02,3.29,4.88,2.78,4.11,0.47,2.70,0.96,10.01,2.13,0.99,21.28,15.80,6.10,0.34,0.52,0.77,1.23,0.26,0.72,1.52,10.13,brfs3,23.05
13.44,2.80,2.27,2.63,35.36,20.81,38.46,30.29,36.59,9.48,11.45,7.65,9.23,1.01,38.68,1.23,62.49,10.55,0.36,16.88,9.99,7.51,0.54,1.84,2.22,0.82,0.44,0.56,1.17,14.26,sbsp3,49.26
38.76,0.52,0.64,1.03,211.66,1.35,23.52,9.40,24.59,4.66,12.18,2.13,5.58,0.24,3.28,0.34,8.22,0.14,0.46,1.65,4.86,0.74,0.76,2.52,6.60,0.98,0.37,0.61,1.33,6.92,dxco3,21.69
0.18,0.49,0.82,0.00,0.00,269.37,8.27,181.96,99.81,0.69,0.38,0.49,0.27,0.12,1.12,0.16,0.27,1.22,0.26,453.29,245.35,69.02,0.36,0.22,0.12,0.41,0.15,0.85,0.65,64.89,azev3,
8.61,0.13,1.75,1.14,9.61,1.48,26.19,16.34,27.04,4.30,7.12,0.47,0.78,0.07,0.71,0.10,3.61,0.73,0.51,20.27,11.66,0.65,14.23,3.83,6.34,18.23,0.04,0.93,1.37,34.57,simh3,
26.98,0.79,1.15,5.11,48.03,2.91,35.48,22.22,35.93,4.99,8.07,2.19,3.54,0.32,1.93,0.45,3.67,0.16,0.40,4.26,10.88,1.20,1.47,2.80,4.53,1.97,0.27,0.72,2.21,76.68,arml3,18.21
9.18,0.95,1.38,3.61,33.64,10.34,29.64,9.41,11.90,7.60,9.61,7.98,10.09,0.78,1.75,2.93,9.63,1.45,0.82,15.01,9.73,8.47,0.07,0.38,0.48,0.33,0.56,0.43,2.54,16.50,intb3,7.61
8.89,0.76,1.08,2.57,22.85,8.58,27.29,20.32,26.15,6.41,8.25,2.92,3.75,0.35,9.72,0.43,29.82,3.63,0.45,12.18,11.46,3.91,1.30,3.50,4.50,1.47,0.32,0.68,1.23,9.95,neoe3,8.84
19.99,0.78,3.38,1.66,33.33,3.88,14.44,8.30,10.85,8.28,10.82,7.15,9.34,0.92,3.28,1.94,5.75,0.97,1.18,16.89,12.98,4.65,0.53,1.13,1.48,1.25,0.27,0.73,2.13,,ggps3,
11.62,1.92,1.82,4.45,49.60,16.55,42.25,23.95,35.08,7.58,11.10,5.48,8.03,0.94,47.73,1.08,22.65,3.55,0.49,15.68,10.59,8.05,0.70,2.09,3.07,0.77,0.51,0.49,1.17,8.84,csmg3,10.59
8.01,0.68,1.76,2.90,23.29,8.44,39.37,37.58,49.23,5.22,6.84,1.37,1.80,0.21,4.19,0.25,6.04,1.33,0.31,21.93,11.45,2.58,4.92,3.85,5.04,5.90,0.12,0.87,1.51,22.28,ecor3,
10.51,0.83,1.03,5.48,57.77,7.87,35.26,10.73,0.00,,7.70,,7.71,0.10,0.97,0.93,33.03,3.24,0.12,9.82,10.90,1.01,,,,,0.10,0.90,1.13,19.97,sanb11,1.12
0.03,0.23,0.00,0.00,0.00,808.94,830.11,402.10,117.11,37.85,11.02,0.20,0.06,0.00,0.02,0.00,46.94,5.58,0.01,11.89,21.71,9.84,0.65,37.64,10.96,0.72,0.83,1.83,0.59,52.36,oibr3,
14.91,0.39,0.74,0.00,0.00,2.64,9.04,9.32,15.53,4.83,8.04,2.53,4.22,0.25,1.51,0.38,7.26,0.36,0.64,4.95,9.08,2.43,0.67,2.30,3.83,0.92,0.34,0.66,2.01,,cbav3,
3.90,0.16,0.98,5.70,22.35,4.09,33.31,1.34,6.34,2.68,12.70,2.52,11.92,0.12,0.43,0.44,2.17,0.55,0.75,25.22,3.11,3.08,0.06,0.16,0.77,1.25,0.12,0.88,1.64,11.24,ljqq3,
11.22,2.90,2.84,1.89,21.00,25.82,71.93,27.68,32.83,9.16,10.87,8.83,10.47,1.77,3.41,4.99,12.43,3.14,0.61,25.29,21.14,15.80,0.11,0.34,0.40,0.19,0.62,0.38,5.17,22.38,viva3,38.31
7.61,0.84,2.62,2.23,4.97,10.99,29.44,11.41,13.38,6.85,8.04,6.25,7.33,0.52,1.82,1.31,9.97,3.43,0.62,34.41,16.30,6.60,0.25,0.60,0.70,1.00,0.20,0.80,1.89,10.98,tend3,15.40
18.46,1.63,1.57,4.29,105.85,8.85,21.31,18.07,23.96,9.87,13.09,6.82,9.05,0.66,10.25,0.83,8.71,0.74,0.40,8.50,8.20,3.54,0.65,2.84,3.76,0.81,0.42,0.58,1.43,5.81,cple3,10.89
7.58,0.70,1.35,6.49,36.57,9.24,25.11,18.41,24.18,6.80,8.94,2.90,3.80,0.30,4.51,0.40,40.37,7.21,0.43,17.86,10.44,5.17,1.71,3.65,4.80,2.22,0.22,0.73,1.39,11.93,engi11,21.66
6.18,1.64,1.11,10.28,72.47,26.50,47.01,17.06,20.29,6.24,7.42,8.07,9.60,0.99,1.94,2.54,4.49,0.80,0.61,17.92,9.99,16.04,0.25,1.83,2.18,0.02,0.90,0.10,6.07,7.62,grnd3,12.36
12.33,2.62,3.01,4.11,50.64,21.21,48.59,33.87,44.70,7.40,9.77,5.85,7.72,1.30,299.18,1.57,6.23,1.52,0.50,24.37,15.42,10.70,0.80,1.55,2.05,0.94,0.43,0.57,0.97,11.79,port3,42.05
1.51,0.09,0.26,0.00,0.00,5.82,29.06,2.49,3.69,4.97,7.38,2.38,3.54,0.08,0.42,0.14,23.66,4.06,0.86,17.16,5.55,5.03,0.28,2.59,3.84,0.40,0.29,0.71,1.63,6.64,amer3,
4.60,0.28,0.53,8.55,39.99,6.07,29.43,7.67,0.00,,3.71,,3.64,0.04,0.56,0.70,27.14,3.11,0.13,11.44,11.45,0.80,,,,,0.07,0.93,1.07,20.55,brsr6,11.80
5.01,0.94,0.68,8.42,42.60,18.81,38.58,25.45,47.03,2.95,5.45,2.00,3.70,0.39,4.17,0.48,15.55,2.11,0.42,13.59,9.17,7.85,0.32,0.95,1.75,0.53,0.58,0.42,2.16,33.28,recv3,
19.92,2.35,1.34,4.51,71.00,11.82,56.70,16.63,21.08,16.11,20.42,11.16,14.15,0.65,12.37,0.87,19.35,1.30,0.28,6.72,2.99,3.26,0.59,4.95,6.27,0.75,0.49,0.51,1.27,11.27,hype3,8.75
9.38,0.35,0.27,3.51,32.61,3.70,33.32,15.58,17.32,9.86,10.96,2.00,2.23,0.06,0.31,0.10,10.92,0.31,0.17,2.84,4.52,2.00,1.05,7.86,8.74,1.27,0.22,0.57,1.84,2.90,hbor3,16.28
7.62,0.73,0.77,0.00,0.00,9.60,12.06,11.57,0.00,,1.68,,6.32,0.26,1.79,0.44,64.76,6.51,0.36,10.05,7.69,3.42,0.97,,8.00,0.00,0.34,0.66,1.56,8.04,irbr3,
7.85,0.49,0.71,5.07,15.77,6.30,54.57,5.76,11.62,5.93,11.95,4.25,8.58,0.38,1.82,0.68,40.43,3.65,0.77,9.02,0.87,4.85,0.28,1.67,3.38,0.37,0.54,0.46,1.90,49.71,azza3,72.98
12.59,0.76,1.38,3.34,42.00,6.06,30.55,19.65,23.72,5.86,7.07,3.22,3.88,0.35,2.28,0.63,11.88,1.30,0.46,10.95,13.15,2.85,1.13,2.64,3.19,1.46,0.26,0.74,1.55,19.69,slce3,2.73
6.09,0.31,1.13,4.82,23.06,5.16,22.50,6.68,7.97,4.43,5.28,3.94,4.70,0.48,1.92,1.02,4.53,0.84,1.54,18.52,17.32,8.03,0.14,0.49,0.59,0.26,0.43,0.53,1.93,24.20,gmat3,21.24
8.60,0.42,1.20,3.83,32.25,4.93,44.04,7.74,10.42,6.64,8.94,4.07,5.48,0.39,2.46,0.83,12.18,1.70,0.93,13.96,10.64,4.58,0.76,2.57,3.46,1.00,0.33,0.67,1.44,28.49,sbfg3,
12.65,2.38,3.93,5.92,85.22,18.79,38.74,23.09,24.99,9.72,10.53,9.51,10.29,0.77,2.29,1.41,4.70,1.46,0.33,31.05,16.52,7.24,0.09,0.22,0.23,1.09,0.20,0.78,3.93,21.91,dirr3,43.05
61.12,0.40,0.45,0.26,0.00,0.66,86.26,13.14,34.65,2.98,7.87,1.17,3.08,0.15,1.91,0.23,4.67,0.03,0.38,0.74,7.10,0.43,0.70,1.82,4.79,1.05,0.34,0.66,0.81,6.14,qual3,46.85
12.18,1.11,2.29,7.18,90.05,9.15,25.38,13.44,15.88,6.97,8.24,7.02,8.29,1.11,3.52,3.22,4.21,0.79,1.00,18.78,13.43,9.14,0.02,0.05,0.06,0.47,0.49,0.51,1.94,18.25,kepl3,15.97
10.38,1.27,2.50,5.69,66.66,12.25,31.43,24.61,29.58,6.04,7.26,4.30,5.17,0.69,556.25,0.88,19.67,4.73,0.54,24.04,16.51,6.98,1.01,1.74,2.09,1.27,0.27,0.71,1.01,7.56,cpfe3,9.18
11.90,1.06,2.15,5.62,66.66,8.89,38.34,23.31,36.72,6.30,9.92,2.88,4.54,0.35,2.51,0.48,1.66,0.30,0.33,18.06,9.40,3.30,2.55,3.42,5.38,3.50,0.16,0.76,2.12,11.72,klbn4,
8.98,1.11,2.52,7.75,69.64,12.32,20.96,16.75,18.09,5.92,6.39,6.11,6.60,1.78,5.57,3.69,14.91,4.18,1.61,28.02,23.07,19.82,0.08,0.19,0.21,0.17,0.71,0.29,2.61,17.22,tgma3,30.28
20.56,0.28,0.35,0.00,0.00,1.38,24.38,2.18,3.72,7.86,13.44,7.64,13.06,0.20,0.58,0.66,3.70,0.06,0.70,1.70,0.88,0.97,0.01,0.22,0.38,0.17,0.57,0.43,1.99,,mlas3,
9.60,0.80,2.07,5.24,31.01,8.35,100.00,8.32,9.41,4.89,5.53,8.51,9.62,0.58,4.67,1.44,23.07,4.97,0.72,21.54,11.99,6.11,0.88,3.62,4.09,0.00,0.28,0.72,1.26,15.63,pssa3,14.08
6.21,2.04,0.87,10.20,53.18,32.78,40.72,45.74,46.14,7.75,7.82,4.41,4.45,0.40,3.31,0.47,31.73,4.44,0.20,13.99,10.97,6.54,0.59,3.01,3.04,0.71,0.46,0.53,4.46,19.28,isae4,2.47
0.70,0.33,2.04,0.00,0.00,47.38,30.46,34.16,28.53,3.76,3.14,1.17,0.98,0.24,5.94,0.38,0.86,2.48,0.72,289.63,36.86,35.45,4.52,2.59,2.16,5.01,0.12,0.85,1.12,,onco3,
10.17,1.12,3.25,6.38,64.98,10.98,32.41,16.04,16.81,6.80,7.13,6.65,6.97,0.84,1.33,6.19,4.84,1.55,0.75,31.96,18.89,9.99,0.08,0.15,0.16,1.06,0.26,0.72,3.70,17.30,plpl3,16.06
13.10,2.28,8.24,6.86,60.89,17.37,39.45,22.92,23.61,9.26,9.54,9.64,9.93,2.03,6.71,5.13,4.75,2.98,0.89,62.90,37.83,17.27,0.33,0.38,0.39,0.96,0.25,0.71,2.00,34.37,cury3,446.27
0.86,0.13,0.35,0.00,0.00,15.28,16.48,7.31,14.01,4.21,8.08,0.94,1.80,0.08,34.22,0.10,15.09,6.16,0.58,40.83,4.64,8.92,1.23,3.27,6.27,1.69,0.22,0.78,0.99,2.82,ligt3,27.10
1486.04,0.17,0.37,6.58,9802.21,0.01,25.27,6.48,8.65,3.82,5.11,2.00,2.66,0.13,0.49,0.39,11.26,0.00,0.77,0.02,6.92,0.11,0.34,1.83,2.44,0.84,0.36,0.64,1.69,9.23,posi3,52.28
7.88,2.59,0.84,8.06,22.14,32.85,40.82,27.83,28.76,9.35,9.66,9.00,9.30,0.61,1.76,1.06,23.23,2.46,0.24,10.60,6.34,7.97,0.03,0.35,0.36,0.27,0.73,0.26,5.66,12.08,eztc3,6.12
8.98,0.63,0.65,6.58,60.12,7.02,23.33,19.67,41.58,4.16,8.79,1.52,3.21,0.20,0.90,0.30,20.97,1.51,0.32,7.20,7.52,2.22,1.13,2.64,5.59,1.58,0.31,0.69,2.86,10.73,smto3,10.25
4.98,1.54,0.91,6.17,21.14,30.88,56.51,33.28,41.85,4.14,5.21,3.68,4.62,0.42,6.75,0.59,39.80,7.24,0.27,18.20,11.10,8.20,0.11,0.46,0.58,0.60,0.46,0.54,1.28,8.12,sapr11,16.42
0.55,0.05,0.27,0.00,4.42,8.76,11.83,1.66,0.27,107.51,17.79,17.62,2.91,0.06,0.36,0.13,6.24,3.09,1.25,49.46,4.22,10.99,1.39,89.90,14.88,1.79,0.22,0.78,1.49,,vveo3,
3.92,0.32,0.52,0.00,0.00,8.18,29.57,10.06,20.21,3.89,7.82,1.59,3.18,0.19,3.31,0.28,6.23,0.82,0.60,13.14,5.25,4.83,0.75,2.31,4.63,1.07,0.37,0.63,1.23,12.29,dasa3,
20.96,1.77,1.82,0.94,18.58,8.43,47.89,8.78,14.30,11.07,18.02,12.36,20.13,1.26,4.29,2.52,6.30,0.55,0.71,8.69,7.64,5.98,0.09,0.61,0.99,0.15,0.69,0.31,2.40,5.67,alpa4,24.05
8.67,3.31,1.95,7.41,59.20,38.18,57.74,64.69,65.55,8.17,8.27,5.05,5.12,0.68,11.01,0.81,22.19,5.00,0.21,22.53,15.61,7.90,1.21,3.13,3.17,1.35,0.35,0.65,1.67,4.85,taee11,5.31
10.95,2.63,4.88,6.55,95.19,23.99,36.34,32.16,34.70,6.82,7.35,7.57,8.17,2.80,92.47,4.22,2.36,1.05,1.06,44.52,40.12,25.54,0.49,0.76,0.82,0.00,0.57,0.43,0.92,6.29,odpv3,9.81
21.15,0.85,1.86,2.17,45.80,4.04,32.97,3.35,0.00,,25.48,,25.48,0.21,4.19,1.96,5.99,0.53,0.24,8.80,4.95,0.99,,,,,0.11,0.89,1.06,11.55,bpan4,0.66
2.12,0.25,0.32,0.00,0.00,11.77,8.40,4.72,0.04,669.66,6.08,583.11,5.29,0.19,0.53,0.35,16.56,2.50,0.75,15.07,10.18,8.94,0.01,18.84,0.17,0.30,0.59,0.33,4.21,10.55,usim3,
8.66,0.47,1.59,1.29,11.00,5.43,15.49,4.91,5.60,10.56,12.04,8.39,9.57,0.60,2.97,1.70,9.42,1.73,1.29,18.40,6.12,6.96,0.41,2.16,2.47,0.87,0.38,0.62,1.46,,tten3,
6.61,0.29,0.57,9.65,63.24,4.32,39.56,2.79,0.00,,10.23,,10.23,0.05,2.72,0.32,7.67,0.66,0.19,8.62,2.22,0.85,,,,,0.10,0.90,0.98,17.90,bmgb4,5.72
8.49,2.03,2.09,4.65,27.84,23.87,48.47,50.93,61.14,6.45,7.74,3.32,3.98,0.46,41.79,0.53,15.08,3.72,0.22,24.66,13.73,5.70,1.98,3.13,3.76,2.35,0.22,0.76,1.08,0.73,egie3,2.87
5.42,0.57,0.88,8.08,43.75,10.55,20.09,11.47,0.00,,4.99,,4.99,0.10,0.93,1.04,27.39,4.45,0.17,16.24,17.19,1.78,,,,,0.11,0.89,1.13,11.80,abcb4,27.57
6.78,2.48,1.10,8.37,811.71,36.60,53.31,54.54,67.79,4.37,5.44,3.66,4.55,0.34,6.60,0.40,4.79,0.77,0.14,16.18,10.46,4.78,0.21,0.72,0.89,0.63,0.31,0.40,1.51,7.85,syne3,2.46
12.22,0.52,0.97,1.08,20.17,4.27,60.17,8.76,13.23,4.55,6.88,3.94,5.95,0.04,1.91,0.04,11.11,0.88,0.08,7.94,9.86,0.32,0.15,0.61,0.93,0.34,0.04,0.59,1.49,10.57,guar3,
6.67,0.87,1.12,6.97,33.36,13.04,24.97,12.75,16.54,15.09,19.58,5.26,6.82,0.60,1.38,1.73,4.35,0.73,0.69,16.80,10.16,8.94,0.08,0.39,0.51,0.57,0.53,0.47,2.93,13.75,shul4,12.96
15.58,0.22,1.08,4.92,74.87,1.38,32.00,5.40,9.07,3.65,6.13,2.38,4.00,0.33,1.66,0.74,4.90,0.34,1.54,6.93,14.90,2.14,0.58,1.27,2.13,0.61,0.31,0.69,1.57,15.78,pgmn3,15.58
10.71,0.82,0.72,0.00,0.00,7.66,55.90,10.72,3.70,0.99,0.34,22.18,7.65,0.50,1.36,1.25,1.48,0.10,0.61,6.75,9.66,4.69,0.69,21.19,7.31,0.00,0.70,0.30,2.60,27.43,enju3,
2.34,0.17,0.38,0.00,0.00,7.31,33.74,1.37,9.73,3.12,22.14,1.76,12.46,0.15,2.92,0.18,3.15,0.51,0.87,16.18,0.40,6.38,0.29,1.36,9.68,0.52,0.39,0.61,0.77,11.59,meal3,
4.94,1.53,0.90,6.35,21.14,30.88,56.51,33.28,41.85,4.14,5.21,3.65,4.59,0.42,6.69,0.58,7.96,1.45,0.27,18.20,11.10,8.20,0.11,0.46,0.58,0.60,0.46,0.54,1.28,8.12,sapr4,16.42
7.78,0.10,0.37,4.97,54.38,1.28,12.20,6.30,9.80,3.61,5.61,1.01,1.58,0.11,0.56,0.20,27.31,1.31,1.09,4.79,8.92,2.19,0.95,2.60,4.03,1.34,0.29,0.68,1.74,12.46,mypk3,
12.20,0.17,0.58,3.84,62.41,1.40,19.93,4.93,7.09,6.86,9.88,2.40,3.46,0.18,0.93,0.40,9.80,0.47,1.04,4.79,5.07,1.45,1.08,4.46,6.42,1.64,0.30,0.70,1.51,9.53,caml3,18.69
5.03,1.16,1.37,8.65,43.33,23.03,41.53,26.09,37.51,4.79,6.88,3.09,4.44,0.52,2.40,0.78,6.22,1.69,0.45,27.22,10.81,10.32,0.75,1.70,2.44,1.23,0.38,0.62,2.85,10.48,rani3,33.29
12.33,0.38,0.44,0.00,0.00,3.10,17.92,8.50,48.29,3.82,21.70,0.79,4.50,0.12,0.48,0.19,6.62,0.23,0.31,3.53,1.62,0.95,1.67,3.03,17.21,2.41,0.27,0.73,2.74,8.37,jall3,
19.75,1.35,2.92,2.46,48.25,6.83,33.80,14.35,18.88,8.82,11.60,7.15,9.40,1.02,3.73,2.00,8.60,1.27,0.76,14.78,13.10,5.26,0.68,1.67,2.20,1.10,0.35,0.65,2.27,25.56,fras3,14.76
9.55,2.55,1.23,2.85,25.24,26.70,69.61,71.56,75.70,6.32,6.69,3.37,3.56,0.35,3.00,0.44,27.30,3.53,0.14,12.93,12.50,5.46,1.03,2.81,2.97,1.39,0.29,0.61,2.55,6.63,alup11,3.50
4.75,1.62,2.23,24.41,61.03,34.01,41.07,21.09,24.74,7.05,8.26,6.53,7.66,1.32,3.25,3.83,9.08,4.27,0.82,46.97,11.57,27.87,0.18,0.51,0.60,0.40,0.59,0.41,2.65,24.02,vulc3,106.19
6.88,1.21,1.34,4.05,28.59,17.51,35.24,18.10,19.19,6.92,7.33,6.28,6.66,0.44,1.37,0.88,21.33,4.16,0.37,19.53,11.98,6.43,0.14,0.64,0.67,0.45,0.33,0.67,2.91,31.52,mdne3,
15.38,1.38,1.99,6.44,98.76,8.98,25.01,8.65,12.74,8.66,12.75,10.85,15.98,1.31,3.29,4.24,13.27,1.72,0.95,12.93,7.93,8.70,0.40,2.19,3.23,0.02,0.66,0.34,2.34,57.25,bmob3,30.33
7.77,0.35,0.38,14.06,110.19,4.49,25.58,13.03,9.26,8.78,6.24,3.77,2.68,0.17,0.39,0.72,9.35,0.46,0.48,4.95,7.32,3.28,0.51,5.01,3.56,0.62,0.44,0.54,2.32,21.55,mtre3,8.55
11.57,0.50,0.84,1.72,19.95,4.31,13.28,7.33,9.38,7.13,9.13,5.31,6.81,0.28,0.59,0.86,10.28,0.75,0.57,7.25,6.05,4.50,0.29,1.82,2.33,0.96,0.34,0.50,3.64,31.78,soja3,21.32
26.93,3.80,1.48,6.18,159.17,14.11,43.59,10.97,21.36,22.24,43.32,17.79,34.65,0.61,6.47,0.76,42.22,2.32,0.16,5.51,2.12,2.26,0.39,4.67,9.11,0.65,0.41,0.59,1.92,7.96,elet6,
5.17,0.42,0.49,4.43,22.81,8.10,34.73,9.77,12.81,6.34,8.31,3.27,4.28,0.26,1.35,0.59,9.29,0.89,0.61,9.56,6.96,4.97,0.45,2.95,3.87,0.60,0.52,0.48,1.51,2.94,tasa4,14.03
10.25,1.72,1.82,5.27,54.45,16.76,63.07,33.83,48.56,5.14,7.38,3.54,5.08,0.68,2.80,1.10,7.17,1.27,0.40,17.75,12.19,6.66,0.83,1.61,2.30,1.37,0.37,0.62,2.78,28.55,mils3,
94.20,5.99,4.27,0.00,0.00,6.36,45.25,26.80,45.13,15.61,26.29,13.27,22.35,1.44,6.36,2.20,14.82,0.67,0.24,4.54,7.05,1.00,0.75,2.34,3.93,1.48,0.34,0.64,2.93,21.11,orvr3,11.36
0.02,0.03,0.00,0.00,0.00,177.31,28.41,43.50,43.17,9.56,9.48,0.06,0.06,0.01,0.00,0.02,1035.83,53.21,0.20,5.14,1.57,36.38,0.12,9.49,9.42,0.13,6.76,7.91,0.34,13.87,pdgr3,
9.05,1.02,1.84,7.65,70.78,11.26,34.81,12.69,0.00,,8.46,,8.03,0.13,0.72,2.16,19.93,4.06,0.13,20.37,20.86,1.51,,,,,0.07,0.92,1.25,17.48,itub3,24.37
9.10,0.86,0.82,9.32,0.00,9.48,25.56,9.38,9.59,10.64,10.89,9.00,9.20,0.33,0.57,1.14,9.90,0.89,0.38,9.03,4.10,4.51,0.15,1.65,1.69,0.56,0.40,0.55,5.14,7.17,even3,33.44
14.20,0.18,0.59,11.05,151.84,1.27,14.71,1.24,5.19,7.90,32.93,3.48,14.53,0.18,0.50,0.48,21.37,0.88,1.01,4.13,0.97,1.27,0.74,4.42,18.41,1.28,0.31,0.69,2.45,18.63,tupy3,
11.55,1.06,0.73,16.08,79.56,9.19,17.26,2.88,12.57,7.65,33.43,8.44,36.88,0.59,2.00,0.98,9.59,0.61,0.55,6.34,1.55,5.08,0.21,2.42,10.57,0.05,0.80,0.20,3.76,7.60,fesa4,25.18
19.69,0.76,1.09,1.56,30.71,3.87,28.99,14.57,19.77,5.57,7.56,3.86,5.23,0.36,1.56,0.56,4.39,0.24,0.48,5.56,9.07,1.88,0.49,1.71,2.32,0.95,0.33,0.66,2.92,24.01,matd3,0.71
0.85,0.06,0.03,0.00,0.00,7.18,7.57,6.27,4.54,35.49,25.68,1.35,0.98,0.01,0.04,0.03,178.22,5.59,0.17,3.14,3.57,1.25,0.68,34.14,24.70,0.78,0.40,0.60,1.88,0.31,gfsa3,
11.00,0.56,0.91,1.64,18.09,5.06,58.35,16.17,25.98,3.04,4.89,2.14,3.44,0.36,5.92,0.50,10.32,0.85,0.65,8.25,15.27,3.27,0.38,0.90,1.45,0.59,0.40,0.60,1.27,11.63,seer3,7.85
7.28,1.30,0.98,2.72,25.35,17.89,40.23,23.11,26.68,5.38,6.21,4.88,5.64,0.64,1.79,1.39,13.10,1.76,0.49,13.47,9.99,8.74,0.10,0.50,0.57,0.23,0.65,0.36,2.90,8.44,blau3,4.52
7.32,1.74,2.04,12.91,60.28,23.77,35.50,28.05,28.64,6.24,6.37,6.08,6.20,0.78,1.41,3.52,7.73,2.15,0.45,27.83,18.62,12.41,0.05,0.16,0.16,0.58,0.38,0.55,3.52,38.11,lavv3,33.22
7.01,0.98,1.91,3.00,41.78,13.92,61.91,45.18,54.36,1.91,2.30,1.79,2.16,0.55,35.14,0.72,4.36,1.19,0.57,27.23,39.85,14.52,0.13,0.12,0.14,0.55,0.29,0.46,1.07,11.21,wizc3,11.92
50.75,2.12,0.24,0.00,0.00,4.18,61.16,91.66,94.66,9.45,9.76,2.24,2.32,0.09,2.53,0.10,18.97,0.09,0.04,0.46,5.03,1.83,0.76,7.21,7.44,0.82,0.39,0.45,1.57,22.89,hbre3,
9.02,0.83,1.38,3.32,30.49,9.18,50.81,21.95,30.25,3.25,4.48,2.74,3.78,0.48,6.66,0.62,4.54,0.69,0.58,15.25,20.33,5.28,0.26,0.51,0.70,0.76,0.35,0.65,1.44,8.85,csed3,
10.30,1.79,1.59,4.83,49.60,17.41,51.52,26.57,46.56,4.30,7.53,3.85,6.75,0.86,1.01,,3.51,0.54,0.48,15.46,13.16,8.31,0.18,0.44,0.78,0.44,0.54,0.26,6.43,,fiqe3,
40.29,0.48,1.47,0.33,13.45,1.19,21.32,7.48,12.10,5.07,8.19,3.95,6.39,0.46,1.32,1.16,10.49,0.38,0.97,3.66,8.52,1.86,0.42,1.12,1.80,1.42,0.32,0.67,2.42,44.19,prnr3,
7.95,0.28,0.98,0.00,0.00,3.55,64.92,0.76,7.60,5.69,57.18,3.71,37.30,0.33,9.50,0.43,3.56,0.44,1.17,12.35,0.17,4.14,0.52,1.98,19.89,0.76,0.33,0.67,0.87,17.67,zamp3,
25.76,0.75,1.59,0.00,0.00,2.91,26.92,15.46,30.90,4.28,8.55,2.43,4.85,0.49,2.05,0.78,4.82,0.30,0.65,6.16,9.94,1.88,1.21,1.85,3.69,1.88,0.31,0.69,2.67,26.00,opct3,
19.24,0.19,0.99,6.89,127.99,0.97,15.90,11.71,19.54,4.41,7.36,0.96,1.60,0.15,0.83,0.23,6.41,0.33,0.78,5.13,10.63,0.76,3.56,3.45,5.76,4.48,0.15,0.85,1.88,27.91,jslg3,6.45
7.74,0.84,5.15,8.09,61.27,10.80,26.66,16.29,18.61,5.40,6.17,4.49,5.13,1.15,7.52,3.18,6.47,4.30,1.37,66.51,30.82,14.81,1.04,0.91,1.04,1.71,0.22,0.78,1.31,17.58,leve3,36.70
7.68,0.64,1.93,6.20,46.46,8.29,21.58,10.87,0.00,,5.67,,5.86,0.08,5.26,0.55,5.50,1.38,0.13,25.16,25.58,1.07,,,,,0.04,0.96,1.02,41.86,pine4,
8.42,0.09,0.70,7.51,63.51,1.03,14.97,2.67,3.29,4.05,4.98,2.62,3.23,0.17,1.08,0.58,11.19,0.93,2.00,8.35,13.80,2.14,0.38,1.42,1.75,0.57,0.25,0.70,1.29,15.53,pfrm3,14.36
2.41,0.18,2.36,0.00,0.00,7.34,35.85,4.09,11.78,4.88,14.05,1.50,4.33,0.13,7.75,0.20,1.38,1.35,0.73,97.88,6.61,5.34,5.31,3.38,9.73,6.61,0.05,0.95,0.96,14.29,ptbl3,
21.74,0.93,0.96,1.19,25.97,4.28,42.86,16.58,46.76,4.16,11.72,1.99,5.62,0.36,30.80,0.44,3.60,0.16,0.39,4.40,6.94,1.68,1.04,2.16,6.10,1.25,0.38,0.62,0.93,,brst3,
6.31,0.64,0.71,31.23,197.13,10.20,24.77,9.65,9.97,7.71,7.97,6.46,6.67,0.29,0.64,1.08,5.32,0.60,0.45,11.20,5.10,6.44,0.14,1.25,1.29,0.47,0.41,0.54,2.60,15.67,melk3,24.85
12.43,6.73,2.65,12.87,160.54,54.18,100.00,1.21,0.00,,4340.98,,554.98,0.13,3.22,15.04,7.71,1.64,0.02,21.33,6.49,1.02,20.73,,4340.98,0.00,0.05,0.95,1.04,,brbi11,
0.03,0.04,0.06,0.00,0.00,113.32,2.03,112.24,96.86,1.08,0.94,0.04,0.03,0.04,0.08,0.04,10.14,17.02,0.95,167.97,337.89,125.53,1.50,1.05,0.90,1.51,0.64,1.79,0.24,4.13,seql3,
11.90,1.06,2.15,5.62,66.66,8.89,38.34,23.31,36.72,6.30,9.92,2.88,4.54,0.35,2.51,0.48,1.66,0.30,0.33,18.06,9.40,3.30,2.55,3.42,5.38,3.50,0.16,0.76,2.12,11.72,klbn3,
7.90,0.89,1.10,7.54,45.84,11.30,33.24,13.51,18.72,4.91,6.81,4.77,6.60,0.66,1.91,1.33,21.04,2.93,0.74,13.91,12.25,8.43,0.03,0.15,0.20,0.35,0.60,0.40,3.14,1.80,vlid3,
5.65,0.74,1.52,21.14,58.85,13.08,25.19,15.10,16.84,5.43,6.06,4.39,4.89,0.69,2.36,1.80,3.91,1.05,0.94,26.93,14.26,12.40,0.28,0.82,0.92,0.73,0.45,0.55,1.91,20.59,pomo3,67.96
5.63,9.02,0.56,10.11,50.14,160.32,97.55,246.31,249.12,6.86,6.94,3.62,3.66,0.30,6.99,0.37,43.62,4.37,0.03,10.02,8.40,5.38,0.50,3.24,3.28,0.66,0.54,0.46,1.32,11.09,logg3,21.97
2.04,0.74,0.28,0.00,0.00,36.23,15.46,6.53,16.14,13.11,32.42,4.58,11.33,0.12,2.00,0.13,3.35,0.46,0.16,13.60,2.63,5.71,0.52,8.57,21.19,0.57,0.42,0.58,0.58,46.10,rnew4,
35.81,0.38,0.47,0.15,5.30,1.05,34.59,14.52,23.09,4.09,6.50,1.63,2.59,0.18,1.11,0.34,2.39,0.03,0.48,1.31,7.40,0.44,0.70,2.46,3.90,0.98,0.38,0.62,1.52,15.54,espa3,30.00
5.07,1.57,0.92,5.60,21.14,30.88,56.51,33.28,41.85,4.14,5.21,3.74,4.71,0.43,6.86,0.60,7.96,1.45,0.27,18.20,11.10,8.20,0.11,0.46,0.58,0.60,0.46,0.54,1.28,8.12,sapr3,16.42
12.31,0.26,1.10,3.15,26.74,2.13,32.22,4.47,8.78,5.17,10.16,2.99,5.87,0.39,1.36,0.97,8.41,0.75,1.48,8.93,8.02,3.15,0.80,2.18,4.28,1.11,0.35,0.65,1.91,13.43,pnvl3,14.97
19.47,2.71,5.10,1.53,22.31,13.94,56.66,20.17,23.42,12.23,14.20,11.59,13.46,3.00,6.79,9.37,3.46,0.91,1.11,26.21,23.34,15.42,0.28,0.64,0.74,0.32,0.59,0.41,2.86,30.11,tfco4,40.01
3.87,0.82,0.64,0.16,0.62,21.06,64.73,22.16,32.06,4.87,7.05,2.54,3.68,0.30,2.78,0.37,21.13,3.50,0.36,16.58,2.40,7.68,0.59,2.33,3.37,0.86,0.46,0.54,2.34,,vtru3,
3.26,20.44,2.46,0.00,0.00,626.74,2.26,459.07,406.97,6.81,6.04,5.02,4.45,1.73,2.86,2.68,0.85,0.64,0.08,75.37,55.21,52.74,0.00,0.01,0.01,0.00,0.70,1.70,0.37,35.16,rcsl3,
7.67,1.20,1.03,9.74,26.31,15.71,30.38,16.17,19.03,8.13,9.57,6.33,7.45,0.47,0.82,3.36,8.50,1.14,0.39,13.44,6.79,6.32,0.29,1.80,2.12,0.67,0.45,0.54,2.96,9.08,tris3,3.79
0.05,0.15,0.01,0.00,0.00,283.89,30.88,74.88,58.35,16.89,13.16,0.26,0.20,0.05,0.01,0.07,55.24,12.73,0.35,23.04,29.38,98.35,0.79,16.63,12.96,0.79,4.27,5.27,0.05,33.93,pmam3,
84.62,1.96,0.95,3.92,0.00,2.32,19.34,6.62,18.18,16.65,45.76,10.79,29.64,0.52,4.20,0.76,20.48,0.23,0.27,1.13,1.13,0.62,0.52,5.87,16.12,0.63,0.55,0.45,1.67,4.89,agro3,
12.89,0.86,1.05,2.85,35.49,6.65,32.63,7.61,11.55,6.85,10.40,7.42,11.26,0.67,2.42,1.30,24.50,2.00,0.78,8.17,6.64,5.19,0.08,0.57,0.86,0.22,0.64,0.36,2.33,7.07,mdia3,2.35
1.50,0.04,0.23,0.00,0.00,2.50,14.21,1.05,2.96,8.35,23.65,1.27,3.59,0.06,0.28,0.13,54.75,8.35,1.49,15.26,2.47,3.73,1.28,7.08,20.06,1.48,0.24,0.76,1.58,,amob3,
0.20,0.30,1.20,0.00,0.00,147.83,1.74,117.42,107.86,2.17,1.99,0.28,0.25,0.13,1.22,0.21,3.35,20.06,0.43,598.24,66.03,63.76,8.26,1.89,1.74,8.41,0.11,1.11,1.39,17.52,aeri3,
10.98,0.85,1.12,4.79,24.89,7.70,31.22,7.90,10.91,9.36,12.93,7.75,10.71,0.74,2.12,1.91,4.11,0.42,0.88,10.20,7.36,6.74,0.23,1.61,2.23,0.36,0.66,0.34,2.35,9.03,vitt3,6.12
32.80,0.35,1.79,0.00,0.00,1.08,52.44,16.87,22.12,4.03,5.29,1.60,2.10,0.25,2.00,0.35,0.58,0.03,0.70,5.46,21.48,0.76,2.72,2.43,3.19,2.90,0.14,0.86,0.70,6.94,amar3,
6.02,1.01,1.28,11.36,60.22,16.77,48.58,18.02,21.55,3.96,4.74,4.68,5.60,1.00,2.89,2.07,7.35,1.56,0.99,21.24,19.31,16.65,0.20,0.72,0.87,0.01,0.78,0.22,3.04,20.26,camb3,24.55
8.03,0.55,0.63,9.33,56.44,6.89,27.12,6.38,11.25,8.79,15.52,4.92,8.67,0.30,0.97,0.74,13.19,1.03,0.54,7.79,3.88,3.73,0.49,3.88,6.84,0.66,0.48,0.52,2.07,7.39,romi3,11.28
8.86,1.26,2.82,10.06,121.87,14.19,30.14,19.78,25.63,5.83,7.55,4.90,6.35,0.91,3.32,1.52,21.83,6.95,0.73,31.82,13.99,10.24,0.65,1.13,1.46,1.34,0.32,0.67,3.18,7.44,unip6,16.13
5.66,0.40,0.85,6.50,36.88,7.08,15.81,10.67,12.20,2.98,3.40,3.28,3.76,0.55,1.19,1.56,9.52,1.43,1.37,15.01,12.77,9.70,0.08,0.31,0.35,0.22,0.65,0.35,3.48,17.27,dexp3,1.65
26.37,1.64,1.40,0.22,12.30,6.23,68.37,30.18,48.49,5.33,8.57,3.39,5.44,0.53,14.57,0.64,12.09,0.64,0.32,5.31,11.61,2.18,0.80,1.95,3.13,1.06,0.38,0.62,1.26,,desk3,
10.07,0.95,1.41,10.31,98.45,9.47,17.98,13.62,17.09,6.68,8.38,5.58,7.01,0.63,24.74,0.79,10.04,1.40,0.66,13.99,11.80,6.21,0.46,1.81,2.27,0.54,0.44,0.56,0.89,10.96,cmig3,7.02
10.16,0.80,1.00,5.40,57.77,7.87,35.26,10.73,0.00,,7.70,,7.46,0.10,0.94,0.90,16.52,1.62,0.12,9.82,10.90,1.01,,,,,0.10,0.90,1.13,19.97,sanb3,1.12
8.70,3.32,1.96,7.40,59.20,38.18,57.74,64.69,65.55,8.17,8.27,5.07,5.13,0.69,11.04,0.81,7.40,1.67,0.21,22.53,15.61,7.90,1.21,3.13,3.17,1.35,0.35,0.65,1.67,4.85,taee4,5.31
8.31,16.08,1.43,8.48,73.99,193.63,23.52,213.64,228.94,7.25,7.77,7.03,7.53,1.17,25.09,1.27,8.41,1.45,0.07,17.22,17.04,14.11,0.05,0.23,0.25,0.10,0.81,0.15,2.18,6.92,itsa3,16.85
105.09,0.56,2.83,0.00,0.00,0.53,32.33,13.88,27.82,4.35,8.73,2.02,4.04,0.39,8.56,0.50,1.63,0.04,0.70,2.69,12.81,0.32,3.29,2.34,4.69,4.23,0.14,0.86,0.82,22.66,alpk3,
7.44,1.45,1.16,3.87,26.58,19.46,78.84,23.59,32.76,3.14,4.35,4.42,6.14,0.73,4.26,1.07,1.76,0.27,0.50,15.55,12.05,11.87,0.34,1.29,1.79,0.00,0.63,0.39,2.13,4.49,lpsb3,30.35
9.96,0.54,3.26,14.04,175.29,5.45,18.11,9.85,11.16,4.54,5.14,4.86,5.51,0.70,24.38,2.15,1.43,0.47,1.29,32.74,27.57,7.02,0.07,0.10,0.11,0.94,0.21,0.79,0.96,6.83,whrl4,0.29
5.98,,0.74,10.29,65.52,0.00,0.00,0.00,0.00,6.39,6.39,6.43,6.43,0.73,15.24,0.78,23.21,2.87,0.00,12.38,11.43,12.25,0.06,0.51,0.51,0.00,0.99,0.01,5.95,100.00,brap3,5.10
10.83,0.85,1.06,5.56,57.77,7.87,35.26,10.73,0.00,,7.70,,7.95,0.10,1.00,0.96,16.52,1.62,0.12,9.82,10.90,1.01,,,,,0.10,0.90,1.13,19.97,sanb4,1.12
0.60,0.35,0.31,0.00,0.00,57.81,20.85,40.32,37.58,5.61,5.23,0.92,0.86,0.09,0.25,0.12,4.34,2.22,0.25,51.23,13.79,14.32,1.56,4.69,4.37,1.79,0.28,0.72,0.46,9.39,tcsa3,
5.28,0.21,0.29,0.91,32.81,4.02,20.36,2.36,7.53,4.46,14.21,2.82,8.99,0.18,1.00,0.31,13.69,0.76,0.83,5.57,0.19,3.33,0.17,1.64,5.22,0.21,0.60,0.40,1.66,11.35,eter3,21.57
11.88,3.13,0.87,3.19,65.75,26.33,63.86,53.76,68.83,11.47,14.69,4.54,5.82,0.46,3.47,0.62,3.46,0.25,0.15,7.29,7.55,3.96,0.42,2.22,2.84,0.81,0.54,0.46,2.16,11.33,igti3,11.90
1.63,0.06,0.38,0.00,0.00,3.54,18.24,17.36,29.29,3.19,5.39,0.20,0.33,0.02,0.09,0.04,0.65,0.15,0.43,23.47,9.70,1.10,5.81,3.00,5.06,10.10,0.06,0.87,2.72,59.50,ambp3,
2.02,0.73,0.27,0.00,0.00,36.23,15.46,6.53,16.14,13.11,32.42,4.53,11.21,0.12,1.98,0.13,3.35,0.46,0.16,13.60,2.63,5.71,0.52,8.57,21.19,0.57,0.42,0.58,0.58,46.10,rnew3,
8.61,3.29,1.94,7.47,59.20,38.18,57.74,64.69,65.55,8.17,8.27,5.01,5.08,0.68,10.93,0.80,7.40,1.67,0.21,22.53,15.61,7.90,1.21,3.13,3.17,1.35,0.35,0.65,1.67,4.85,taee3,5.31
6.83,4.26,3.56,0.00,0.00,62.35,93.46,3.17,6.06,85.90,164.17,70.23,134.22,2.55,8.34,3.96,0.78,0.40,0.60,52.13,47.53,39.44,0.20,3.92,7.50,0.00,0.72,0.23,6.84,0.05,fict3,10.55
6.11,1.34,0.28,0.00,0.00,21.86,83.42,44.59,36.29,9.59,7.80,3.68,3.00,0.26,0.28,10.65,5.77,0.26,0.19,4.53,9.87,4.25,1.00,13.27,10.80,0.00,0.94,0.06,16.47,7.81,reag3,
0.21,0.21,0.21,0.00,0.00,97.15,41.07,16.86,18.57,1.80,1.99,1.11,1.23,0.40,6.69,0.74,6.17,5.96,1.93,96.55,18.21,187.10,0.15,0.81,0.90,0.18,1.94,2.94,0.89,6.74,bobr4,
0.08,0.02,0.02,0.00,0.00,19.19,14.43,20.96,20.43,0.05,0.05,0.08,0.08,0.01,0.04,0.30,109.81,24.51,0.84,22.32,24.37,16.12,0.01,0.03,0.03,0.00,0.72,1.72,0.76,42.03,rpmg3,
5.50,0.53,0.58,4.19,23.19,9.59,36.34,16.43,19.66,3.66,4.38,2.68,3.21,0.34,1.71,0.54,30.27,3.19,0.65,10.54,11.26,6.22,0.18,0.83,0.99,0.30,0.59,0.41,2.16,11.38,euca4,15.44
9.71,0.31,0.81,0.00,0.00,3.22,35.72,5.39,11.97,9.66,21.45,2.61,5.80,0.16,0.42,0.37,1.55,0.13,0.50,8.29,4.06,1.62,2.17,7.05,15.65,2.40,0.20,0.80,2.97,13.43,pdtc3,
16.31,0.10,0.30,0.00,0.00,0.64,28.13,2.63,5.16,2.16,4.24,2.03,3.97,0.14,7.16,0.21,17.98,0.33,1.34,1.83,6.67,0.86,0.02,0.14,0.27,0.04,0.47,0.53,1.06,20.93,dmvf3,168.22
1.27,0.08,1.71,0.00,0.00,6.44,4.41,5.41,0.90,65.37,10.86,9.14,1.52,0.07,1.55,0.10,4.43,5.96,0.84,134.56,21.38,6.66,10.56,56.28,9.35,12.66,0.04,1.04,1.18,4.73,brkm3,
2.57,0.47,0.76,5.13,14.76,18.28,22.97,14.12,35.15,1.81,4.50,1.34,3.33,0.43,4.64,0.71,15.84,4.71,0.92,29.71,14.99,16.76,0.23,0.41,1.01,0.29,0.56,0.44,1.31,18.13,ealt4,33.21
10.99,0.47,0.60,3.74,42.67,4.31,11.68,7.92,13.11,4.56,7.55,3.61,5.97,0.38,1.57,0.61,27.26,1.50,0.80,5.50,6.48,3.48,0.10,0.60,0.99,0.28,0.63,0.37,2.70,9.73,ggbr3,4.91
9.12,0.59,0.69,0.00,0.00,6.49,26.83,9.47,16.60,5.33,9.35,3.57,6.26,0.24,167.93,0.33,7.00,0.53,0.41,7.54,6.23,2.13,0.34,1.76,3.10,0.46,0.35,0.64,1.01,5.94,aalr3,
5.68,0.46,0.54,4.01,22.81,8.10,34.73,9.77,12.81,6.34,8.31,3.60,4.71,0.28,1.48,0.65,9.29,0.89,0.61,9.56,6.96,4.97,0.45,2.95,3.87,0.60,0.52,0.48,1.51,2.94,tasa3,14.03
12.06,0.86,0.54,0.00,0.00,7.15,59.18,8.15,13.34,3.48,5.69,6.47,10.58,0.41,1.78,0.64,48.55,2.16,0.48,4.44,5.62,3.40,0.25,2.99,4.90,0.04,0.77,0.23,2.83,5.32,ngrd3,
6.50,0.98,1.02,3.42,22.40,15.07,54.75,16.04,18.48,5.54,6.39,5.30,6.10,0.62,1.34,1.92,6.82,1.07,0.64,15.64,11.30,9.61,0.05,0.25,0.28,0.21,0.61,0.39,3.25,13.15,tecn3,
10.06,0.15,0.54,3.72,32.20,1.51,11.68,7.91,13.04,2.15,3.55,1.16,1.91,0.12,0.50,0.20,19.49,1.06,0.80,5.42,11.88,3.47,0.45,0.96,1.59,0.96,0.22,0.37,2.71,9.73,goau3,4.93
8.23,1.28,1.52,5.96,50.02,15.58,41.64,20.82,31.31,3.82,5.75,4.09,6.16,1.04,16.95,1.53,12.19,2.25,0.81,18.49,17.37,12.63,0.10,0.27,0.41,0.10,0.68,0.32,1.24,5.77,csud3,15.04
2.20,0.14,0.46,24.63,105.59,6.55,11.57,9.29,10.22,1.12,1.23,1.41,1.55,0.21,0.62,0.80,17.84,3.72,1.43,20.88,21.34,9.36,0.09,0.29,0.32,0.27,0.45,0.55,1.81,2.68,alld3,16.07
81.51,8.48,1.17,0.89,74.24,10.41,95.13,10.01,6.62,135.61,89.59,128.21,84.70,0.90,70.79,0.95,6.78,0.10,0.11,1.44,2.82,1.10,0.07,7.40,4.89,0.10,0.76,0.24,0.82,,land3,
38.39,0.36,0.49,13.76,512.66,0.93,34.10,4.31,4.07,15.67,14.83,8.77,8.30,0.23,6.86,0.33,2.77,0.04,0.66,1.28,6.72,0.61,0.39,6.90,6.53,0.61,0.48,0.52,1.14,10.84,ucas3,
10.21,0.94,1.82,5.07,36.57,9.24,25.11,18.41,24.18,6.80,8.94,3.90,5.13,0.41,6.07,0.53,8.07,1.44,0.43,17.86,10.44,5.17,1.71,3.65,4.80,2.22,0.22,0.73,1.39,11.93,engi3,21.66
4.03,0.60,0.36,0.00,0.00,14.80,16.84,7.91,14.08,21.90,38.99,4.23,7.54,0.08,1.44,0.12,2.43,0.22,0.14,9.00,0.44,2.09,1.51,17.66,31.45,1.52,0.23,0.77,0.82,4.78,lupa3,
0.37,0.05,0.21,0.00,0.00,14.19,2.02,5.37,3.47,1.00,0.65,1.53,0.99,0.08,0.67,0.29,20.97,11.90,1.57,56.73,47.82,22.30,0.07,0.53,0.34,0.05,0.39,1.39,0.85,15.32,fher3,
0.65,0.27,0.38,0.00,0.00,41.25,33.69,12.86,8.43,1.06,0.70,3.17,2.08,0.10,0.87,0.25,15.24,9.05,0.37,59.35,13.03,15.88,0.51,4.23,2.77,0.60,0.26,0.74,1.23,29.89,show3,
0.14,14.55,0.03,0.00,0.00,10578.39,33.65,6650.97,6504.76,3.70,3.62,0.22,0.22,0.13,0.06,0.21,36.59,8.72,0.01,23.84,31.40,98.15,0.51,3.48,3.40,0.52,4.07,5.07,0.13,6.69,inep3,
9.23,2.46,1.19,2.96,25.24,26.70,69.61,71.56,75.70,6.32,6.69,3.26,3.44,0.34,2.90,0.42,9.10,1.18,0.14,12.93,12.50,5.46,1.03,2.81,2.97,1.39,0.29,0.61,2.55,6.63,alup4,3.50
3.94,0.70,0.58,10.80,41.84,17.66,20.35,18.56,0.00,,3.71,,3.75,0.07,6.71,0.07,129.92,19.15,0.10,14.74,14.87,1.78,0.01,,0.04,0.00,0.12,0.88,0.82,44.94,baza3,32.23
12.48,0.41,0.70,4.35,46.33,3.32,17.11,13.39,21.81,4.55,7.42,1.90,3.10,0.23,1.27,0.29,43.72,2.47,0.56,5.64,10.36,1.87,1.09,2.96,4.81,1.12,0.33,0.67,0.53,8.57,coce5,2.10
14.23,1.73,0.52,0.00,0.00,12.16,38.99,26.31,86.67,1.13,3.72,2.00,6.57,0.19,0.45,0.39,16.32,0.60,0.11,3.68,7.92,1.33,0.91,3.46,11.39,0.00,0.36,0.64,5.55,11.60,telb4,
6.71,0.17,0.88,0.00,0.00,2.47,14.66,6.39,6.74,3.08,3.25,2.46,2.59,0.28,1.14,1.06,3.27,0.43,1.68,13.15,20.19,4.16,0.22,0.62,0.65,0.36,0.32,0.68,1.50,25.05,nutr3,10.55
8.07,0.54,1.13,6.57,48.24,6.68,29.87,8.53,0.00,,6.29,,6.32,0.07,0.41,0.25,7.04,0.98,0.13,13.96,13.96,0.87,,,,,0.06,0.94,0.81,26.34,bees3,8.07
3.44,5.43,0.93,0.00,0.00,157.57,20.97,184.76,156.27,2.96,2.50,3.47,2.94,0.78,1.74,1.59,4.58,1.24,0.14,27.03,32.15,22.75,0.14,0.52,0.44,0.00,0.84,0.06,9.31,,trad3,
0.42,3.36,0.05,0.00,0.00,808.94,830.11,402.10,117.11,37.85,11.02,2.87,0.84,0.04,0.24,0.05,46.94,5.58,0.01,11.89,21.71,9.84,0.65,37.64,10.96,0.72,0.83,1.83,0.59,52.36,oibr4,
2.47,0.16,0.21,5.45,13.77,6.35,33.39,15.26,35.52,3.40,7.91,0.44,1.03,0.07,0.18,0.08,19.54,1.67,0.45,8.57,6.55,3.35,1.42,2.95,6.88,1.50,0.34,0.67,0.16,3.65,tpis3,
33.62,0.27,0.36,5.25,1780.83,0.08,26.99,5.58,27.53,0.08,0.39,0.93,4.41,0.16,0.69,0.32,9.97,0.11,0.61,0.11,5.89,0.04,0.32,0.85,4.17,0.00,0.44,0.55,1.84,,lvtc3,
23.14,3.57,0.94,7.06,164.77,15.41,40.14,18.07,32.67,16.67,30.14,10.92,19.73,0.49,2.75,0.66,26.06,1.06,0.14,4.06,1.76,9.28,0.50,5.76,10.41,0.70,0.52,0.47,3.30,3.18,scar3,24.52
1.16,0.23,1.12,0.00,0.00,20.29,55.50,7.89,7.45,4.58,4.32,3.15,2.97,0.17,0.79,0.19,2.85,2.76,0.72,96.77,21.84,14.66,0.51,1.42,1.34,0.72,0.15,0.79,0.32,12.81,bied3,
6.20,0.85,0.66,10.44,54.22,13.75,53.39,8.92,15.95,3.52,6.30,5.34,9.55,0.48,1.67,0.87,46.51,4.95,0.56,10.65,6.28,7.77,0.22,1.82,3.25,0.00,0.73,0.27,2.81,10.52,cgra4,7.52
15.20,6.58,3.30,0.00,0.00,43.26,16.00,42.99,38.01,17.80,15.74,17.30,15.30,1.93,6.12,4.14,2.24,0.49,0.29,21.70,168.02,12.71,0.10,0.50,0.44,0.36,0.59,0.41,2.45,19.42,biom3,
8.55,29.26,1.49,43.23,424.42,342.43,80.36,109.28,75.76,36.51,25.31,38.62,26.78,1.10,9.27,1.30,2.81,0.49,0.04,17.48,20.96,12.82,0.08,2.12,1.47,0.00,0.73,0.27,4.12,65.77,epar3,
0.07,0.05,0.46,0.00,0.00,70.06,1.14,39.74,52.05,1.13,1.48,0.09,0.12,0.04,0.17,0.07,10.93,72.30,0.79,661.54,83.66,55.13,5.11,1.04,1.36,5.42,0.08,1.08,2.19,14.97,agxy3,114.12
5.67,0.37,0.92,5.82,37.67,6.56,40.59,9.53,0.00,,3.59,,3.90,0.05,0.06,0.58,8.20,1.32,0.13,16.16,18.66,0.89,0.06,,0.26,0.00,0.05,0.95,30.80,32.57,bsli3,7.99
10.32,2.76,1.33,2.68,25.24,26.70,69.61,71.56,75.70,6.32,6.69,3.64,3.85,0.38,3.25,0.47,9.10,1.18,0.14,12.93,12.50,5.46,1.03,2.81,2.97,1.39,0.29,0.61,2.55,6.63,alup3,3.50
24.21,0.41,0.46,0.03,0.78,1.68,63.54,10.10,21.12,3.14,6.56,1.93,4.03,0.29,3.30,0.42,9.25,0.18,0.71,1.92,8.69,1.20,0.29,1.21,2.53,0.33,0.63,0.37,1.39,14.99,vste3,
0.14,14.43,0.03,0.00,0.00,10578.39,33.65,6650.97,6504.76,3.70,3.62,0.22,0.22,0.13,0.06,0.20,36.59,8.72,0.01,23.84,31.40,98.15,0.51,3.48,3.40,0.52,4.07,5.07,0.13,6.69,inep4,
7.94,0.53,1.11,6.61,48.24,6.68,29.87,8.53,0.00,,6.29,,6.22,0.07,0.41,0.25,7.04,0.98,0.13,13.96,13.96,0.87,,,,,0.06,0.94,0.81,26.34,bees4,8.07
11.17,0.89,2.98,1.84,19.56,7.98,45.51,8.04,0.00,,9.56,,11.08,0.21,1.74,0.84,21.53,5.75,0.24,26.69,26.24,1.97,,,,,0.07,1.00,0.86,27.55,bmeb4,32.70
1.67,0.78,0.38,0.00,0.00,47.03,27.39,42.34,40.88,2.83,2.74,1.92,1.85,0.12,1.80,0.21,2.02,0.46,0.16,22.88,17.35,6.18,0.18,0.92,0.89,0.32,0.32,0.66,1.19,3.06,vivr3,
28.74,0.43,0.33,0.00,0.00,1.49,82.98,12.27,27.23,2.98,6.60,1.58,3.50,0.36,0.46,0.63,18.67,0.21,0.84,1.13,10.97,1.26,0.29,1.40,3.10,0.46,1.11,2.11,0.35,,dotz3,
31.02,1.26,3.54,0.00,0.00,4.06,16.18,13.28,22.76,7.61,13.03,5.53,9.47,0.95,29.56,1.30,9.93,1.13,0.75,11.42,10.83,3.06,1.33,2.08,3.56,1.59,0.27,0.73,1.13,21.67,logn3,56.51
5.47,0.36,0.88,6.26,37.67,6.56,40.59,9.53,0.00,,3.59,,3.76,0.05,0.05,0.56,8.20,1.32,0.13,16.16,18.66,0.89,0.06,,0.26,0.00,0.05,0.95,30.80,32.57,bsli4,7.99
8.32,0.79,3.84,12.73,85.75,9.53,27.36,22.31,26.70,5.74,6.87,2.97,3.55,0.60,31.12,0.83,10.42,4.80,0.75,46.11,18.73,7.16,3.53,2.73,3.27,3.92,0.16,0.87,1.07,7.42,ektr4,9.48
22.23,0.17,0.67,4.19,91.09,0.75,25.86,8.70,12.31,5.49,7.77,1.35,1.90,0.12,0.40,0.26,9.39,0.28,0.72,2.99,8.58,1.82,2.04,4.13,5.84,2.84,0.18,0.74,2.23,19.73,rapt3,16.63
17.18,2.09,0.63,0.00,0.00,12.16,38.99,26.31,86.67,1.13,3.72,2.41,7.94,0.23,0.54,0.47,16.32,0.60,0.11,3.68,7.92,1.33,0.91,3.46,11.39,0.00,0.36,0.64,5.55,11.60,telb3,
6.28,0.97,1.50,3.24,18.92,15.48,41.53,22.29,23.95,1.17,1.26,4.06,4.36,0.94,2.66,2.19,45.12,10.79,0.96,23.91,22.07,14.93,0.18,0.50,0.53,0.05,0.62,0.38,2.60,16.73,rsul4,
6.99,0.65,1.25,6.96,36.57,9.24,25.11,18.41,24.18,6.80,8.94,2.67,3.51,0.28,4.16,0.37,8.07,1.44,0.43,17.86,10.44,5.17,1.71,3.65,4.80,2.22,0.22,0.73,1.39,11.93,engi4,21.66
0.00,0.07,0.00,0.00,0.00,1551.55,98.59,1221.37,1204.60,7.78,7.67,0.01,0.01,0.00,0.01,0.00,2835.21,389.32,0.05,13.73,88.61,98.48,0.83,7.78,7.67,0.83,6.00,7.01,0.04,51.10,osxb3,
8.88,2.35,1.99,3.06,27.58,26.44,19.23,29.50,0.00,,15.98,,7.96,0.23,24.92,1.84,5.70,1.28,0.10,22.38,24.58,2.54,,,,,0.11,0.89,0.99,33.29,bpac5,34.95
0.07,0.07,0.19,0.00,0.00,114.76,31.80,97.90,90.21,1.52,1.40,0.08,0.08,0.02,0.06,0.22,6.94,19.78,0.29,284.78,113.52,34.18,3.22,1.44,1.33,3.27,0.12,1.25,1.66,50.08,jfen3,
1.97,0.36,1.24,0.00,0.00,18.44,35.08,19.46,19.71,6.11,6.19,1.84,1.87,0.17,4.43,0.28,0.97,0.61,0.48,62.83,18.57,7.29,2.86,4.27,4.32,3.85,0.14,1.11,0.91,29.05,avll3,
4.78,0.29,0.55,8.20,39.99,6.07,29.43,7.67,0.00,,3.71,,3.78,0.04,0.58,0.72,27.14,3.11,0.13,11.44,11.45,0.80,,,,,0.07,0.93,1.07,20.55,brsr3,11.80
7.98,1.10,2.59,11.36,102.07,13.85,27.86,19.16,23.65,6.27,7.74,4.67,5.76,0.59,4.31,1.02,2.29,0.74,0.54,32.49,14.26,7.44,0.89,1.60,1.97,1.96,0.23,0.77,1.49,15.17,eqpa3,18.06
5.69,0.27,0.41,5.65,33.74,4.69,14.84,6.42,11.24,4.69,8.21,2.37,4.16,0.21,0.61,0.47,11.03,0.80,0.77,7.28,5.75,4.53,0.27,1.53,2.68,0.73,0.50,0.50,2.56,7.95,ptnt4,11.66
5.18,0.40,0.27,0.00,0.00,7.82,39.02,19.88,9.49,2.54,1.21,4.27,2.04,0.20,0.50,0.49,19.90,1.03,0.49,5.19,12.93,3.82,0.43,6.80,3.25,0.03,0.74,0.26,2.97,9.65,west3,
7.19,0.60,1.81,6.47,46.46,8.29,21.58,10.87,0.00,,5.67,,5.48,0.08,4.92,0.51,5.50,1.38,0.13,25.16,25.58,1.07,,,,,0.04,0.96,1.02,41.86,pine3,
9.77,3.92,1.89,10.72,141.79,40.15,45.61,49.84,11383.05,0.03,6.36,0.03,7.87,1.31,2.90,2.77,13.80,2.67,0.33,19.36,17.73,16.99,0.49,0.01,2.03,0.00,0.69,0.13,7.12,19.63,cebr5,12.16
23.09,6.11,5.17,1.19,27.58,26.44,19.23,29.50,0.00,,15.98,,20.69,0.59,64.81,4.79,5.70,1.28,0.10,22.38,24.58,2.54,,,,,0.11,0.89,0.99,33.29,bpac3,34.95
10.06,4.04,1.95,10.56,141.79,40.15,45.61,49.84,11383.05,0.03,6.36,0.04,8.10,1.35,2.99,2.85,13.80,2.67,0.33,19.36,17.73,16.99,0.49,0.01,2.03,0.00,0.69,0.13,7.12,19.63,cebr3,12.16
9.29,0.51,3.04,14.02,175.29,5.45,18.11,9.85,11.16,4.54,5.14,4.54,5.14,0.65,22.76,2.01,1.43,0.47,1.29,32.74,27.57,7.02,0.07,0.10,0.11,0.94,0.21,0.79,0.96,6.83,whrl3,0.29
1.08,0.49,0.23,0.00,0.00,45.70,22.40,15.55,5.39,33.71,11.69,9.13,3.17,0.08,1.03,0.12,9.13,1.95,0.17,21.36,4.49,7.79,0.76,30.33,10.51,0.91,0.36,0.64,1.37,25.62,ctsa4,
4.96,0.60,1.25,14.05,49.62,12.01,31.19,23.50,29.68,5.13,6.48,2.01,2.54,0.32,36.43,0.39,32.69,8.27,0.54,25.29,16.03,6.25,1.84,2.95,3.73,1.98,0.26,0.74,0.95,9.83,ceeb3,11.33
8.80,1.10,1.78,3.19,27.24,12.50,50.93,17.97,21.31,6.34,7.52,5.16,6.12,0.87,1.79,2.58,13.21,2.67,0.79,20.21,13.15,9.86,0.41,1.18,1.40,0.70,0.49,0.51,3.72,9.55,ofsa3,9.93
6.85,0.41,1.22,8.68,17.51,6.02,17.10,11.73,14.95,4.93,6.29,2.76,3.51,0.36,6.82,0.49,102.44,18.18,0.86,17.75,13.56,5.19,1.04,2.37,3.02,1.15,0.29,0.71,1.23,5.63,clsc4,6.22
4.03,0.03,1.12,0.00,0.00,0.83,12.32,6.40,8.49,8.20,10.87,0.40,0.52,0.05,0.45,0.08,5.35,1.49,1.38,27.81,10.33,1.15,17.55,6.20,8.22,18.62,0.04,0.96,1.32,13.58,mgel4,
0.10,0.36,0.11,0.00,0.00,348.93,42.34,469.68,473.30,0.06,0.06,0.08,0.08,0.34,0.11,0.64,31.29,32.12,0.94,102.63,135.48,329.45,0.02,0.02,0.02,0.01,3.19,4.18,0.14,24.79,nexp3,
18.60,1.57,1.62,0.93,18.58,8.43,47.89,8.78,14.30,11.07,18.02,10.97,17.87,1.12,3.81,2.24,6.30,0.55,0.71,8.69,7.64,5.98,0.09,0.61,0.99,0.15,0.69,0.31,2.40,5.67,alpa3,24.05
7.79,1.11,2.48,10.38,121.87,14.19,30.14,19.78,25.63,5.83,7.55,4.31,5.59,0.80,2.92,1.34,21.83,6.95,0.73,31.82,13.99,10.24,0.65,1.13,1.46,1.34,0.32,0.67,3.18,7.44,unip3,16.13
3.16,1.02,0.31,0.00,0.00,36.23,15.46,6.53,16.14,13.11,32.42,3.39,29.52,0.13,3.27,0.15,10.42,1.02,0.16,13.60,2.63,5.71,0.52,8.57,21.19,0.57,0.42,0.58,0.58,46.10,rnew11,
20.62,0.65,0.89,0.00,0.00,3.16,2.02,5.04,0.96,60.01,11.46,67.69,12.93,0.54,1.50,1.47,19.31,0.83,0.83,4.29,7.22,2.61,0.14,11.06,2.11,0.01,0.61,0.39,2.30,0.80,crpg5,
7.38,2.42,1.03,8.60,53.18,32.78,40.72,45.74,46.14,7.75,7.82,5.24,5.29,0.47,3.94,0.56,31.73,4.44,0.20,13.99,10.97,6.54,0.59,3.01,3.04,0.71,0.46,0.53,4.46,19.28,isae3,2.47
5.11,0.40,0.78,14.72,46.37,7.75,30.71,11.76,0.00,,3.51,,3.37,0.05,0.95,0.98,40.31,6.15,0.13,15.25,17.35,1.01,,,,,0.07,0.93,1.06,21.92,bgip4,19.50
6.19,0.85,0.66,10.37,54.22,13.75,53.39,8.92,15.95,3.52,6.30,5.34,9.54,0.48,1.67,0.87,46.51,4.95,0.56,10.65,6.28,7.77,0.22,1.82,3.25,0.00,0.73,0.27,2.81,10.52,cgra3,7.52
4.37,2.23,0.89,0.00,0.00,51.01,51.09,44.76,47.79,8.57,9.15,4.66,4.98,0.57,1.81,0.88,41.96,8.57,0.25,20.41,16.13,12.95,0.32,1.67,1.78,0.00,0.63,0.37,7.69,6.77,emae4,9.78
8.85,,0.55,0.00,0.00,0.00,0.00,0.00,0.00,,7.89,,8.91,4.63,62.87,4.64,7.04,0.44,0.00,6.26,6.21,52.33,0.00,,0.00,0.00,8.36,9.36,0.02,100.00,mapt4,
0.72,0.87,1.85,0.00,0.00,121.70,28.87,45.58,47.76,1.24,1.30,1.82,1.91,0.84,2.39,1.79,2.84,7.33,0.97,258.34,34.40,118.14,0.59,0.58,0.61,0.00,0.46,0.54,3.01,10.49,mnpr3,99.31
16.72,1.71,3.30,1.42,21.94,10.25,24.64,7.97,9.80,5.76,7.08,17.47,21.49,2.28,8.39,5.24,27.11,5.35,1.33,19.74,14.18,13.66,0.46,2.44,3.00,0.00,0.69,0.31,1.93,7.41,bauh4,3.59
11.00,4.41,2.13,10.47,141.79,40.15,45.61,49.84,11383.05,0.03,6.36,0.04,8.86,1.48,3.27,3.12,13.80,2.67,0.33,19.36,17.73,16.99,0.49,0.01,2.03,0.00,0.69,0.13,7.12,19.63,cebr6,12.16
6.93,0.78,0.94,13.07,98.30,11.28,61.58,20.78,23.20,2.45,2.74,3.37,3.76,0.57,1.12,2.25,18.67,2.52,0.73,13.52,20.15,8.17,0.39,1.40,1.56,0.12,0.61,0.39,3.12,6.11,balm4,8.38
10.90,1.37,8.70,7.30,73.86,12.52,26.94,22.97,28.36,6.38,7.88,4.81,5.94,1.18,13.59,1.66,15.29,12.20,0.87,79.80,20.74,10.87,3.49,1.93,2.38,4.25,0.14,0.86,1.43,9.19,cgas5,7.04
0.57,0.24,0.54,0.00,0.00,42.52,15.15,4.15,2.77,53.72,35.88,8.77,5.86,0.08,0.38,0.16,3.79,3.58,0.31,94.52,4.25,13.05,2.77,44.95,30.02,2.94,0.14,0.84,1.61,3.10,rdni3,
8.53,0.81,3.93,11.15,85.75,9.53,27.36,22.31,26.70,5.74,6.87,3.04,3.64,0.61,31.90,0.85,10.42,4.80,0.75,46.11,18.73,7.16,3.53,2.73,3.27,3.92,0.16,0.87,1.07,7.42,ektr3,9.48
13.85,2.67,1.84,14.78,46.37,19.24,36.50,32.83,54.86,6.24,10.42,4.86,8.12,0.82,3.00,0.89,18.95,2.51,0.31,13.26,9.97,5.93,0.51,1.35,2.25,0.58,0.45,0.55,0.21,3.21,gepa4,19.50
9.46,0.69,3.22,9.62,91.04,7.28,25.11,18.29,23.25,6.28,7.99,2.96,3.77,0.41,5.70,0.55,1.97,0.67,0.59,34.03,13.49,5.83,3.61,3.32,4.22,4.38,0.13,0.81,1.38,11.48,rede3,9.24
25.67,,0.38,0.19,58.64,0.00,0.00,0.00,0.00,60.24,39.74,66.48,43.85,0.38,8.13,0.40,12.84,0.19,0.00,1.50,0.83,1.49,0.05,8.50,5.61,0.00,1.00,0.00,14.69,100.00,rpad3,13.69
0.12,0.38,0.03,0.00,0.00,327.60,28.74,311.91,311.65,1.46,1.46,0.12,0.12,0.06,0.11,0.13,47.95,13.63,0.17,28.42,101.01,54.92,0.36,1.34,1.34,0.39,1.93,2.93,0.45,2.06,rsid3,
2.85,0.52,0.85,4.27,14.76,18.28,22.97,14.12,35.15,1.81,4.50,1.48,3.69,0.48,5.15,0.79,15.84,4.71,0.92,29.71,14.99,16.76,0.23,0.41,1.01,0.29,0.56,0.44,1.31,18.13,ealt3,33.21
0.98,0.10,0.15,0.00,0.00,10.25,17.46,7.52,11.12,9.68,14.32,0.90,1.33,0.07,1.22,0.10,59.06,9.15,0.68,15.49,16.66,6.99,1.48,8.78,12.98,1.68,0.45,1.45,1.22,11.63,ceed3,
21.86,6.22,0.79,2.29,80.82,28.45,53.55,25.17,40.32,15.15,24.27,15.43,24.71,0.56,4.04,0.68,48.00,1.73,0.09,3.61,2.70,2.56,0.00,0.10,0.15,0.17,0.71,0.29,4.51,8.64,peab4,41.17
1.46,0.67,0.31,0.00,0.00,45.70,22.40,15.55,5.39,33.71,11.69,12.35,4.28,0.11,1.39,0.16,9.13,1.95,0.17,21.36,4.49,7.79,0.76,30.33,10.51,0.91,0.36,0.64,1.37,25.62,ctsa3,
23.66,0.75,1.02,0.00,0.00,3.16,2.02,5.04,0.96,60.01,11.46,77.67,14.83,0.62,1.72,1.69,19.31,0.83,0.83,4.29,7.22,2.61,0.14,11.06,2.11,0.01,0.61,0.39,2.30,0.80,crpg3,
5.62,0.40,0.84,6.64,36.88,7.08,15.81,10.67,12.20,2.98,3.40,3.26,3.73,0.55,1.18,1.55,9.52,1.43,1.37,15.01,12.77,9.70,0.08,0.31,0.35,0.22,0.65,0.35,3.48,17.27,dexp4,1.65
9.96,0.75,0.87,5.85,54.09,7.54,23.32,7.27,10.15,6.89,9.62,7.39,10.33,0.72,1.17,3.03,53.60,4.67,0.95,8.71,3.31,7.18,0.31,2.68,3.74,0.02,0.82,0.18,4.96,8.16,mtsa4,6.43
1.76,0.60,3.81,0.00,0.00,34.10,68.55,53.75,59.01,0.57,0.62,1.02,1.12,0.22,3.29,0.28,1.69,3.66,0.37,216.15,301.17,12.74,1.21,0.32,0.35,0.00,0.06,1.12,0.75,40.37,hoot4,
13.89,0.51,0.28,0.00,0.00,3.65,20.72,6.73,4.09,13.16,7.99,12.41,7.53,0.20,0.38,1.93,4.22,0.09,0.40,2.03,411.45,1.46,0.04,1.85,1.12,0.41,0.72,1.72,2.46,1.29,haga4,28.82
11.36,0.53,0.83,2.91,33.74,4.69,14.84,6.42,11.24,4.69,8.21,4.74,8.30,0.41,1.21,0.94,11.03,0.80,0.77,7.28,5.75,4.53,0.27,1.53,2.68,0.73,0.50,0.50,2.56,7.95,ptnt3,11.66
6.38,0.61,0.67,3.29,23.19,9.59,36.34,16.43,19.66,3.66,4.38,3.11,3.72,0.40,1.99,0.63,30.27,3.19,0.65,10.54,11.26,6.22,0.18,0.83,0.99,0.30,0.59,0.41,2.16,11.38,euca3,15.44
9.85,1.23,7.86,7.34,73.86,12.52,26.94,22.97,28.36,6.38,7.88,4.35,5.37,1.07,12.27,1.50,15.29,12.20,0.87,79.80,20.74,10.87,3.49,1.93,2.38,4.25,0.14,0.86,1.43,9.19,cgas3,7.04
8.78,1.25,2.79,9.83,121.87,14.19,30.14,19.78,25.63,5.83,7.55,4.86,6.30,0.90,3.29,1.51,21.83,6.95,0.73,31.82,13.99,10.24,0.65,1.13,1.46,1.34,0.32,0.67,3.18,7.44,unip5,16.13
28.82,,0.99,83.78,2786.58,0.00,0.00,0.00,0.00,8.33,10.48,15.82,19.90,0.41,0.94,1.05,75.49,2.60,0.00,3.45,7.72,1.44,0.47,7.48,9.41,0.91,0.42,0.58,3.60,100.00,moar3,
4.78,0.60,1.83,11.62,0.00,12.59,30.19,17.34,19.94,1.98,2.28,3.02,3.47,1.09,3.52,2.68,29.44,11.30,1.82,38.39,33.72,23.04,0.48,0.79,0.91,0.00,0.60,0.40,2.10,27.96,sond5,5.80
14.63,1.72,1.55,12.24,193.98,11.79,22.29,12.38,15.16,10.63,13.02,11.37,13.93,1.29,2.89,3.08,113.61,12.06,0.75,10.62,7.99,8.80,0.23,1.65,2.03,0.01,0.83,0.17,4.29,10.58,tkno3,22.67
6.73,1.40,1.17,3.94,18.91,20.85,44.64,36.24,51.64,4.11,5.86,2.71,3.87,0.45,4.68,0.59,25.65,4.46,0.32,17.39,11.49,6.64,0.56,1.30,1.85,1.08,0.38,0.62,1.62,15.00,mrsa5b,28.57
19.48,1.72,1.66,4.48,105.85,8.85,21.31,18.07,23.96,9.87,13.09,7.20,9.54,0.69,10.81,0.88,8.71,0.74,0.40,8.50,8.20,3.54,0.65,2.84,3.76,0.81,0.42,0.58,1.43,5.81,cple5,10.89
433.81,,240.81,0.00,0.00,0.00,0.00,0.00,0.00,,433.81,,433.81,2.69,,240.81,0.00,0.00,0.00,55.51,55.51,0.62,0.00,,0.00,0.00,0.01,0.99,1.00,100.00,ppla11,
22.65,0.83,0.46,0.00,0.00,3.65,20.72,6.73,4.09,13.16,7.99,20.23,12.27,0.33,0.62,3.15,4.22,0.09,0.40,2.03,411.45,1.46,0.04,1.85,1.12,0.41,0.72,1.72,2.46,1.29,haga3,28.82
7.56,0.18,1.34,0.00,0.00,2.44,36.89,12.25,13.87,5.05,5.72,1.33,1.51,0.13,1.11,0.22,13.87,2.46,0.70,17.71,17.39,1.70,3.75,3.72,4.21,3.78,0.10,0.90,0.78,14.19,mndl3,
2.55,0.11,0.36,0.00,0.00,4.31,27.41,10.49,13.31,3.93,4.98,0.82,1.05,0.11,2.97,0.19,29.08,4.09,0.99,14.05,8.89,4.25,1.32,3.03,3.85,1.34,0.30,0.70,1.10,8.91,cedo4,
6.27,0.24,0.89,7.60,45.70,3.85,13.09,6.70,6.95,5.12,5.32,3.47,3.60,0.48,1.67,1.17,22.69,3.23,2.00,14.25,12.46,7.66,0.39,1.52,1.58,0.52,0.54,0.46,1.96,25.30,wlmm4,16.64
2.93,12.37,0.71,34.31,25.22,422.15,29.43,172.12,171.24,0.34,0.34,7.23,7.19,0.65,0.82,3.41,540.16,131.36,0.05,24.32,24.65,22.19,0.75,7.57,7.53,0.01,0.91,0.09,58.78,8.27,bmks3,76.60
2.23,0.27,0.72,0.00,0.00,12.25,19.91,11.04,11.30,1.47,1.51,2.41,2.47,0.31,1.23,0.54,30.00,9.66,1.14,32.19,25.97,13.95,0.30,1.01,1.03,0.01,0.43,0.57,2.46,25.82,aheb3,
2.24,0.33,4.60,0.00,0.00,14.68,46.03,11.99,4287.78,0.02,6.43,0.01,2.74,0.34,1.08,1.02,8.69,17.81,1.04,204.93,11.90,15.25,6.50,0.01,3.88,7.77,0.07,0.93,1.91,14.65,ctka4,6.55
17.16,2.02,1.82,10.68,193.98,11.79,22.29,12.38,15.16,10.63,13.02,13.34,16.34,1.51,3.39,3.61,113.61,12.06,0.75,10.62,7.99,8.80,0.23,1.65,2.03,0.01,0.83,0.17,4.29,10.58,tkno4,22.67
16.13,0.35,0.92,9.10,146.78,2.16,11.24,4.29,5.44,6.20,7.86,6.40,8.11,0.47,1.23,1.70,32.55,1.85,1.35,5.69,5.09,2.92,0.03,0.23,0.29,0.47,0.51,0.49,2.14,7.42,pati3,24.64
0.64,0.16,0.04,0.00,0.00,25.56,17.16,19.15,21.74,14.49,16.45,0.75,0.85,0.02,0.06,0.04,137.84,9.42,0.14,6.83,23.28,1.65,0.79,13.56,15.39,0.82,0.51,1.51,0.55,23.69,bdll4,
18.24,1.68,1.16,9.40,79.56,9.19,17.26,2.88,12.57,7.65,33.43,13.33,58.23,0.93,3.16,1.54,9.59,0.61,0.55,6.34,1.55,5.08,0.21,2.42,10.57,0.05,0.80,0.20,3.76,7.60,fesa3,25.18
4.16,0.52,1.60,13.34,0.00,12.59,30.19,17.34,19.94,1.98,2.28,2.63,3.02,0.95,3.06,2.33,29.44,11.30,1.82,38.39,33.72,23.04,0.48,0.79,0.91,0.00,0.60,0.40,2.10,27.96,sond6,5.80
4.02,1.09,1.00,5.63,22.26,27.07,31.14,16.44,27.12,2.29,3.78,4.02,6.62,0.72,7.17,0.90,4.03,1.00,0.66,24.85,1.65,17.88,0.02,0.09,0.15,0.11,0.72,0.28,1.99,8.02,luxm4,37.67
2.94,0.13,0.41,0.00,0.00,4.31,27.41,10.49,13.31,3.93,4.98,0.95,1.21,0.13,3.42,0.21,29.08,4.09,0.99,14.05,8.89,4.25,1.32,3.03,3.85,1.34,0.30,0.70,1.10,8.91,cedo3,
0.33,0.05,0.09,0.00,0.00,15.06,11.92,2.11,2.20,13.07,13.58,2.28,2.37,0.09,0.13,0.14,54.21,14.17,1.85,26.15,12.67,27.89,0.41,10.79,11.21,0.43,1.07,2.07,0.32,25.94,plas3,
6.81,4.00,0.42,19.40,0.00,58.63,29.93,55.11,51.75,14.71,13.82,7.72,7.25,0.17,62.09,0.18,72.38,4.46,0.04,6.16,4.53,2.46,0.38,6.99,6.57,0.40,0.40,0.60,0.96,7.19,hbts5,96.52
1.72,0.28,0.08,0.00,0.00,16.12,39.42,3.79,2.26,65.79,39.22,12.25,7.30,0.13,0.06,0.20,73.28,3.21,0.45,4.38,1.28,7.31,0.48,77.67,46.30,0.19,1.67,2.67,0.15,3.02,estr4,
0.19,0.04,0.02,0.00,0.00,21.18,20.94,9.51,11.51,3.14,3.80,0.35,0.42,0.07,0.30,0.16,170.01,16.36,1.72,9.63,4.88,36.82,0.12,2.23,2.70,0.12,3.79,4.82,0.71,14.06,snsy5,
6.45,0.80,1.22,9.02,0.00,12.37,29.44,17.22,21.82,5.81,7.37,3.65,4.63,0.49,40.12,0.65,25.00,4.71,0.62,18.85,12.79,7.63,0.72,2.16,2.74,0.88,0.40,0.60,1.05,,eqma3b,
0.92,11.91,0.24,0.00,0.00,1295.95,82.25,1268.95,1268.95,2.16,2.16,0.94,0.94,1.55,0.24,1.70,19.14,4.97,0.13,25.98,25.85,168.79,0.31,1.22,1.22,0.31,6.50,7.50,0.01,9.42,nord3,
18.07,0.39,1.03,8.12,146.78,2.16,11.24,4.29,5.44,6.20,7.86,7.17,9.09,0.53,1.38,1.90,32.55,1.85,1.35,5.69,5.09,2.92,0.03,0.23,0.29,0.47,0.51,0.49,2.14,7.42,pati4,24.64
3.80,0.09,2.32,0.00,0.00,2.30,16.66,23.00,26.08,2.21,2.51,0.33,0.38,0.06,0.95,0.10,4.09,2.50,0.70,61.20,41.97,3.60,12.45,1.79,2.03,12.91,0.03,0.97,0.86,8.92,mwet4,14.25
51.86,0.46,0.41,0.29,14.18,0.89,18.50,1.35,2.28,34.95,58.77,20.32,34.17,0.29,0.62,0.66,9.14,0.07,0.62,0.79,1.05,0.55,0.08,3.93,6.60,0.21,0.69,0.31,5.27,3.33,dohl4,42.06
54.65,0.54,3.62,0.00,0.00,0.98,16.72,7.79,10.94,7.54,10.59,4.90,6.89,0.69,4.98,2.14,57.94,3.84,1.29,6.63,13.99,0.87,1.95,2.63,3.70,2.26,0.19,0.77,1.26,11.23,frio3,
1.24,0.08,1.67,0.00,0.00,6.44,4.41,5.41,0.90,65.37,10.86,8.92,1.48,0.07,1.51,0.10,4.43,5.96,0.84,134.56,21.38,6.66,10.56,56.28,9.35,12.66,0.04,1.04,1.18,4.73,brkm6,
11.39,1.26,2.87,9.84,120.46,11.03,25.62,19.04,23.05,8.84,10.70,5.45,6.60,0.73,8.72,0.98,18.11,4.57,0.59,25.22,12.51,6.45,1.73,3.28,3.98,2.07,0.26,0.74,1.52,12.22,enmt4,8.08
5.90,0.36,0.41,4.65,0.00,6.19,13.95,8.03,18.30,4.97,11.32,1.99,4.54,0.17,0.90,0.21,21.86,1.53,0.47,6.99,0.36,2.88,0.61,2.98,6.78,0.63,0.41,0.59,0.51,8.56,cbee3,64.00
15.30,5.80,1.85,5.90,206.66,37.91,72.65,60.86,61.32,9.25,9.32,9.46,9.53,1.25,6.00,1.84,4.05,0.49,0.22,12.10,12.40,9.26,0.04,0.21,0.22,0.11,0.68,0.32,2.90,17.79,aflt3,13.28
0.02,0.03,0.00,0.00,0.00,135.63,67.52,48.96,47.81,22.82,22.28,0.07,0.07,0.01,0.06,0.01,683.39,133.23,0.17,19.50,16.22,22.62,1.56,22.75,22.21,1.62,1.16,2.16,0.57,15.60,gshp3,
8.85,1.23,2.88,10.00,102.07,13.85,27.86,19.16,23.65,6.27,7.74,5.18,6.40,0.66,4.78,1.14,2.29,0.74,0.54,32.49,14.26,7.44,0.89,1.60,1.97,1.96,0.23,0.77,1.49,15.17,eqpa6,18.06
3.76,1.09,0.68,5.55,21.10,28.85,45.77,50.32,0.00,,2.16,,2.16,0.15,0.52,1.55,157.26,28.60,0.14,18.19,19.99,3.97,,,,,0.22,0.78,1.46,19.91,bnbr3,22.60
8.91,1.01,1.21,10.16,98.30,11.28,61.58,20.78,23.20,2.45,2.74,4.33,4.84,0.73,1.45,2.89,18.67,2.52,0.73,13.52,20.15,8.17,0.39,1.40,1.56,0.12,0.61,0.39,3.12,6.11,balm3,8.38
7.62,1.59,1.33,3.17,18.91,20.85,44.64,36.24,51.64,4.11,5.86,3.08,4.38,0.51,5.31,0.67,25.65,4.46,0.32,17.39,11.49,6.64,0.56,1.30,1.85,1.08,0.38,0.62,1.62,15.00,mrsa3b,28.57
189.36,3.75,25.11,0.00,0.00,1.98,29.75,1.50,1.74,529.18,614.53,215.67,250.45,4.25,9.73,137.42,0.11,0.01,1.13,13.26,10.02,2.24,2.93,25.14,29.19,0.00,0.17,0.83,1.82,12.97,dtcy3,
20.48,0.65,0.88,0.00,0.00,3.16,2.02,5.04,0.96,60.01,11.46,67.21,12.84,0.53,1.49,1.46,19.31,0.83,0.83,4.29,7.22,2.61,0.14,11.06,2.11,0.01,0.61,0.39,2.30,0.80,crpg6,
10.80,1.38,0.60,7.82,30.46,12.76,14.65,25.00,0.00,,6.62,,5.51,0.13,0.61,3.81,29.92,1.67,0.10,5.57,5.57,1.23,0.02,,0.20,0.00,0.22,0.78,1.29,41.26,bmin4,26.80
3.89,,5.09,0.00,0.00,0.00,0.00,0.00,0.00,5.36,5.36,6.67,6.67,0.01,5.09,0.01,0.96,1.26,0.00,130.85,76.30,0.26,1.00,1.31,1.31,0.00,0.00,1.00,27.94,,psvm11,
,,0.75,0.00,0.00,0.00,0.00,0.00,0.00,,,,,0.59,1.34,1.68,26.14,0.00,0.00,0.00,0.00,0.00,0.00,,,0.00,0.79,0.21,3.10,,ccty3,
8.70,0.69,2.32,2.17,19.56,7.98,45.51,8.04,0.00,,9.56,,8.64,0.17,1.36,0.65,21.53,5.75,0.24,26.69,26.24,1.97,,,,,0.07,1.00,0.86,27.55,bmeb3,32.70
5.52,1.15,0.96,4.26,18.91,20.85,44.64,36.24,51.64,4.11,5.86,2.23,3.17,0.37,3.84,0.49,25.65,4.46,0.32,17.39,11.49,6.64,0.56,1.30,1.85,1.08,0.38,0.62,1.62,15.00,mrsa6b,28.57
5.66,0.34,1.01,8.74,17.51,6.02,17.10,11.73,14.95,4.93,6.29,2.28,2.91,0.29,5.64,0.41,102.44,18.18,0.86,17.75,13.56,5.19,1.04,2.37,3.02,1.15,0.29,0.71,1.23,5.63,clsc3,6.22
21.36,6.08,0.77,2.28,80.82,28.45,53.55,25.17,40.32,15.15,24.27,15.07,24.14,0.55,3.94,0.67,48.00,1.73,0.09,3.61,2.70,2.56,0.00,0.10,0.15,0.17,0.71,0.29,4.51,8.64,peab3,41.17
7.20,1.00,2.34,10.54,102.07,13.85,27.86,19.16,23.65,6.27,7.74,4.21,5.20,0.54,3.89,0.92,2.29,0.74,0.54,32.49,14.26,7.44,0.89,1.60,1.97,1.96,0.23,0.77,1.49,15.17,eqpa5,18.06
4.60,0.55,1.16,15.58,49.62,12.01,31.19,23.50,29.68,5.13,6.48,1.86,2.35,0.30,33.77,0.36,32.69,8.27,0.54,25.29,16.03,6.25,1.84,2.95,3.73,1.98,0.26,0.74,0.95,9.83,ceeb5,11.33
5.76,0.35,0.66,8.47,39.99,6.07,29.43,7.67,0.00,,3.71,,4.55,0.05,0.70,0.87,27.14,3.11,0.13,11.44,11.45,0.80,,,,,0.07,0.93,1.07,20.55,brsr5,11.80
12.97,0.43,0.73,4.22,46.33,3.32,17.11,13.39,21.81,4.55,7.42,1.98,3.22,0.24,1.32,0.31,43.72,2.47,0.56,5.64,10.36,1.87,1.09,2.96,4.81,1.12,0.33,0.67,0.53,8.57,coce3,2.10
14.13,2.72,1.87,14.57,46.37,19.24,36.50,32.83,54.86,6.24,10.42,4.96,8.28,0.84,3.06,0.91,18.95,2.51,0.31,13.26,9.97,5.93,0.51,1.35,2.25,0.58,0.45,0.55,0.21,3.21,gepa3,19.50
