Papel,Setor,Preço Atual (R$),Liquidez Diária (R$),P/VP,Último Dividendo,Dividend Yield,DY (3M) Acumulado,DY (6M) Acumulado,DY (12M) Acumulado,DY (3M) média,DY (6M) média,DY (12M) média,DY Ano,Variação Preço,Rentab. Período,Rentab. Acumulada,Patrimônio Líquido,VPA,P/VPA,DY Patrimonial,Variação Patrimonial,Rentab. Patr. Período,Rentab. Patr. Acumulada,Quant. Ativos,Volatilidade,Num. Cotistas,Tax. Gestão,Tax. Performance,Tax. Administração
AAGR11,Indefinido,95.50,13583.48,,1.46,1.54 ,4.57 ,8.69 ,16.82 ,1.52 ,1.45 ,1.40 ,12.94 ,2.63 ,4.21 ,24.14 ,,,,0.00 ,0.00 ,0.00 ,0.00 ,0,58.91,0,,,
AAZQ11,Indefinido,7.74,242584.30,0.88,0.12,1.54 ,4.31 ,8.83 ,18.33 ,1.44 ,1.47 ,1.53 ,16.80 ,1.70 ,3.27 ,48.06 ,208430750.00,8.67,0.89,1.15 ,0.00 ,0.00 ,0.00 ,0,18.55,29438,,1.20  aa,10.00  aa
ABCP11,Shoppings,74.86,45458.13,0.69,0.65,0.88 ,2.10 ,4.98 ,9.75 ,0.70 ,0.83 ,0.81 ,8.66 ,-7.27 ,-6.46 ,26.20 ,503937967.28,107.01,0.70,0.47 ,16.54 ,17.09 ,25.42 ,1,26.22,14494,,0.10  aa,
AFHI11,Papéis,95.67,334813.70,1.01,1.01,1.07 ,3.26 ,6.70 ,13.46 ,1.09 ,1.12 ,1.12 ,11.22 ,1.39 ,2.48 ,28.13 ,428737034.49,94.11,1.02,1.07 ,-0.91 ,0.16 ,6.44 ,14,11.77,37813,,1.00  aa,
AGRX11,Indefinido,8.08,130206.78,0.76,0.12,1.47 ,4.42 ,9.09 ,15.91 ,1.47 ,1.52 ,1.33 ,15.01 ,-0.24 ,1.22 ,42.25 ,188986046.14,10.56,0.77,1.14 ,0.00 ,0.00 ,0.00 ,0,27.50,18636,,1.00  aa,10.00  aa
AIEC11,Lajes Corporativas,53.70,241999.22,0.68,0.34,0.63 ,2.00 ,4.14 ,10.95 ,0.67 ,0.69 ,0.91 ,9.48 ,2.71 ,3.36 ,40.61 ,381559773.98,79.08,0.68,0.43 ,-15.43 ,-15.07 ,-14.09 ,2,18.78,14822,,0.75  aa,20.00  aa
AJFI11,Shoppings,7.70,227635.70,0.64,0.05,0.57 ,1.74 ,4.24 ,10.48 ,0.58 ,0.71 ,0.87 ,9.44 ,1.16 ,1.74 ,28.35 ,384210693.68,,,,,,,13,13.34,12540,0.60  aa,0.10  aa,
ALMI11,Lajes Corporativas,590.00,13832.39,0.30,3.04,0.00 ,1.40 ,2.91 ,7.03 ,0.47 ,0.49 ,0.59 ,5.74 ,0.00 ,0.00 ,,234041778.41,2046.78,0.29,0.00 ,-0.05 ,-0.05 ,0.90 ,1,47.26,1925,,0.38  aa,
ALZC11,Papéis,7.65,58644.48,0.81,0.10,1.29 ,3.99 ,7.99 ,16.68 ,1.33 ,1.33 ,1.39 ,13.78 ,0.00 ,1.29 ,3.83 ,188386462.18,,,,,,,14,36.77,9479,,1.30  aa,20.00  aa
ALZM11,Fundo de Fundos,6.32,164.43,0.85,0.40,6.30 ,0.00 ,0.00 ,9.97 ,0.00 ,0.00 ,0.83 ,7.55 ,-1.25 ,4.97 ,4.65 ,113203496.22,7.46,0.85,1.07 ,-91.94 ,-91.85 ,-91.51 ,14,20.50,12195,,0.80  aa,20.00  aa
ALZR11,Misto,10.73,1064016.61,1.00,0.08,0.79 ,2.40 ,4.95 ,10.08 ,0.80 ,0.83 ,0.84 ,8.36 ,-0.28 ,0.51 ,26.50 ,1302910581.76,10.66,1.01,0.78 ,-90.03 ,-89.95 ,-89.14 ,19,11.22,170603,0.70  aa,0.25  aa,
APTO11,Imóveis Residenciais,8.42,13071.61,0.86,0.09,1.07 ,3.19 ,6.53 ,13.22 ,1.06 ,1.09 ,1.10 ,12.12 ,-0.94 ,0.12 ,15.70 ,44955531.52,9.77,0.86,0.92 ,-1.91 ,-1.00 ,13.04 ,3,19.85,8156,,1.50  aa,20.00  aa
APXM11,Shoppings,73.87,294641.96,0.61,0.29,0.39 ,1.06 ,2.08 ,4.52 ,0.35 ,0.35 ,0.38 ,3.83 ,-8.54 ,-8.18 ,-21.28 ,349599817.54,,,,,,,1,58.87,603,,,
ARCT11,Imóveis Industriais e Logísticos,87.13,1053903.45,0.87,0.50,0.00 ,1.30 ,3.82 ,12.55 ,0.43 ,0.64 ,1.05 ,0.00 ,0.00 ,0.00 ,,371534654.03,99.77,0.87,0.76 ,0.04 ,0.80 ,6.31 ,9,15.63,43228,,1.00  aa,20.00  aa
AROA11,Imóveis Industriais e Logísticos,1.01,3071.00,1.05,0.01,0.75 ,2.22 ,4.13 ,8.10 ,0.74 ,0.69 ,0.68 ,7.45 ,0.00 ,0.75 ,13.32 ,159756081.20,,,,,,,6,27.68,4952,,,
ARRI11,Papéis,6.60,132506.13,0.78,0.09,1.37 ,4.07 ,7.94 ,15.32 ,1.36 ,1.32 ,1.28 ,14.17 ,-0.60 ,0.76 ,-3.01 ,175172944.09,8.45,0.78,1.07 ,-4.63 ,-3.61 ,-89.40 ,1,16.06,23650,,,
ARTE11,Misto,,,,0.12,0.00 ,0.00 ,0.00 ,0.00 ,0.00 ,0.00 ,0.00 ,0.00 ,0.00 ,0.00 ,,87651298.05,,,,,,,0,,683,,,
ARXD11,Papéis,7.43,54139.52,0.82,0.09,1.20 ,3.68 ,7.47 ,15.84 ,1.23 ,1.25 ,1.32 ,14.51 ,-0.13 ,1.06 ,15.20 ,81778847.33,,,,,,,14,29.10,1771,,1.02  aa,
ASMT11,Lajes Corporativas,4.10,12484.00,0.41,0.08,1.12 ,0.00 ,0.00 ,0.00 ,0.00 ,0.00 ,0.00 ,2.19 ,-4.46 ,-3.39 ,-3.83 ,169085584.25,,,,,,,3,52.59,1,,1.20  aa,20.00  aa
ASRF11,Indefinido,10974.00,96534.40,1.13,256.33,0.00 ,0.00 ,0.00 ,0.00 ,0.00 ,0.00 ,0.00 ,0.00 ,0.00 ,0.00 ,,38795384.23,,,,,,,2,1.09,70,,,
ATSA11,Shoppings,50.61,29238.86,0.65,0.15,0.00 ,0.29 ,1.90 ,4.41 ,0.29 ,0.32 ,0.37 ,4.41 ,0.00 ,0.00 ,,134410321.61,76.76,0.66,0.20 ,-5.75 ,-5.56 ,-14.24 ,1,26.22,298,,0.50  aa,
AURB11,Imóveis Comerciais - Outros,81.00,60790.50,1.00,0.31,0.00 ,0.00 ,0.00 ,0.00 ,0.00 ,0.00 ,0.00 ,0.00 ,0.00 ,0.00 ,,87911818.88,,,,,,,2,40.60,20,,1.05  aa,
AZIN11,FIP-IE,103.09,525435.35,,1.90,1.84 ,5.63 ,10.40 ,15.23 ,1.88 ,1.73 ,1.27 ,15.23 ,2.69 ,4.58 ,51.24 ,,,,,,,,0,13.39,0,,1.25  aa,20.00  aa
AZPE11,Papéis,,,,0.14,0.00 ,0.00 ,0.00 ,0.00 ,0.00 ,0.00 ,0.00 ,0.00 ,0.00 ,0.00 ,,124961083.43,,,,,,,6,,1,,,
AZPL11,Serviços Financeiros Diversos,7.65,407227.04,0.91,0.08,0.98 ,2.88 ,6.46 ,14.93 ,0.96 ,1.08 ,1.24 ,13.63 ,0.13 ,1.11 ,39.59 ,355039569.85,,,,,,,1,21.42,6357,,1.10  aa,
BARI11,Papéis,79.20,896491.00,1.01,4.38,0.00 ,0.00 ,2.66 ,11.25 ,0.00 ,0.44 ,0.94 ,10.01 ,0.00 ,0.00 ,,363696267.15,78.48,1.01,1.21 ,-17.70 ,-16.71 ,-12.94 ,2,21.37,31765,1.11  aa,0.20  aa,20.00  aa
BBFI11B,Lajes Corporativas,1257.10,182918.19,0.41,634.23,47.51 ,0.00 ,47.51 ,69.77 ,0.00 ,7.92 ,5.81 ,69.77 ,4.22 ,53.73 ,119.39 ,111645834.19,864.77,1.45,73.34 ,-60.09 ,-30.81 ,-43.61 ,1,43.40,6989,,3.50  aa,
BBFO11,Fundo de Fundos,62.21,110068.78,0.85,0.70,1.12 ,3.44 ,7.13 ,14.33 ,1.15 ,1.19 ,1.19 ,13.24 ,-1.05 ,0.06 ,25.36 ,294053567.62,73.44,0.85,0.99 ,-10.14 ,-9.25 ,-4.93 ,14,15.47,6929,,0.50  aa,
BBGO11,Indefinido,64.20,229470.70,0.69,0.90,1.39 ,4.15 ,8.36 ,17.97 ,1.38 ,1.39 ,1.50 ,17.97 ,-1.67 ,-0.31 ,11.59 ,373753365.35,93.32,0.69,0.96 ,-4.71 ,-3.79 ,4.00 ,0,17.55,11891,,0.85  aa,10.00  aa
BBIG11,Serviços Financeiros Diversos,6.95,762608.48,0.70,0.08,1.14 ,3.42 ,6.80 ,14.51 ,1.14 ,1.13 ,1.21 ,13.11 ,-0.85 ,0.28 ,24.39 ,978946470.09,,,,,,,3,21.61,34610,,0.80  aa,
BBIM11,Papéis,,,,0.10,0.00 ,0.00 ,0.00 ,0.00 ,0.00 ,0.00 ,0.00 ,0.00 ,0.00 ,0.00 ,,667.50,,,0.00 ,-100.00 ,0.00 ,0.00 ,14,,20,,,
BBRC11,Agências de Bancos,97.89,74146.43,0.92,1.05,1.07 ,3.17 ,6.28 ,13.09 ,1.06 ,1.05 ,1.09 ,12.00 ,-2.42 ,-1.37 ,10.92 ,166940690.84,104.99,0.93,1.00 ,-2.48 ,-1.50 ,9.70 ,21,18.57,8752,,0.60  aa,
BCIA11,Fundo de Fundos,84.27,268834.74,0.84,0.86,1.02 ,3.00 ,5.99 ,12.52 ,1.00 ,1.00 ,1.04 ,11.43 ,-1.59 ,-0.59 ,22.60 ,368668708.74,99.13,0.85,0.85 ,-1.13 ,-0.29 ,4.21 ,14,15.32,20764,,0.50  aa,20.00  aa
BCRI11,Papéis,63.40,297526.30,0.76,0.92,1.45 ,4.10 ,8.17 ,16.25 ,1.37 ,1.36 ,1.35 ,14.91 ,-0.58 ,0.86 ,31.34 ,526822193.82,84.19,0.75,0.99 ,-16.57 ,-15.75 ,-9.44 ,14,16.41,42722,,1.00  aa,
BDIF11,Indefinido,70.93,1631743.30,,0.70,0.92 ,2.95 ,6.53 ,15.15 ,0.98 ,1.09 ,1.26 ,12.45 ,-0.64 ,0.27 ,27.29 ,,,,,,,,0,16.56,0,,0.75  aa,20.00  aa
BDIV11,Indefinido,39.81,155474.57,,1.60,3.84 ,7.97 ,12.48 ,228.11 ,2.66 ,2.08 ,19.01 ,17.43 ,7.70 ,11.83 ,29.13 ,,,,,,,,0,22.58,0,,1.10  aa,
BETW11,Indefinido,,,,0.46,0.00 ,0.00 ,0.00 ,0.00 ,0.00 ,0.00 ,0.00 ,0.00 ,0.00 ,0.00 ,,263749125.16,,,,,,,1,,2,,,
BGRB11,Lajes Corporativas,100.04,20486.75,0.83,0.15,0.00 ,0.14 ,0.14 ,2.71 ,0.14 ,0.14 ,0.23 ,2.71 ,0.00 ,0.00 ,,233738861.40,,,,,,,1,54.93,367,0.95  aa,0.13  aa,10.00  aa
BICE11,Fundo de Fundos,888.25,888.00,0.81,5.50,0.00 ,0.11 ,0.51 ,4.72 ,0.11 ,0.51 ,0.39 ,3.75 ,0.00 ,0.00 ,,145616087.67,1091.46,0.81,0.09 ,9.50 ,9.60 ,17.52 ,14,39.72,116,,,
BICR11,Papéis,35.92,72.00,0.86,0.36,1.02 ,0.00 ,0.00 ,0.00 ,0.00 ,0.00 ,0.00 ,4.52 ,-10.54 ,-9.63 ,-26.97 ,20805910.51,42.51,0.84,0.85 ,-57.20 ,-56.84 ,-52.66 ,14,1.46,641,,0.50  aa,
BIDB11,Indefinido,76.22,173699.61,,1.00,1.28 ,3.80 ,7.94 ,17.52 ,1.27 ,1.32 ,1.46 ,16.26 ,-2.97 ,-1.72 ,28.44 ,,,,,,,,0,18.21,0,,0.80  aa,
BIME11,Indefinido,6.41,29094.91,0.76,0.07,1.04 ,3.18 ,7.06 ,15.52 ,1.06 ,1.18 ,1.29 ,14.11 ,-2.45 ,-1.44 ,24.44 ,49633966.80,8.49,0.76,0.94 ,-5.98 ,-5.09 ,1.76 ,3,18.57,8319,,1.50  aa,20.00  aa
BINC11,Papéis,98.72,565238.26,,1.60,1.59 ,3.12 ,7.20 ,14.26 ,1.04 ,1.20 ,1.30 ,13.28 ,2.22 ,3.84 ,35.56 ,,,,,,,,0,19.16,0,,0.90  aa,
BINR11,Indefinido,1673.35,,1.55,180.14,0.00 ,0.00 ,0.00 ,0.00 ,0.00 ,0.00 ,0.00 ,0.00 ,0.00 ,0.00 ,,127912315.93,,,,,,,10,,100,,,
BIPD11,Indefinido,989.33,430358.00,1.00,27.17,0.00 ,0.00 ,0.00 ,0.00 ,0.00 ,0.00 ,0.00 ,0.00 ,0.00 ,0.00 ,,109555822.62,,,,,,,1,9.49,112,,,
BLCA11,Indefinido,91.77,105975.15,0.71,0.50,0.55 ,1.63 ,3.67 ,7.11 ,0.54 ,0.61 ,0.59 ,6.56 ,-3.58 ,-3.05 ,6.86 ,203949623.87,127.47,0.72,0.39 ,-11.25 ,-10.90 ,25.98 ,1,67.27,471,,1.15  aa,20.00  aa
BLMC11,Papéis,85.75,150671.33,1.34,5.34,0.00 ,0.00 ,0.00 ,0.00 ,0.00 ,0.00 ,0.00 ,0.74 ,0.00 ,0.00 ,,118155565.38,94.69,0.91,1.13 ,-1.48 ,-0.36 ,2.88 ,14,3.23,8102,,,
BLMG11,Imóveis Industriais e Logísticos,32.80,109520.91,0.46,0.36,1.09 ,3.22 ,6.13 ,16.51 ,1.07 ,1.02 ,1.38 ,14.85 ,-1.79 ,-0.72 ,26.97 ,333385384.48,71.32,0.46,0.50 ,-25.66 ,-25.29 ,-22.06 ,2,31.49,12874,,0.95  aa,20.00  aa
BLMO11,Lajes Corporativas,89.00,2712.63,0.86,0.53,0.00 ,1.23 ,3.29 ,7.08 ,0.41 ,0.55 ,0.59 ,6.43 ,0.00 ,0.00 ,,104174499.55,104.72,0.85,0.51 ,-99.65 ,-99.64 ,-99.60 ,1,42.04,304,,1.00  aa,15.00  aa
BLMR11,Fundo de Fundos,6.78,1157702.33,0.11,0.37,0.00 ,0.00 ,0.00 ,0.00 ,0.00 ,0.00 ,0.00 ,0.00 ,0.00 ,0.00 ,,118155565.38,7.61,0.89,0.70 ,-1.68 ,-0.99 ,1.82 ,14,3.49,8102,,1.00  aa,20.00  aa
BLOG11,Misto,9.36,58.67,0.83,0.02,0.20 ,0.20 ,1.21 ,4.08 ,0.20 ,0.20 ,0.34 ,2.76 ,-6.82 ,-6.63 ,-8.76 ,346922775.80,,,,,,,6,71.41,115,0.85  aa,0.20  aa,
BLUR11,Papéis,76.03,228.00,1.00,74.29,0.00 ,0.00 ,0.82 ,5.50 ,0.00 ,0.82 ,0.46 ,4.01 ,0.00 ,0.00 ,,6851720.42,,,,,,,14,78.06,1,,,
BMLC11,Lajes Corporativas,94.49,10731.55,0.88,0.72,0.76 ,1.48 ,3.66 ,8.20 ,0.49 ,0.61 ,0.68 ,7.38 ,-0.33 ,0.43 ,12.70 ,105658300.72,105.83,0.89,0.66 ,-6.73 ,-6.12 ,2.51 ,1,994.29,1268,0.20  aa,0.20  aa,
BNFS11,Agências de Bancos,72.43,59220.00,0.92,0.85,1.15 ,3.85 ,7.91 ,16.45 ,1.28 ,1.32 ,1.37 ,14.88 ,-2.27 ,-1.15 ,-0.93 ,54804482.53,78.29,0.93,1.28 ,-14.34 ,-13.25 ,-7.62 ,18,20.24,5841,,0.30  aa,
BODB11,Indefinido,7.38,781480.83,,0.10,1.33 ,3.75 ,6.83 ,12.94 ,1.25 ,1.14 ,1.08 ,16.13 ,-0.79 ,0.53 ,25.59 ,,,,,,,,0,21.46,0,,0.90  aa,20.00  aa
BPFF11,Fundo de Fundos,54.53,512062.00,0.88,2.24,0.00 ,0.00 ,3.70 ,10.62 ,0.00 ,0.62 ,0.89 ,9.50 ,0.00 ,0.00 ,,279190787.97,62.15,0.88,1.13 ,-15.43 ,-14.48 ,-11.96 ,14,18.98,20101,,0.40  aa,20.00  aa
BPLC11,Misto,,,,14.42,0.00 ,0.00 ,0.00 ,0.00 ,0.00 ,0.00 ,0.00 ,0.00 ,0.00 ,0.00 ,,324258089.50,,,,,,,1,,128,,,
BPML11,Shoppings,79.24,1384980.52,0.63,0.92,1.15 ,3.48 ,7.42 ,16.16 ,1.16 ,1.24 ,1.35 ,17.87 ,-0.06 ,1.09 ,64.28 ,920975473.29,123.88,0.64,0.74 ,-0.70 ,0.04 ,0.99 ,11,16.13,5931,,1.00  aa,
BPRP11,Imóveis Industriais e Logísticos,107.50,2150.00,0.86,0.93,0.00 ,0.00 ,0.00 ,0.00 ,0.00 ,0.00 ,0.00 ,4.54 ,0.00 ,0.00 ,,169496975.27,,,,,,,15,1.53,171,,,
BRCO11,Imóveis Industriais e Logísticos,115.19,2277017.87,0.98,0.87,0.75 ,2.27 ,4.86 ,10.23 ,0.76 ,0.81 ,0.85 ,9.29 ,-0.09 ,0.66 ,37.78 ,1869889352.55,117.57,0.98,0.74 ,-3.22 ,-2.50 ,6.10 ,12,14.25,120011,1.00  aa,,20.00  aa
BRCR11,Lajes Corporativas,41.14,1214715.48,0.48,0.41,0.99 ,2.91 ,5.80 ,13.22 ,0.97 ,0.97 ,1.10 ,11.88 ,-3.56 ,-2.61 ,25.34 ,2265811385.58,84.99,0.48,0.48 ,-15.06 ,-14.65 ,-15.89 ,6,14.16,120672,1.50  aa,0.25  aa,
BREV11,Lajes Corporativas,105.00,532138.00,1.65,0.58,0.55 ,0.00 ,0.00 ,0.00 ,0.00 ,0.00 ,0.00 ,10.03 ,0.32 ,0.87 ,22.08 ,118155565.38,,,0.00 ,-100.00 ,0.00 ,0.00 ,1,0.34,8102,,,
BRFT11,Misto,85.20,54912.13,,1.31,1.55 ,4.42 ,9.57 ,19.48 ,1.47 ,1.60 ,1.62 ,19.48 ,-1.40 ,0.13 ,45.04 ,,,,0.00 ,0.00 ,0.00 ,0.00 ,0,45.66,0,,,
BRIM11,Fundo de Desenvolvimento,332.00,12809.22,1.58,40.28,12.39 ,35.91 ,53.09 ,113.36 ,11.97 ,8.85 ,9.45 ,105.56 ,-36.75 ,-28.91 ,35.91 ,29002571.30,,,,,,,2,81.47,706,,1.70  aa,
BRIP11,Fundo de Desenvolvimento,600.00,5447.76,1.02,27.85,0.00 ,13.81 ,33.48 ,70.30 ,4.60 ,5.58 ,5.86 ,59.02 ,0.00 ,0.00 ,,127197799.30,,,,,,,10,159.19,439,,2.00  aa,
BRIX11,Indefinido,1673.35,195781.00,1.55,180.14,0.00 ,0.00 ,0.00 ,0.00 ,0.00 ,0.00 ,0.00 ,0.00 ,0.00 ,0.00 ,,127912315.93,,,,,,,10,,100,,,
BRLA11,Imóveis Industriais e Logísticos,148.00,21194.28,0.84,1.15,0.78 ,2.38 ,3.11 ,4.64 ,0.79 ,0.52 ,0.39 ,4.64 ,4.99 ,5.81 ,5.06 ,815145198.38,166.46,0.89,0.69 ,5.36 ,6.09 ,-2.26 ,8,76.52,435,,-0.75  aa,
BROF11,Lajes Corporativas,52.99,225442.39,0.48,0.53,1.02 ,2.53 ,6.11 ,13.57 ,0.84 ,1.02 ,1.13 ,11.19 ,-1.79 ,-0.79 ,51.94 ,1267196156.27,,,,,,,2,22.85,10263,0.45  aa,0.15  aa,
BRZP11,,145.63,423715.73,,0.92,0.63 ,1.92 ,3.72 ,7.85 ,0.64 ,0.62 ,0.65 ,7.10 ,1.32 ,1.95 ,79.63 ,,,,,,,,0,23.58,0,1.50  aa,0.12  aa,
BTAG11,Indefinido,103.99,38437.50,0.93,1.35,1.33 ,4.02 ,8.18 ,701.43 ,1.34 ,1.36 ,58.45 ,701.43 ,3.26 ,4.64 ,1497.33 ,47543351.89,110.77,0.94,1.17 ,0.00 ,0.00 ,0.00 ,0,30.87,2988,1.00  aa,0.15  aa,10.00  aa
BTAL11,Imóveis Industriais e Logísticos,78.38,516201.65,0.66,0.95,1.17 ,3.50 ,6.90 ,14.64 ,1.17 ,1.15 ,1.22 ,11.90 ,0.32 ,1.50 ,54.79 ,698183350.95,116.70,0.67,0.81 ,11.08 ,11.98 ,21.40 ,9,16.23,38664,,1.10  aa,
BTCI11,Papéis,9.25,1167845.87,0.92,0.10,1.01 ,3.15 ,6.46 ,13.34 ,1.05 ,1.08 ,1.11 ,12.12 ,0.00 ,1.01 ,41.92 ,997363108.03,,,,,,,14,15.05,192093,,0.95  aa,
BTCR11,Papéis,88.00,571148.00,1.38,0.90,0.98 ,0.00 ,0.00 ,0.00 ,0.00 ,0.00 ,0.00 ,12.53 ,-5.96 ,-5.04 ,14.54 ,118155565.38,95.27,0.92,0.94 ,0.64 ,1.59 ,4.62 ,14,32.78,8102,,1.00  aa,
BTHF11,Papéis,8.39,2133120.70,0.84,0.09,1.07 ,3.19 ,6.47 ,14.36 ,1.06 ,1.08 ,1.20 ,13.06 ,-1.49 ,-0.44 ,30.63 ,2060964792.53,,,,,,,0,15.74,317217,,1.10  aa,
BTHI11,Hotéis,42.44,13980.65,0.61,0.45,1.09 ,2.99 ,6.21 ,11.83 ,1.00 ,1.04 ,0.99 ,10.83 ,0.07 ,1.16 ,14.44 ,629839371.42,,,,,,,14,31.41,1499,,0.80  aa,20.00  aa
BTLG11,Imóveis Industriais e Logísticos,104.12,5328106.35,1.01,0.79,0.76 ,2.33 ,4.71 ,10.01 ,0.78 ,0.79 ,0.83 ,8.22 ,1.25 ,2.02 ,32.29 ,4596808986.83,103.33,1.01,0.76 ,4.62 ,5.42 ,10.86 ,21,13.29,406668,,0.90  aa,
BTML11,Lajes Corporativas,101.37,,0.79,1.04,0.00 ,0.00 ,0.00 ,5.38 ,0.00 ,0.00 ,0.45 ,4.59 ,0.00 ,0.00 ,,144658549.76,,,,,,,2,2.36,1,,,
BTRA11,Indefinido,57.25,177370.26,0.52,0.40,0.71 ,1.98 ,5.04 ,9.39 ,0.66 ,0.84 ,0.78 ,7.80 ,-0.78 ,-0.07 ,57.50 ,376299834.69,111.84,0.51,0.36 ,-19.37 ,-19.08 ,15.22 ,6,27.79,12171,,1.20  aa,20.00  aa
BTSG11,Imóveis Industriais e Logísticos,146.92,147.00,0.97,1.00,0.68 ,1.34 ,1.34 ,4.94 ,0.45 ,0.22 ,0.41 ,4.34 ,0.00 ,0.00 ,,117878616.11,152.10,0.97,0.66 ,10.50 ,11.22 ,22.50 ,1,10.20,106,,,
BTSI11,Misto,109.59,109.00,0.93,0.81,0.00 ,0.00 ,0.70 ,4.89 ,0.00 ,0.70 ,0.41 ,3.53 ,0.00 ,0.00 ,,696339887.92,,,,,,,5,24.28,200,,,
BTWR11,Fundo de Desenvolvimento,105.49,52.50,0.89,0.70,0.00 ,0.00 ,0.00 ,3.33 ,0.00 ,0.00 ,0.28 ,2.72 ,0.00 ,0.00 ,,96175620.92,118.84,0.89,0.50 ,6.10 ,6.63 ,15.22 ,1,19.43,140,,,
BTYU11,Incorporações,9.29,1636.57,0.93,0.10,1.04 ,3.12 ,7.74 ,14.25 ,1.04 ,1.29 ,1.19 ,12.23 ,1.03 ,2.08 ,10.33 ,302383857.67,,,,,,,14,69.20,520,,1.25  aa,20.00  aa
BZEL11,Misto,,,,5.09,0.00 ,0.00 ,0.00 ,0.00 ,0.00 ,0.00 ,0.00 ,0.00 ,0.00 ,0.00 ,,514355251.73,,,,,,,14,,3,,,
CACR11,Papéis,75.11,930737.65,0.98,1.32,1.71 ,5.11 ,9.50 ,18.96 ,1.70 ,1.58 ,1.58 ,17.39 ,2.60 ,4.35 ,8.57 ,370356954.09,76.58,0.98,1.76 ,-26.03 ,-24.73 ,5.12 ,14,29.49,25153,,1.00  aa,20.00  aa
CAFE11,Misto,,,,1.01,0.00 ,0.00 ,0.00 ,0.00 ,0.00 ,0.00 ,0.00 ,0.00 ,0.00 ,0.00 ,,,,,,,,,0,,0,,,
CARE11,Misto,1.05,6490.87,0.15,0.01,1.13 ,0.00 ,0.00 ,0.00 ,0.00 ,0.00 ,0.00 ,6.79 ,-2.63 ,-1.53 ,42.14 ,249005255.70,1.60,0.65,0.10 ,-0.24 ,-0.14 ,3.56 ,14,41.32,11744,,1.55  aa,20.00  aa
CBOP11,Lajes Corporativas,33.05,288309.89,0.49,0.10,0.30 ,1.10 ,2.33 ,4.87 ,0.37 ,0.39 ,0.41 ,4.65 ,34.00 ,34.40 ,52.90 ,95596366.70,67.56,0.49,0.15 ,-8.48 ,-8.34 ,-18.32 ,1,59.20,2164,,0.30  aa,
CCME11,Indefinido,8.65,130141.39,0.82,0.08,0.97 ,2.85 ,5.77 ,11.94 ,0.95 ,0.96 ,1.00 ,10.88 ,-3.46 ,-2.53 ,27.35 ,710931017.60,,,,,,,1,29.58,8926,1.25  aa,0.15  aa,20.00  aa
CCRF11,Papéis,92.50,1276.82,1.45,3.50,0.00 ,0.00 ,0.00 ,0.00 ,0.00 ,0.00 ,0.00 ,0.00 ,0.00 ,0.00 ,,118155565.38,93.23,0.99,3.76 ,-2.86 ,0.79 ,3.55 ,14,8.06,8102,,,
CCVA11,Indefinido,98.97,159202.27,1.01,0.52,0.00 ,0.00 ,0.00 ,3.47 ,0.00 ,0.00 ,0.29 ,2.29 ,0.00 ,0.00 ,,60472064.82,,,,,,,1,0.95,1,,,
CDII11,Indefinido,106.29,3832089.22,,1.61,1.49 ,4.80 ,9.00 ,16.10 ,1.60 ,1.50 ,1.34 ,15.05 ,-2.67 ,-1.22 ,30.94 ,,,,,,,,0,14.18,0,,1.00  aa,
CEOC11,Lajes Corporativas,44.03,8550.70,0.62,0.49,1.10 ,3.30 ,6.71 ,14.33 ,1.10 ,1.12 ,1.19 ,12.99 ,-1.35 ,-0.27 ,43.93 ,131791945.38,72.58,0.61,0.70 ,-7.89 ,-7.25 ,-15.41 ,1,19.20,3924,,0.20  aa,
CFHI11,Fundo de Desenvolvimento,16.80,16.00,1.01,10.62,0.00 ,0.00 ,0.00 ,23.53 ,0.00 ,0.00 ,1.96 ,23.53 ,0.00 ,0.00 ,,23502197.25,,,,,,,7,470.20,102,,,
CFII11,Indefinido,510.01,510.00,0.54,55.00,0.00 ,0.00 ,0.00 ,13.43 ,0.00 ,0.00 ,1.22 ,13.43 ,0.00 ,0.00 ,,118304873.57,,,,,,,5,126.74,109,,,
CIXM11,Misto,9.04,220499.50,0.23,0.15,0.00 ,0.00 ,0.00 ,0.00 ,0.00 ,0.00 ,0.00 ,0.00 ,0.00 ,0.00 ,,236142693.00,,,,,,,14,,108,,,
CJCT11,Lajes Corporativas,63.99,2006802.70,0.86,0.20,0.31 ,0.63 ,1.87 ,3.58 ,0.63 ,0.31 ,0.30 ,3.40 ,3.23 ,3.55 ,28.16 ,229305554.71,57.90,1.11,0.00 ,0.58 ,0.58 ,0.58 ,1,32.87,855,,,
CLIN11,Fundo de Fundos,85.11,799788.30,0.89,0.95,1.10 ,3.35 ,7.00 ,15.00 ,1.12 ,1.17 ,1.25 ,13.69 ,-2.10 ,-1.02 ,29.78 ,421855576.76,,,,,,,14,18.40,12394,,1.05  aa,
CNES11,Lajes Corporativas,1.67,102986.52,0.22,0.01,0.63 ,1.79 ,3.31 ,7.94 ,0.60 ,0.55 ,0.66 ,6.37 ,-20.63 ,-20.12 ,33.98 ,258230965.72,7.57,0.22,0.11 ,-91.54 ,-91.53 ,-91.16 ,1,53.51,86574,,0.30  aa,
COPP11,Lajes Corporativas,103.00,1827632.00,0.95,0.75,0.00 ,0.00 ,0.00 ,0.00 ,0.00 ,0.00 ,0.00 ,0.00 ,0.00 ,0.00 ,,515062649.76,,,,,,,4,17.75,119,,,
CORM11,Lajes Corporativas,,,,0.77,0.90 ,2.76 ,5.35 ,11.38 ,0.92 ,0.89 ,0.95 ,6.20 ,-2.97 ,-2.10 ,-4.27 ,,90.56,,0.89 ,-2.33 ,-1.45 ,0.21 ,0,,0,,,
CPFO11,Fundo de Fundos,,,,31.42,0.00 ,0.00 ,0.00 ,0.00 ,0.00 ,0.00 ,0.00 ,0.00 ,0.00 ,0.00 ,,118155565.38,,,,,,,14,,8102,,,
CPLG11,Misto,12.60,20542072.74,1.17,0.20,1.60 ,3.57 ,4.24 ,10.51 ,1.19 ,0.71 ,0.96 ,8.01 ,2.04 ,3.68 ,34.17 ,469141551.16,,,,,,,1,20.69,534,,0.90  aa,10.00  aa
CPOF11,Misto,109.50,31625476.46,1.01,0.42,0.38 ,0.81 ,1.42 ,5.51 ,0.81 ,0.24 ,0.46 ,3.83 ,0.00 ,0.38 ,5.97 ,515062649.76,,,,,,,4,42.40,119,,,
CPSH11,Indefinido,10.58,2429713.87,0.92,0.10,1.02 ,3.06 ,6.21 ,13.55 ,1.02 ,1.04 ,1.13 ,10.93 ,-2.97 ,-1.98 ,32.72 ,918902682.39,,,,,,,7,15.30,25217,,0.92  aa,10.00  aa
CPTI11,Indefinido,82.62,1257127.26,,1.00,1.19 ,3.60 ,7.30 ,15.09 ,1.20 ,1.22 ,1.26 ,13.80 ,-0.02 ,1.17 ,23.66 ,,,,,,,,0,15.97,0,,1.00  aa,
CPTR11,Indefinido,7.39,192048.22,0.76,0.11,1.47 ,4.30 ,8.79 ,13.89 ,1.43 ,1.47 ,1.16 ,13.89 ,-1.32 ,0.13 ,12.09 ,196382761.22,9.91,0.75,1.11 ,-89.96 ,-89.85 ,-89.70 ,0,13.96,21508,,1.00  aa,20.00  aa
CPTS11,Papéis,7.45,3789086.70,0.85,0.09,1.20 ,3.52 ,7.19 ,14.63 ,1.17 ,1.20 ,1.22 ,13.37 ,-1.32 ,-0.13 ,44.45 ,2920953421.52,8.89,0.84,0.96 ,-89.98 ,-89.89 ,-89.79 ,14,14.24,354417,0.82  aa,,
CPUR11,Misto,10.98,18816392.43,1.03,0.10,0.95 ,2.40 ,4.96 ,11.59 ,0.80 ,0.83 ,0.97 ,9.39 ,-1.13 ,-0.19 ,21.18 ,679991966.62,,,,,,,13,12.39,1397,1.00  aa,,10.00  aa
CRAA11,Indefinido,93.98,461642.43,0.93,1.25,1.30 ,3.89 ,7.90 ,14.80 ,1.30 ,1.32 ,1.23 ,13.78 ,-0.60 ,0.69 ,40.54 ,241707964.80,101.99,0.92,1.23 ,0.00 ,0.00 ,0.00 ,0,11.23,10026,,1.15  aa,20.00  aa
CRFF11,Fundo de Fundos,74.69,21786.33,0.90,0.61,0.81 ,2.44 ,5.01 ,10.61 ,0.81 ,0.84 ,0.88 ,10.61 ,1.49 ,2.31 ,28.89 ,57618018.37,83.50,0.89,0.73 ,-0.60 ,0.13 ,5.74 ,14,38.30,1214,,,
CSMC11,Indefinido,,,,9.21,0.00 ,0.00 ,0.00 ,0.00 ,0.00 ,0.00 ,0.00 ,0.00 ,0.00 ,0.00 ,,2081130151.78,,,,,,,8,,1,,,
CTXT11,Lajes Corporativas,4.62,328.29,0.24,0.01,0.04 ,0.00 ,0.00 ,0.00 ,0.00 ,0.00 ,0.00 ,1.34 ,1.40 ,1.44 ,-49.65 ,102741070.21,48.33,0.10,0.19 ,-0.10 ,0.09 ,0.54 ,1,61.38,2231,,0.27  aa,
CVBI11,Papéis,82.90,5255075.05,0.89,0.90,1.10 ,3.35 ,7.09 ,15.17 ,1.12 ,1.18 ,1.26 ,13.90 ,-1.02 ,0.06 ,32.65 ,1579141666.56,92.83,0.89,1.13 ,-1.10 ,0.02 ,6.72 ,14,19.15,113265,0.90  aa,0.10  aa,
CVPR11,Indefinido,,,,0.58,0.00 ,0.00 ,0.00 ,0.00 ,0.00 ,0.00 ,0.00 ,0.00 ,0.00 ,0.00 ,,59964682.95,,,,,,,14,,3,,,
CXAG11,Agências de Bancos,73.00,96945.70,0.66,0.70,0.96 ,2.85 ,6.37 ,12.65 ,0.95 ,1.06 ,1.05 ,11.61 ,-2.18 ,-1.24 ,23.95 ,231157351.62,110.57,0.66,0.63 ,-3.56 ,-2.95 ,15.53 ,32,13.39,11750,,0.58  aa,
CXCE11,Lajes Corporativas,40.44,9826.91,0.65,0.48,1.18 ,3.33 ,6.83 ,14.07 ,1.11 ,1.14 ,1.17 ,14.07 ,-2.51 ,-1.36 ,30.28 ,108811653.87,,,,,,,1,17.23,2979,,5.00  aa,
CXCE11B,Lajes Corporativas,44.01,9205.00,0.60,0.43,1.09 ,3.25 ,6.56 ,12.24 ,1.08 ,1.09 ,1.02 ,12.24 ,0.18 ,1.27 ,3.73 ,110543765.88,64.53,0.68,0.67 ,-1.63 ,-0.97 ,0.19 ,1,22.21,3247,,5.00  aa,
CXCI11,Indefinido,66.52,89458.96,0.78,0.75,1.13 ,3.38 ,7.04 ,14.37 ,1.13 ,1.17 ,1.20 ,13.16 ,-0.94 ,0.18 ,22.54 ,173377643.25,84.26,0.79,0.89 ,-9.50 ,-8.70 ,-6.74 ,14,16.82,5444,,0.70  aa,20.00  aa
CXCO11,Lajes Corporativas,63.00,75369.57,0.65,0.70,1.15 ,3.42 ,7.42 ,14.92 ,1.14 ,1.24 ,1.24 ,13.84 ,0.99 ,2.16 ,36.11 ,377887284.37,96.29,0.65,0.68 ,-3.03 ,-2.37 ,10.01 ,10,23.73,12440,0.13  aa,0.13  aa,
CXRI11,Fundo de Fundos,68.39,180562.90,0.85,0.59,0.88 ,2.78 ,5.65 ,11.44 ,0.93 ,0.94 ,0.95 ,11.44 ,7.42 ,8.36 ,17.01 ,130736491.83,82.97,0.82,0.71 ,0.39 ,1.10 ,5.80 ,1,41.69,1784,,1.20  aa,
CXTL11,Imóveis Industriais e Logísticos,304.93,5008.17,0.78,0.39,0.13 ,0.58 ,1.71 ,8.25 ,0.58 ,0.29 ,0.69 ,6.63 ,4.77 ,4.91 ,68.64 ,22210847.68,414.40,0.74,0.16 ,-15.34 ,-15.21 ,-28.91 ,1,59.13,600,,0.35  aa,
CYCR11,Indefinido,8.39,438601.22,0.90,0.11,1.24 ,3.69 ,7.59 ,15.39 ,1.23 ,1.27 ,1.28 ,14.15 ,-2.07 ,-0.85 ,28.19 ,341377509.76,9.34,0.90,1.13 ,-2.10 ,-0.99 ,-89.32 ,14,15.43,17929,,0.95  aa,20.00  aa
DAMA11,Misto,7.26,63233.26,0.93,0.08,1.14 ,3.59 ,7.29 ,12.88 ,1.20 ,1.22 ,1.07 ,12.20 ,5.80 ,7.00 ,-6.24 ,45710426.04,,,,,,,14,44.00,819,0.60  aa,0.20  aa,25.00  aa
DAMT11B,Shoppings,11.45,23.00,0.79,0.40,3.50 ,0.00 ,3.50 ,3.50 ,0.00 ,0.58 ,0.29 ,3.50 ,-11.86 ,-8.77 ,-8.77 ,257810143.48,,,,,,,2,11.75,544,,,
DAYM11,Lajes Corporativas,4.05,52700.65,0.39,0.04,0.00 ,0.00 ,0.00 ,0.00 ,0.00 ,0.00 ,0.00 ,0.00 ,0.00 ,0.00 ,,170333257.87,,,,,,,4,55.17,766,,1.20  aa,20.00  aa
DCRA11,Indefinido,7.06,70119.83,0.73,0.09,1.27 ,3.78 ,7.44 ,16.31 ,1.26 ,1.24 ,1.36 ,14.70 ,-1.53 ,-0.28 ,31.69 ,65352305.98,9.70,0.73,0.93 ,0.00 ,0.00 ,0.00 ,0,19.14,15561,0.87  aa,0.17  aa,10.00  aa
DEVA11,Papéis,22.95,416732.57,0.25,0.33,1.32 ,3.80 ,7.67 ,17.12 ,1.27 ,1.28 ,1.43 ,15.54 ,-4.35 ,-3.09 ,7.54 ,1356974456.24,96.62,0.24,0.33 ,-4.62 ,-4.30 ,14.75 ,14,25.63,84097,1.00  aa,0.20  aa,10.00  aa
DLMT11,Varejo,,,,0.00,0.00 ,0.00 ,0.00 ,0.00 ,0.00 ,0.00 ,0.00 ,0.00 ,0.00 ,0.00 ,,6848505.84,,,,,,,7,,9,,,
DPRO11,Indefinido,6.21,191.95,0.69,0.06,0.95 ,2.92 ,5.85 ,11.94 ,0.97 ,0.98 ,1.00 ,10.97 ,3.78 ,4.77 ,24.34 ,45753279.48,,,,,,,1,50.06,740,,,
DRIT11B,Lajes Corporativas,83.30,1547.00,0.62,0.53,0.63 ,1.94 ,3.25 ,13.98 ,0.65 ,0.54 ,1.17 ,1.94 ,17.70 ,18.44 ,16.76 ,60485010.41,130.56,0.64,0.46 ,-1.36 ,-0.91 ,7.46 ,4,29.85,348,,0.50  aa,15.00  aa
DVFF11,Fundo de Fundos,5.83,19348.78,0.68,0.07,1.12 ,3.26 ,6.52 ,13.51 ,1.09 ,1.09 ,1.13 ,12.31 ,-3.34 ,-2.26 ,12.44 ,93612166.46,8.50,0.69,0.76 ,-90.67 ,-90.60 ,-89.74 ,14,32.69,1892,0.65  aa,0.15  aa,20.00  aa
EDFO11B,Lajes Corporativas,229.98,7938.50,0.56,0.49,0.42 ,2.45 ,5.30 ,11.89 ,0.82 ,0.88 ,0.99 ,3.59 ,-0.22 ,0.20 ,-17.93 ,49670858.85,210.47,1.09,0.60 ,9.69 ,10.35 ,20.16 ,1,181.93,490,,,
EDGA11,Lajes Corporativas,14.70,39101.68,0.32,0.08,0.49 ,0.00 ,1.02 ,4.21 ,0.00 ,0.17 ,0.35 ,3.48 ,-3.60 ,-3.13 ,6.67 ,178671193.76,46.99,0.31,0.17 ,-23.34 ,-23.21 ,-28.02 ,1,31.66,3896,,0.20  aa,
EGAF11,Indefinido,92.50,475554.43,0.93,1.55,1.67 ,4.75 ,9.46 ,18.77 ,1.58 ,1.58 ,1.56 ,17.39 ,-0.97 ,0.68 ,42.86 ,310574473.95,99.16,0.93,1.43 ,0.00 ,0.00 ,0.00 ,0,12.40,11374,,1.20  aa,10.00  aa
EMET11,Misto,9.70,43279.00,1.17,0.13,1.24 ,2.31 ,3.36 ,3.36 ,0.77 ,1.12 ,1.12 ,3.36 ,0.00 ,0.00 ,,50705978.47,,,,,,,14,49.34,65,,,
ENDD11,Indefinido,108.42,155484.55,,0.16,0.16 ,0.00 ,0.16 ,5.35 ,0.00 ,0.16 ,0.45 ,0.16 ,9.99 ,10.17 ,10.17 ,,,,,,,,0,17.08,0,,0.30  aa,
EQIA11,Fiagro,,,,0.45,,,,,,,,,,,,,,,,,,,0,,0,,,
EQIR11,Indefinido,7.85,50642.91,0.82,0.10,1.27 ,3.81 ,7.78 ,16.14 ,1.27 ,1.30 ,1.35 ,13.35 ,-1.38 ,-0.12 ,40.33 ,104242770.88,9.56,0.82,1.05 ,-2.05 ,-1.02 ,-89.62 ,14,14.25,9896,,1.00  aa,
ERCR11,Varejo,15707.85,,1.05,420.46,0.00 ,0.00 ,0.00 ,16.74 ,0.00 ,0.00 ,1.40 ,0.93 ,0.00 ,0.00 ,,35378005.48,14889.73,1.05,1.89 ,-77.62 ,-77.20 ,-75.81 ,14,4.05,10,,0.10  aa,
ERPA11,Lajes Corporativas,124.89,68762.56,0.78,0.93,0.00 ,0.00 ,1.48 ,5.43 ,0.00 ,0.25 ,0.45 ,4.78 ,0.00 ,0.00 ,,79882132.87,159.47,0.78,0.59 ,16.34 ,17.03 ,43.97 ,2,33.10,708,,,
ESUD11,Indefinido,243.00,48600.00,,72.93,23.08 ,0.00 ,0.00 ,23.08 ,0.00 ,0.00 ,5.77 ,23.08 ,0.00 ,0.00 ,,,,,,,,,0,33.75,0,,,
ESUT11,Indefinido,32.00,609.52,,67.49,210.90 ,0.00 ,0.00 ,210.90 ,0.00 ,0.00 ,52.73 ,210.90 ,0.00 ,0.00 ,,,,,,,,,0,9.96,0,,0.35  aa,
ESUU11,Indefinido,32.00,3200.00,,63.84,199.49 ,0.00 ,0.00 ,199.49 ,0.00 ,0.00 ,49.87 ,199.49 ,0.00 ,0.00 ,,,,,,,,,0,10.03,0,,,
EURO11,Imóveis Industriais e Logísticos,287.88,35242.26,0.85,2.08,0.77 ,2.32 ,4.81 ,10.24 ,0.77 ,0.80 ,0.85 ,9.33 ,4.65 ,5.46 ,43.28 ,126430848.77,329.30,0.87,0.53 ,1.41 ,1.95 ,13.57 ,7,28.63,2032,,,
EVBI11,renda urbana,9.50,32194.42,1.03,0.11,1.05 ,2.88 ,5.14 ,9.85 ,0.96 ,0.86 ,0.82 ,9.85 ,5.74 ,6.85 ,23.48 ,411540046.98,9.86,0.96,0.96 ,-90.11 ,-90.02 ,-89.22 ,13,14.99,1313,1.00  aa,,10.00  aa
EXES11,Indefinido,9.61,82025.00,0.99,0.13,1.33 ,4.01 ,8.29 ,16.78 ,1.34 ,1.38 ,1.40 ,14.10 ,-2.50 ,-1.20 ,39.67 ,136439766.88,,,,,,,14,15.92,884,,1.00  aa,
FAED11,Educacional,147.98,38761.57,0.66,1.66,1.12 ,3.34 ,6.91 ,14.57 ,1.11 ,1.15 ,1.21 ,13.29 ,-2.98 ,-1.90 ,38.47 ,153670215.46,221.95,0.67,0.75 ,1.99 ,2.75 ,9.35 ,4,20.38,4072,,,
FAMB11B,Lajes Corporativas,609.99,47041.93,0.18,1001.61,0.00 ,0.00 ,0.00 ,0.00 ,0.00 ,0.00 ,0.00 ,0.00 ,0.00 ,0.00 ,,424524340.32,3593.26,0.17,0.25 ,0.53 ,0.79 ,12.82 ,1,47.01,2173,,2.50  aa,
FAOE11,Indefinido,926.90,,14.53,11.16,0.00 ,0.00 ,0.00 ,0.00 ,0.00 ,0.00 ,0.00 ,0.00 ,0.00 ,0.00 ,,118155565.38,,,,,,,3,,8102,,,
FATN11,Lajes Corporativas,83.50,1039442.09,0.85,0.80,0.95 ,2.82 ,5.93 ,12.66 ,0.94 ,0.99 ,1.06 ,11.52 ,-5.22 ,-4.32 ,25.95 ,474770890.36,98.40,0.85,0.81 ,-0.62 ,0.19 ,5.66 ,54,10.49,22641,,0.80  aa,
FCFL11,Educacional,127.97,82636.82,1.01,0.91,0.71 ,2.14 ,4.35 ,9.29 ,0.71 ,0.73 ,0.77 ,7.64 ,2.24 ,2.97 ,35.27 ,428182276.18,123.25,1.04,0.74 ,6.09 ,6.88 ,25.99 ,1,17.23,3001,,0.30  aa,
FEXC11,Papéis,83.50,860137.12,0.10,0.50,0.00 ,1.08 ,4.14 ,11.48 ,0.36 ,0.69 ,0.96 ,0.00 ,0.00 ,0.00 ,,1001470167.13,90.75,0.92,0.99 ,-1.13 ,-0.15 ,7.12 ,0,14.57,36232,0.95  aa,,
FGAA11,Indefinido,8.75,591321.91,0.93,0.12,1.35 ,4.06 ,8.28 ,14.87 ,1.35 ,1.38 ,1.24 ,18.86 ,-1.33 ,-0.00 ,62.83 ,424181943.20,9.41,0.93,1.28 ,0.00 ,0.00 ,0.00 ,0,12.51,50537,,1.15  aa,10.00  aa
FIGS11,Shoppings,47.39,231846.17,0.62,0.48,1.00 ,3.01 ,6.09 ,12.20 ,1.00 ,1.02 ,1.02 ,11.24 ,0.10 ,1.10 ,20.59 ,217032706.25,76.15,0.62,0.63 ,-0.43 ,0.20 ,-19.40 ,2,17.43,11806,,0.50  aa,
FIIB11,Imóveis Industriais e Logísticos,485.96,197427.83,1.02,3.58,0.72 ,2.14 ,4.44 ,9.22 ,0.71 ,0.74 ,0.77 ,8.41 ,-0.80 ,-0.09 ,16.60 ,326839772.78,477.14,1.02,0.75 ,3.39 ,4.17 ,14.54 ,9,12.30,14999,,,
FIIP11B,Imóveis Industriais e Logísticos,161.37,1172.80,0.73,1.40,0.96 ,2.95 ,5.92 ,10.89 ,0.98 ,0.99 ,0.91 ,4.03 ,-1.78 ,-0.84 ,6.81 ,184360354.72,198.84,0.81,0.70 ,6.81 ,7.56 ,8.46 ,7,11.96,6586,,,
FISC11,Lajes Corporativas,61.25,6135.00,0.57,0.38,0.58 ,1.49 ,3.04 ,7.85 ,0.50 ,0.51 ,0.65 ,7.03 ,-0.99 ,-0.42 ,8.49 ,192879302.83,113.76,0.54,0.53 ,-1.13 ,-0.61 ,-0.12 ,1,90.00,228,,,
FLCR11,Papéis,95.50,18525.87,1.01,1.00,1.04 ,3.23 ,7.06 ,15.08 ,1.08 ,1.18 ,1.26 ,13.75 ,-0.02 ,1.02 ,27.08 ,70938837.80,94.35,1.01,1.11 ,-4.14 ,-3.07 ,6.60 ,1,9.56,2918,,1.00  aa,20.00  aa
FLFL11,Fundo de Desenvolvimento,,,,0.18,0.00 ,0.00 ,0.00 ,0.00 ,0.00 ,0.00 ,0.00 ,0.00 ,0.00 ,0.00 ,,475657469.82,,,,,,,1,,1,,,
FLMA11,Lajes Corporativas,150.27,39981.74,0.67,1.14,0.76 ,2.31 ,4.91 ,9.76 ,0.77 ,0.82 ,0.81 ,8.80 ,2.37 ,3.15 ,31.22 ,305004483.66,220.91,0.68,0.52 ,37.85 ,38.57 ,51.24 ,1,23.29,11590,,0.12  aa,
FLRP11,Shoppings,20.26,13706.74,1.00,0.15,0.72 ,2.11 ,4.88 ,9.45 ,0.70 ,0.81 ,0.79 ,8.72 ,1.42 ,2.15 ,27.56 ,150307888.25,20.29,1.00,0.69 ,-98.89 ,-98.88 ,-98.75 ,1,45.19,1734,,,
FMOF11,Lajes Corporativas,35.81,3180.22,0.34,32.70,44.73 ,56.22 ,57.99 ,63.27 ,18.74 ,9.67 ,5.27 ,63.27 ,-3.93 ,39.04 ,151.78 ,58868634.94,115.88,0.31,0.35 ,-2.29 ,-1.94 ,-5.00 ,2,84.33,214,,,
FPAB11,Lajes Corporativas,207.45,8668.67,0.59,1.60,0.00 ,0.65 ,1.91 ,6.26 ,0.65 ,0.32 ,0.52 ,5.61 ,0.00 ,0.00 ,,268280559.70,357.71,0.58,0.38 ,-4.62 ,-4.26 ,-8.15 ,3,73.63,696,,,
FPOR11,Indefinido,23.50,41.00,,0.07,0.00 ,0.00 ,0.18 ,0.18 ,0.00 ,0.18 ,0.18 ,0.18 ,0.00 ,0.00 ,,,,,,,,,0,246.27,0,,,
FRHY11,Indefinido,,,,1.03,0.00 ,0.00 ,0.00 ,0.00 ,0.00 ,0.00 ,0.00 ,0.00 ,0.00 ,0.00 ,,1129059.15,,,,,,,14,,7,,,
FTCA11,Indefinido,9.30,67876.00,0.86,0.13,0.00 ,0.00 ,0.00 ,0.00 ,0.00 ,0.00 ,0.00 ,0.00 ,0.00 ,0.00 ,,47386439.42,10.62,0.88,1.22 ,0.00 ,0.00 ,0.00 ,0,21.96,7596,1.10  aa,,
FVPQ11,Shoppings,78.00,175110.17,0.46,0.20,0.28 ,0.42 ,4.45 ,10.92 ,0.42 ,0.74 ,0.91 ,10.23 ,3.93 ,4.22 ,79.92 ,441384569.97,157.63,0.49,0.03 ,-18.02 ,-17.99 ,-16.63 ,1,31.70,3871,,0.12  aa,
FYTO11,Papéis,7.90,144140.70,0.81,0.10,1.26 ,3.76 ,7.71 ,15.54 ,1.25 ,1.29 ,1.30 ,14.31 ,0.00 ,1.26 ,23.87 ,147766669.40,,,,,,,0,17.33,10793,,1.10  aa,
FZDA11,Indefinido,139.00,3043.67,0.77,4.11,3.40 ,0.00 ,0.00 ,3.40 ,0.00 ,0.00 ,1.70 ,3.40 ,-0.69 ,2.69 ,2.69 ,281017507.05,173.55,0.80,2.37 ,0.00 ,0.00 ,0.00 ,0,68.12,297,,,
FZDB11,Indefinido,141.01,532.60,0.79,4.21,3.32 ,0.00 ,0.00 ,3.32 ,0.00 ,0.00 ,3.32 ,3.32 ,21.43 ,25.46 ,25.46 ,641635971.26,168.93,0.83,2.49 ,0.00 ,0.00 ,0.00 ,0,43.59,116,0.70  aa,0.12  aa,15.00  aa
GAME11,Indefinido,8.47,77373.26,0.91,0.10,1.10 ,3.34 ,6.74 ,13.88 ,1.11 ,1.12 ,1.16 ,12.70 ,1.42 ,2.53 ,28.05 ,202765093.75,9.35,0.91,1.02 ,-4.98 ,-4.01 ,-98.88 ,14,12.86,21534,,1.10  aa,20.00  aa
GARE11,Imóveis Industriais e Logísticos,9.01,4078911.78,0.97,0.08,0.92 ,2.76 ,5.60 ,12.09 ,0.92 ,0.93 ,1.01 ,10.96 ,0.00 ,0.92 ,23.41 ,2062690674.73,,,,,,,4,14.27,407430,,1.00  aa,20.00  aa
GCFF11,Fundo de Fundos,69.30,87694.83,1.09,3.07,0.00 ,0.00 ,0.00 ,0.00 ,0.00 ,0.00 ,0.00 ,4.27 ,0.00 ,0.00 ,,118155565.38,77.31,0.90,0.97 ,-5.00 ,-4.08 ,-7.97 ,1,1.15,8102,,,
GCOI11,Indefinido,98.99,26397.67,0.94,0.81,0.00 ,0.00 ,0.00 ,0.00 ,0.00 ,0.00 ,0.00 ,0.00 ,0.00 ,0.00 ,,11844844.02,,,,,,,2,3.83,385,,,
GCRA11,Indefinido,50.42,79175.65,0.59,0.68,1.33 ,3.92 ,7.89 ,16.49 ,1.31 ,1.32 ,1.37 ,14.95 ,-0.87 ,0.45 ,57.35 ,149747060.87,85.53,0.59,0.77 ,-12.72 ,-12.05 ,-0.85 ,0,22.08,7145,,1.15  aa,20.00  aa
GCRI11,Papéis,62.81,112726.35,0.69,0.80,1.24 ,3.87 ,8.01 ,17.38 ,1.29 ,1.34 ,1.45 ,14.23 ,-2.17 ,-0.95 ,40.13 ,133356011.48,91.73,0.68,0.93 ,-2.80 ,-1.90 ,0.20 ,14,18.96,4288,,1.00  aa,20.00  aa
GESE11B,Educacional,1520.00,,23.82,1112.72,0.00 ,0.00 ,0.00 ,0.00 ,0.00 ,0.00 ,0.00 ,0.00 ,0.00 ,0.00 ,,118155565.38,1119.08,1.36,104.32 ,-36.85 ,29.02 ,33.17 ,14,,8102,,0.18  aa,
GGRC11,Imóveis Industriais e Logísticos,9.96,4724957.35,0.90,0.10,1.00 ,3.01 ,6.12 ,12.55 ,1.00 ,1.02 ,1.05 ,11.47 ,-0.10 ,0.90 ,21.29 ,1883124192.27,10.98,0.91,0.91 ,-91.17 ,-91.09 ,-90.85 ,41,12.72,196654,1.10  aa,,
GLOG11,Imóveis Industriais e Logísticos,66.30,133908.39,0.62,0.41,0.59 ,1.82 ,3.83 ,8.93 ,0.61 ,0.64 ,0.74 ,7.99 ,3.20 ,3.81 ,40.54 ,81629265.02,,,,,,,1,25.81,1807,,0.70  aa,
GRUL11,Logística,8.19,166136.96,0.85,0.08,0.97 ,2.93 ,7.01 ,16.27 ,0.98 ,1.17 ,1.36 ,14.72 ,0.61 ,1.59 ,34.87 ,236547416.42,,,,,,,1,27.55,4731,1.00  aa,0.15  aa,
GRWA11,Indefinido,7.49,3083.30,0.74,0.08,1.06 ,2.94 ,5.23 ,12.02 ,0.98 ,0.87 ,1.00 ,10.73 ,2.86 ,3.96 ,7.97 ,28030260.52,10.02,0.75,0.60 ,0.00 ,0.00 ,0.00 ,0,31.29,2140,,1.15  aa,10.00  aa
GSFI11,Shoppings,9.81,1574895.91,0.74,0.00,0.03 ,0.03 ,0.03 ,0.03 ,0.01 ,0.00 ,0.00 ,0.03 ,0.00 ,0.03 ,0.03 ,1271507989.55,11.90,0.82,0.01 ,0.01 ,0.02 ,0.02 ,9,13.66,6263,,1.00  aa,
GTLG11,Imóveis Industriais e Logísticos,63.99,22885.25,1.00,60.62,0.00 ,0.00 ,0.00 ,0.00 ,0.00 ,0.00 ,0.00 ,37.59 ,0.00 ,0.00 ,,118155565.38,60.62,1.06,100.00 ,-35.83 ,28.33 ,35.22 ,1,34.61,8102,,,
GTWR11,Lajes Corporativas,76.85,516955.87,0.77,0.90,1.17 ,3.49 ,6.99 ,14.56 ,1.16 ,1.17 ,1.21 ,13.35 ,-2.89 ,-1.75 ,33.65 ,1197007304.47,99.75,0.77,0.90 ,5.33 ,6.28 ,11.89 ,3,11.87,34502,,0.25  aa,
GURB11,Indefinido,108.00,5000076.00,0.85,0.70,0.65 ,0.00 ,0.00 ,0.00 ,0.00 ,0.00 ,0.00 ,0.65 ,0.00 ,0.00 ,,144658549.76,,,,,,,2,1.17,1,,,
GZIT11,Indefinido,45.06,536322.65,0.50,0.78,1.67 ,5.22 ,10.44 ,22.41 ,1.74 ,1.74 ,1.87 ,18.19 ,4.10 ,5.84 ,60.40 ,1977067954.71,,,,,,,6,29.08,7140,,0.96  aa,20.00  aa
HAAA11,Lajes Corporativas,55.86,1212.78,0.84,0.08,0.16 ,0.47 ,1.72 ,4.77 ,0.47 ,0.29 ,0.40 ,4.51 ,-6.10 ,-5.95 ,62.73 ,229770887.35,66.50,0.84,0.12 ,-25.83 ,-25.74 ,-24.54 ,2,73.06,220,,,
HABT11,Papéis,70.83,904558.22,0.74,0.95,1.31 ,3.85 ,7.98 ,16.95 ,1.28 ,1.33 ,1.41 ,15.43 ,-7.85 ,-6.64 ,25.68 ,767921254.89,94.49,0.75,1.11 ,-5.30 ,-4.25 ,12.11 ,14,16.47,59574,1.26  aa,,20.00  aa
HBCR11,Indefinido,138.00,868430.67,1.16,0.74,0.00 ,6.23 ,6.70 ,15.36 ,2.08 ,1.12 ,1.28 ,14.55 ,0.00 ,0.00 ,,189733496.29,,,,,,,3,57.09,35,,0.18  aa,20.00  aa
HBRH11,Lajes Corporativas,90.80,14627.00,0.80,0.50,0.55 ,1.65 ,6.85 ,9.22 ,0.55 ,1.14 ,0.77 ,9.22 ,1.00 ,1.56 ,2.46 ,316852348.31,112.23,0.81,0.45 ,-0.86 ,-0.42 ,7.60 ,5,13.98,720,,0.86  aa,
HCHG11,Papéis,74.39,82101.32,0.81,0.61,0.78 ,2.46 ,5.73 ,13.43 ,0.82 ,0.96 ,1.12 ,12.21 ,3.56 ,4.37 ,38.95 ,112421668.84,93.68,0.79,0.69 ,-7.36 ,-6.71 ,7.73 ,14,36.78,584,0.70  aa,0.20  aa,
HCRA11,Indefinido,10.22,0.83,0.00,14.85,145.30 ,0.00 ,145.30 ,240.62 ,0.00 ,24.22 ,20.05 ,233.94 ,2.20 ,150.70 ,11.17 ,55216337.12,,,0.00 ,0.00 ,0.00 ,0.00 ,0,1367.67,113,,1.20  aa,
HCRI11,Hospitalar,270.44,23589.74,0.85,21.78,7.76 ,9.72 ,12.98 ,19.59 ,3.24 ,2.16 ,1.63 ,18.44 ,4.40 ,12.51 ,41.59 ,65182632.76,325.91,0.83,0.84 ,5.83 ,6.72 ,14.20 ,1,37.16,2951,,2.00  aa,
HCTR11,Papéis,20.20,490749.43,0.20,0.29,1.32 ,3.91 ,8.01 ,20.34 ,1.30 ,1.34 ,1.70 ,18.80 ,-4.37 ,-3.10 ,9.63 ,2289046114.50,103.65,0.19,0.29 ,-14.61 ,-14.36 ,0.97 ,14,37.93,136023,0.99  aa,0.21  aa,10.00  aa
HDEL11,Imóveis Industriais e Logísticos,85.98,396.00,0.80,14.03,0.00 ,0.00 ,0.00 ,11.84 ,0.00 ,0.00 ,1.69 ,0.00 ,0.00 ,0.00 ,,89819358.52,,,,,,,1,64.46,108,,1.50  aa,20.00  aa
HFOF11,Fundo de Fundos,6.15,1184782.70,0.81,0.06,0.91 ,2.77 ,5.63 ,11.99 ,0.92 ,0.94 ,1.00 ,10.94 ,0.33 ,1.24 ,28.59 ,1735759977.11,7.55,0.81,0.74 ,-90.67 ,-90.60 ,-90.21 ,14,14.33,74690,,0.60  aa,20.00  aa
HGAG11,Indefinido,11.03,394.82,0.47,0.10,0.00 ,1.29 ,9.92 ,16.79 ,0.43 ,1.65 ,1.40 ,14.54 ,0.00 ,0.00 ,,5832955.44,23.50,0.47,0.51 ,0.00 ,0.00 ,0.00 ,0,138.50,1073,1.00  aa,,20.00  aa
HGBL11,Misto,8.90,125170.39,0.94,0.07,0.80 ,2.47 ,5.16 ,11.41 ,0.82 ,0.86 ,0.95 ,9.95 ,2.39 ,3.21 ,3.73 ,240007144.73,,,,,,,1,15.80,4583,0.50  aa,0.10  aa,
HGBS11,Shoppings,20.00,1389147.35,0.92,0.15,0.75 ,2.26 ,4.71 ,10.11 ,0.75 ,0.79 ,0.84 ,9.22 ,-2.25 ,-1.52 ,22.55 ,2809814014.57,21.76,0.92,0.69 ,-90.19 ,-90.13 ,-89.07 ,17,14.70,136729,,0.60  aa,
HGCR11,Papéis,91.29,2394433.74,0.95,1.00,1.05 ,3.29 ,6.66 ,13.53 ,1.10 ,1.11 ,1.13 ,12.45 ,-0.43 ,0.62 ,22.05 ,1494242952.19,96.91,0.94,1.08 ,-4.01 ,-2.97 ,10.33 ,14,13.59,100374,,0.80  aa,20.00  aa
HGFF11,Fundo de Fundos,62.38,1552502.00,0.88,1.98,0.00 ,0.00 ,3.06 ,10.38 ,0.00 ,0.51 ,0.87 ,9.29 ,0.00 ,0.00 ,,203824815.19,71.18,0.88,0.96 ,-18.03 ,-17.25 ,-12.83 ,14,17.83,14789,,0.80  aa,20.00  aa
HGIC11,Papéis,66.00,6025.68,0.59,0.80,1.26 ,3.59 ,7.09 ,14.04 ,1.20 ,1.18 ,1.17 ,12.83 ,-6.01 ,-4.83 ,-12.26 ,51392234.78,111.07,0.59,0.72 ,-3.18 ,-2.48 ,15.94 ,2,57.83,623,,,
HGLG11,Imóveis Industriais e Logísticos,159.64,5136565.52,0.98,1.10,0.69 ,2.08 ,4.20 ,8.69 ,0.69 ,0.70 ,0.72 ,7.92 ,-1.77 ,-1.09 ,20.57 ,5490423267.35,162.50,0.98,0.68 ,5.50 ,6.21 ,23.13 ,28,12.37,513307,,0.60  aa,
HGPO11,Lajes Corporativas,142.36,190805.74,0.98,57.05,48.22 ,0.00 ,0.00 ,0.00 ,0.00 ,0.00 ,0.00 ,62.51 ,5.05 ,55.71 ,101.25 ,254132034.94,155.61,0.91,36.66 ,-48.02 ,-28.96 ,-15.36 ,2,11.77,9846,,,
HGRE11,Lajes Corporativas,118.75,1523182.70,0.76,0.85,0.73 ,2.17 ,5.90 ,10.89 ,0.72 ,0.98 ,0.91 ,10.06 ,-5.22 ,-4.53 ,37.41 ,1841716939.28,155.84,0.76,0.55 ,-0.67 ,-0.13 ,0.18 ,13,20.87,140775,,1.00  aa,
HGRS11,Imóveis Residenciais,,,,29.32,0.00 ,0.00 ,0.00 ,0.00 ,0.00 ,0.00 ,0.00 ,0.00 ,0.00 ,0.00 ,,118155565.38,92.86,,0.00 ,0.00 ,0.00 ,0.00 ,14,,8102,,,
HGRU11,Misto,126.59,2261727.26,0.99,0.95,0.75 ,2.26 ,5.06 ,10.88 ,0.75 ,0.84 ,0.91 ,10.03 ,-0.20 ,0.54 ,31.55 ,2978293688.70,128.16,0.99,0.74 ,4.29 ,5.06 ,19.43 ,103,12.43,222198,,0.70  aa,20.00  aa
HILG11,Indefinido,184.96,186.67,0.89,1.46,0.00 ,0.00 ,0.00 ,4.51 ,0.00 ,0.00 ,0.38 ,3.51 ,0.00 ,0.00 ,,108938197.83,,,,,,,1,10.47,114,,,
HLOG11,Imóveis Industriais e Logísticos,9.14,102517.26,0.82,0.07,0.77 ,2.40 ,4.87 ,9.34 ,0.80 ,0.81 ,0.78 ,8.82 ,1.22 ,2.00 ,28.20 ,469937168.94,11.06,0.83,0.63 ,-90.50 ,-90.44 ,-89.41 ,3,13.50,3868,,0.80  aa,
HOFC11,Lajes Corporativas,28.70,228721.00,0.51,0.21,0.65 ,0.00 ,0.00 ,0.00 ,0.00 ,0.00 ,0.00 ,2.01 ,75.72 ,76.86 ,67.59 ,216777654.67,,,,,,,3,48.37,4857,,0.83  aa,-1.00  aa
HOSI11,Imóveis Residenciais,86.50,6237.43,0.79,0.70,0.00 ,1.48 ,4.35 ,9.00 ,0.49 ,0.73 ,0.75 ,7.49 ,0.00 ,0.00 ,,61776169.48,107.73,0.80,0.59 ,17.02 ,17.71 ,24.52 ,14,40.07,1131,,0.35  aa,20.00  aa
HPDP11,Shoppings,88.98,11097969.14,0.92,0.56,0.59 ,1.21 ,2.48 ,6.41 ,0.40 ,0.41 ,0.53 ,5.78 ,5.57 ,6.19 ,16.23 ,303850674.79,92.41,0.96,0.61 ,3.53 ,4.16 ,3.92 ,1,36.17,355,,0.50  aa,
HRDF11,Fundo de Desenvolvimento,4.05,132.42,0.58,6.80,0.00 ,0.00 ,0.00 ,0.00 ,0.00 ,0.00 ,0.00 ,0.00 ,0.00 ,0.00 ,,10645447.22,,,,,,,14,103.33,893,,0.75  aa,
HREC11,Papéis,8.21,268613.57,0.98,0.08,0.95 ,2.99 ,6.23 ,13.20 ,1.00 ,1.04 ,1.10 ,12.10 ,-0.24 ,0.71 ,29.47 ,447529988.11,8.66,0.95,0.98 ,-90.26 ,-90.16 ,-89.17 ,14,19.55,2523,,0.80  aa,20.00  aa
HRES11,Imóveis Residenciais,145.45,2140733.00,1.14,2.19,0.00 ,0.00 ,0.00 ,6.65 ,0.00 ,0.00 ,0.60 ,5.58 ,0.00 ,0.00 ,,59507687.50,,,,,,,14,2.16,136,,,
HSAF11,Papéis,76.04,195006.57,0.86,0.95,1.24 ,3.63 ,7.27 ,15.60 ,1.21 ,1.21 ,1.30 ,14.42 ,-4.67 ,-3.49 ,30.26 ,222856104.87,88.21,0.86,1.08 ,-3.43 ,-2.39 ,6.49 ,14,23.01,8627,,1.00  aa,20.00  aa
HSLG11,Imóveis Industriais e Logísticos,90.29,824710.17,0.80,0.70,0.80 ,2.42 ,4.83 ,10.34 ,0.81 ,0.81 ,0.86 ,9.35 ,-0.02 ,0.78 ,29.31 ,1393217620.70,110.05,0.82,0.61 ,4.87 ,5.51 ,6.98 ,7,16.60,40616,,0.85  aa,20.00  aa
HSML11,Shoppings,86.98,1905711.09,0.82,0.70,0.81 ,2.41 ,4.79 ,10.42 ,0.80 ,0.80 ,0.87 ,9.38 ,-0.37 ,0.44 ,23.29 ,2219330332.65,104.05,0.84,0.64 ,6.63 ,7.32 ,12.93 ,5,16.68,186783,1.05  aa,,20.00  aa
HSRE11,Misto,98.68,2170.47,1.17,0.95,0.94 ,2.74 ,6.02 ,11.23 ,0.91 ,1.00 ,0.94 ,9.94 ,3.57 ,4.55 ,22.97 ,793425942.78,89.16,1.11,0.95 ,-7.16 ,-6.28 ,-0.32 ,22,21.94,373,,0.85  aa,20.00  aa
HTMX11,Hotéis,140.26,418253.00,0.96,1.56,1.11 ,2.98 ,6.01 ,13.80 ,0.99 ,1.00 ,1.15 ,11.36 ,0.34 ,1.45 ,11.95 ,415741159.96,143.95,0.97,0.73 ,2.57 ,3.31 ,19.55 ,21,12.60,36275,,0.50  aa,20.00  aa
HUCG11,Hospitalar,83.64,1620.71,0.87,0.70,0.82 ,0.82 ,0.82 ,0.82 ,0.82 ,0.82 ,0.82 ,0.82 ,0.00 ,0.00 ,,116354682.35,,,,,,,2,74.55,236,,,
HUSC11,Hospitalar,96.49,4943.91,0.64,1.08,1.14 ,3.24 ,5.11 ,10.98 ,1.08 ,0.85 ,0.92 ,10.06 ,-1.55 ,-0.42 ,5.89 ,128095831.62,150.56,0.64,0.75 ,2.60 ,3.37 ,11.83 ,2,46.25,151,,0.35  aa,
HUSI11,Hospitalar,1249.00,1249.00,1.00,8.42,0.00 ,0.00 ,1.38 ,4.94 ,0.00 ,0.23 ,0.41 ,0.71 ,0.00 ,0.00 ,,145342616.28,1249.06,1.00,0.73 ,25.77 ,26.69 ,33.26 ,14,41.20,100,,,
IAAG11,Indefinido,7.69,105882.57,0.78,0.12,1.56 ,4.63 ,9.03 ,17.34 ,1.54 ,1.51 ,1.45 ,16.06 ,-1.79 ,-0.25 ,15.48 ,102840430.48,9.84,0.78,1.22 ,0.00 ,0.00 ,0.00 ,0,24.39,13040,,1.15  aa,20.00  aa
IAGR11,Indefinido,3.96,13554.65,0.64,0.01,0.15 ,0.00 ,0.15 ,1.25 ,0.00 ,0.15 ,0.10 ,1.03 ,-3.18 ,-3.03 ,45.49 ,17345252.65,6.26,0.63,0.10 ,0.00 ,0.00 ,0.00 ,0,26.92,3489,0.80  aa,0.20  aa,20.00  aa
IBBP11,Indefinido,8.41,12637.73,1.12,0.08,0.90 ,2.79 ,4.51 ,8.82 ,0.93 ,0.75 ,0.88 ,8.82 ,12.93 ,13.95 ,2.85 ,398708486.81,,,,,,,24,115.02,539,,,
IBCR11,Papéis,48.20,39909.96,0.54,0.70,1.43 ,4.15 ,8.61 ,18.55 ,1.38 ,1.44 ,1.55 ,16.97 ,-1.61 ,-0.21 ,14.26 ,86993275.14,90.77,0.53,0.77 ,-3.35 ,-2.61 ,5.63 ,14,18.06,3919,0.80  aa,0.20  aa,20.00  aa
IBFF11,Fundo de Fundos,66.40,162549.50,1.04,14.79,0.00 ,0.00 ,0.00 ,0.00 ,0.00 ,0.00 ,0.00 ,6.25 ,0.00 ,0.00 ,,118155565.38,14.78,4.49,100.08 ,-79.09 ,-58.15 ,-58.47 ,14,4.20,8102,,,
ICNE11,Imóveis Residenciais,653.96,,0.95,11.89,0.00 ,0.00 ,0.00 ,1.68 ,0.00 ,0.00 ,0.14 ,7.64 ,0.00 ,0.00 ,,82867464.59,,,,,,,14,2.78,5,,,
ICRI11,Misto,86.20,778781.91,0.85,1.00,1.13 ,3.09 ,6.53 ,15.13 ,1.03 ,1.09 ,1.26 ,13.42 ,-4.05 ,-2.97 ,18.77 ,388420489.30,,,,,,,14,18.36,8603,,1.00  aa,
IDFI11,Indefinido,2.00,2592.80,1.25,1.56,78.04 ,0.00 ,0.00 ,0.00 ,0.00 ,0.00 ,0.00 ,1043.04 ,-54.34 ,-18.70 ,44259.43 ,3283391.87,1.60,1.25,269.79 ,-97.14 ,-89.43 ,-91.38 ,1,6.01,617,,,
IDGR11,Misto,1.50,332.83,16.67,0.09,5.99 ,0.00 ,0.00 ,5.99 ,0.00 ,0.00 ,0.50 ,5.99 ,-50.98 ,-48.04 ,-48.04 ,79368.95,,,,,,,1,78.49,171,,,
IDUA11,Imóveis Comerciais - Outros,64.42,,0.99,1.25,0.00 ,0.00 ,0.00 ,2.34 ,0.00 ,0.00 ,0.20 ,12.00 ,0.00 ,0.00 ,,26192582.34,,,,,,,14,2.00,1,,,
IFRA11,Indefinido,92.25,1509110.13,,0.85,0.89 ,2.69 ,6.61 ,13.25 ,0.90 ,1.10 ,1.10 ,12.09 ,-2.76 ,-1.89 ,19.10 ,,,,,,,,0,19.81,0,,0.85  aa,
IFRI11,Misto,99.00,1357411.13,,1.40,1.37 ,2.59 ,6.18 ,13.75 ,0.86 ,1.03 ,1.15 ,12.54 ,3.53 ,4.94 ,34.36 ,,,,,,,,0,17.20,0,,0.85  aa,
IMOV11,Indefinido,,,,0.09,0.00 ,0.00 ,0.00 ,0.00 ,0.00 ,0.00 ,0.00 ,0.00 ,0.00 ,0.00 ,,499442953.21,,,,,,,14,,13027,,1.50  aa,20.00  aa
INFA11,Outros,9.82,,,0.09,0.00 ,0.00 ,0.00 ,15.36 ,0.00 ,0.00 ,1.92 ,14.56 ,0.00 ,0.00 ,,,,,,,,,0,2.64,0,,,
INFB11,Indefinido,102.00,13365.93,,1.00,0.99 ,0.00 ,0.99 ,4.24 ,0.00 ,0.99 ,1.06 ,2.12 ,14.99 ,16.13 ,11.90 ,,,,,,,,0,88.95,0,,,
INLG11,Imóveis Industriais e Logísticos,74.23,109305.91,0.74,0.74,1.00 ,3.04 ,6.20 ,13.17 ,1.01 ,1.03 ,1.10 ,11.96 ,-0.82 ,0.18 ,26.61 ,453401442.64,,,,,,,5,15.59,16655,,0.46  aa,
INRD11,Fundo de Desenvolvimento,74.96,25930.70,0.63,0.66,0.88 ,2.65 ,5.25 ,11.11 ,0.88 ,0.88 ,0.93 ,10.17 ,1.46 ,2.35 ,32.50 ,134220770.26,,,,,,,5,20.85,6675,,1.00  aa,
IRDM11,Papéis,58.31,5267563.22,0.74,1.25,0.00 ,2.41 ,6.17 ,14.10 ,0.80 ,1.03 ,1.18 ,12.73 ,0.00 ,0.00 ,,2972355816.63,78.96,0.74,0.89 ,-14.91 ,-14.16 ,-10.72 ,1,15.23,265560,0.83  aa,0.17  aa,
IRIF11,Papéis,8.50,28328.26,,0.11,1.27 ,0.00 ,2.57 ,6.43 ,0.00 ,0.43 ,1.07 ,6.43 ,2.24 ,3.54 ,10.55 ,,,,,,,,0,34.43,0,,,
IRIM11,Indefinido,75.19,102815.39,0.90,0.76,1.00 ,3.29 ,7.08 ,15.49 ,1.10 ,1.18 ,1.29 ,14.05 ,14.10 ,15.24 ,57.14 ,160651859.39,83.67,0.90,0.86 ,-14.03 ,-13.29 ,-9.99 ,14,18.84,2672,0.83  aa,0.15  aa,
ISCJ11,Papéis,50.71,10174.00,0.30,1.60,3.16 ,73.25 ,74.22 ,110.63 ,24.42 ,12.37 ,9.22 ,115.01 ,20.74 ,24.55 ,19.18 ,32247797.88,,,,,,,14,330.99,69,,,
ITIP11,Papéis,64.09,25777.65,0.93,0.71,1.08 ,3.47 ,7.16 ,13.90 ,1.16 ,1.19 ,1.16 ,12.88 ,1.20 ,2.29 ,19.34 ,51034602.05,68.21,0.94,1.14 ,-14.83 ,-13.86 ,-11.81 ,14,13.53,8280,,,
ITIT11,Fundo de Fundos,68.17,64786.00,0.87,0.61,0.88 ,2.74 ,5.46 ,11.24 ,0.91 ,0.91 ,0.94 ,10.30 ,0.71 ,1.60 ,20.54 ,70264224.08,78.03,0.87,0.81 ,-1.18 ,-0.38 ,6.31 ,14,12.54,9894,,0.30  aa,
ITRI11,Shoppings,76.99,570578.61,0.83,0.82,1.04 ,3.13 ,6.28 ,12.73 ,1.04 ,1.05 ,1.06 ,11.63 ,-2.90 ,-1.89 ,21.71 ,583495804.86,,,,,,,14,16.78,13544,,1.20  aa,-1.00  aa
IVCI11,Papéis,96.86,,0.98,2.10,0.00 ,0.00 ,0.00 ,8.33 ,0.00 ,0.00 ,0.76 ,5.17 ,0.00 ,0.00 ,,49422764.22,,,,,,,0,1.11,16,,,
JASC11,Imóveis Comerciais - Outros,105.00,31554.17,0.93,0.69,0.69 ,0.69 ,1.33 ,5.06 ,0.69 ,0.22 ,0.42 ,3.85 ,0.00 ,0.00 ,,395181019.71,,,,,,,19,45.01,167,,,
JBFO11,Papéis,15.03,82.00,1.94,7.77,0.00 ,0.00 ,0.00 ,111.75 ,0.00 ,0.00 ,9.31 ,0.77 ,0.00 ,0.00 ,,9919792.95,,,,,,,14,117.23,369,,,
JCCJ11,Papéis,152.60,29434.79,0.85,0.36,0.22 ,0.43 ,0.66 ,2.39 ,0.43 ,0.66 ,0.20 ,1.80 ,0.00 ,0.00 ,,315131527.82,,,,,,,14,29.22,118,,,
JCIN11,Fundo de Fundos,148.90,9973769.00,0.94,1.06,0.00 ,0.00 ,0.00 ,2.34 ,0.00 ,0.00 ,0.20 ,1.52 ,0.00 ,0.00 ,,208320850.76,,,,,,,14,22.66,6,,,
JFLL11,Imóveis Residenciais,70.69,10945.17,0.65,0.80,1.16 ,2.93 ,5.00 ,9.60 ,0.98 ,0.83 ,0.80 ,9.60 ,1.19 ,2.37 ,11.03 ,159307954.78,106.16,0.67,0.38 ,5.13 ,5.53 ,14.67 ,233,17.83,2469,,1.15  aa,
JGPX11,Indefinido,66.00,456501.57,0.67,1.20,1.84 ,5.24 ,8.89 ,15.01 ,1.75 ,1.48 ,1.25 ,14.01 ,-11.05 ,-9.41 ,36.56 ,205972530.49,96.19,0.69,1.27 ,0.23 ,1.50 ,12.54 ,0,33.85,5684,1.00  aa,0.18  aa,20.00  aa
JMBI11,Outros,82.67,669481.26,,1.16,1.34 ,1.34 ,5.55 ,12.26 ,0.45 ,0.93 ,1.11 ,12.26 ,2.82 ,4.20 ,19.32 ,,,,,,,,0,36.70,0,,1.25  aa,20.00  aa
JPPA11,Papéis,77.27,68293.83,0.79,1.06,1.35 ,4.00 ,8.30 ,17.42 ,1.33 ,1.38 ,1.45 ,15.95 ,-1.74 ,-0.42 ,28.57 ,89024870.19,98.47,0.78,1.08 ,0.15 ,1.23 ,13.92 ,14,14.22,6534,,1.05  aa,20.00  aa
JSAF11,Fundo de Fundos,7.35,1455192.78,0.82,0.09,1.15 ,3.42 ,7.01 ,14.86 ,1.14 ,1.17 ,1.24 ,13.62 ,-2.76 ,-1.64 ,15.75 ,694568518.90,8.96,0.82,0.95 ,-90.46 ,-90.37 ,-89.61 ,14,23.06,23161,1.00  aa,,20.00  aa
JSCR11,Papéis,8.01,217543.43,0.87,0.10,1.18 ,3.52 ,6.98 ,39.19 ,1.17 ,1.16 ,3.27 ,25.28 ,-1.22 ,-0.06 ,43.46 ,206866481.89,,,,,,,14,27.54,3557,,1.00  aa,10.00  aa
JSRE11,Misto,65.15,1267123.70,0.62,0.48,0.76 ,2.30 ,4.54 ,9.76 ,0.77 ,0.76 ,0.81 ,8.87 ,1.97 ,2.74 ,28.02 ,2119344809.75,102.05,0.64,0.47 ,-9.67 ,-9.24 ,-5.27 ,6,18.21,85833,,1.00  aa,20.00  aa
JURO11,Indefinido,97.58,2673294.26,,1.00,1.01 ,3.01 ,6.10 ,11.88 ,1.00 ,1.02 ,0.99 ,10.81 ,-3.20 ,-2.22 ,18.74 ,,,,,,,,0,15.74,0,,1.00  aa,
KCRE11,Indefinido,8.36,314235.91,0.90,0.08,0.93 ,3.03 ,7.16 ,14.64 ,1.01 ,1.19 ,1.22 ,13.64 ,-0.35 ,0.58 ,22.98 ,336127365.83,9.34,0.90,0.96 ,-90.46 ,-90.37 ,-90.26 ,14,15.86,15958,,1.20  aa,
KDIF11,Indefinido,120.94,2659865.04,,1.30,1.05 ,2.91 ,5.82 ,12.53 ,0.97 ,0.97 ,1.04 ,11.48 ,0.33 ,1.39 ,20.41 ,,,,,,,,0,17.03,0,,1.11  aa,
KDOL11,Misto,93.00,86790.67,0.96,0.50,0.54 ,1.55 ,3.03 ,6.06 ,0.52 ,0.51 ,0.55 ,5.53 ,0.00 ,0.54 ,-0.54 ,65534043.21,97.67,0.95,0.45 ,0.00 ,0.00 ,0.00 ,0,21.40,1770,,1.00  aa,
KEVE11,Fundo de Desenvolvimento,846.01,295.33,1.44,34.53,0.00 ,0.00 ,0.00 ,19.89 ,0.00 ,0.00 ,1.66 ,8.59 ,0.00 ,0.00 ,,86810393.86,557.95,1.52,6.19 ,-40.15 ,-36.44 ,-38.89 ,14,132.76,438,,1.45  aa,20.00  aa
KFEN11,Indefinido,1100.00,1571.43,1.18,7.96,0.00 ,0.00 ,0.00 ,4.40 ,0.00 ,0.00 ,0.49 ,4.40 ,0.00 ,0.00 ,,167140640.88,,,,,,,14,31.84,129,,,
KFOF11,Fundo de Fundos,81.62,493334.57,0.90,0.80,0.98 ,2.99 ,5.82 ,12.31 ,1.00 ,0.97 ,1.03 ,11.24 ,2.14 ,3.15 ,30.46 ,632959650.68,90.24,0.90,0.89 ,-0.69 ,0.19 ,5.77 ,14,16.37,29728,,0.92  aa,20.00  aa
KINP11,Fundo de Desenvolvimento,10.00,38394.20,0.16,2.90,0.00 ,0.00 ,0.00 ,0.00 ,0.00 ,0.00 ,0.00 ,19.95 ,0.00 ,0.00 ,,118155565.38,,,0.00 ,-100.00 ,0.00 ,0.00 ,14,12.74,8102,,,
KISU11,Fundo de Fundos,6.78,288284.35,0.82,0.07,1.03 ,3.09 ,6.16 ,12.47 ,1.03 ,1.03 ,1.04 ,11.45 ,-0.88 ,0.14 ,15.82 ,360911025.15,8.07,0.84,0.87 ,-7.45 ,-6.65 ,-4.50 ,14,16.16,102625,,0.60  aa,
KIVO11,Papéis,61.29,164193.96,0.72,0.85,1.36 ,4.20 ,8.92 ,18.46 ,1.40 ,1.49 ,1.54 ,17.03 ,-2.37 ,-1.04 ,17.32 ,190071981.38,,,,,,,14,22.27,6758,,1.15  aa,10.00  aa
KNCA11,Indefinido,95.05,1886962.48,0.93,1.15,1.20 ,3.47 ,7.23 ,14.82 ,1.16 ,1.21 ,1.24 ,13.74 ,0.96 ,2.17 ,31.53 ,2193692116.98,101.56,0.94,1.13 ,-0.61 ,0.51 ,11.84 ,0,17.97,80629,1.20  aa,,
KNCR11,Papéis,104.53,9214033.39,1.03,1.33,1.26 ,3.82 ,7.48 ,14.03 ,1.27 ,1.25 ,1.17 ,13.02 ,0.81 ,2.08 ,27.62 ,7801759494.62,101.97,1.03,1.32 ,1.21 ,2.55 ,16.08 ,14,9.91,444401,1.00  aa,,
KNHF11,Indefinido,91.46,2251453.48,0.92,1.00,1.07 ,3.21 ,6.54 ,13.41 ,1.07 ,1.09 ,1.12 ,12.25 ,-1.99 ,-0.94 ,36.17 ,1961209345.53,,,,,,,6,16.99,50223,,1.20  aa,
KNHY11,Papéis,98.28,2348444.48,1.00,1.00,1.00 ,3.26 ,7.22 ,14.87 ,1.09 ,1.20 ,1.24 ,13.73 ,-1.01 ,-0.02 ,25.25 ,3038831120.34,98.10,1.00,1.33 ,0.36 ,1.69 ,14.86 ,14,11.16,25998,,1.60  aa,
KNIP11,Papéis,85.87,6869434.09,0.94,0.62,0.70 ,2.19 ,5.18 ,12.47 ,0.73 ,0.86 ,1.04 ,11.38 ,0.28 ,0.99 ,19.83 ,7306529480.65,91.24,0.94,0.77 ,-2.79 ,-2.05 ,6.93 ,14,10.88,72162,,1.00  aa,
KNOX11,Indefinido,101.13,520625.70,,2.64,2.68 ,0.00 ,2.68 ,8.58 ,0.00 ,0.45 ,0.72 ,2.68 ,6.21 ,9.06 ,9.06 ,,,,,,,,0,19.20,0,,,
KNPR11,Indefinido,,,,3.30,0.00 ,0.00 ,0.00 ,0.00 ,0.00 ,0.00 ,0.00 ,0.00 ,0.00 ,0.00 ,,55332948.28,,,,,,,14,,594,,,
KNRE11,Fundo de Desenvolvimento,0.32,1265.26,0.47,0.00,1.68 ,0.00 ,1.68 ,338.66 ,0.00 ,0.28 ,28.22 ,338.66 ,575.00 ,586.34 ,1099.67 ,11785883.14,0.76,0.42,9.22 ,0.00 ,9.22 ,0.46 ,14,369.70,5854,,0.04  aa,20.00  aa
KNRI11,Misto,147.00,3349961.39,0.89,1.00,0.68 ,2.07 ,4.18 ,8.79 ,0.69 ,0.70 ,0.73 ,7.98 ,0.07 ,0.75 ,29.86 ,4606086252.04,163.31,0.90,0.61 ,2.17 ,2.80 ,11.38 ,20,15.10,299922,1.11  aa,,
KNSC11,Papéis,8.65,3290981.39,0.98,0.09,1.03 ,3.19 ,6.51 ,13.66 ,1.06 ,1.09 ,1.14 ,12.63 ,-0.34 ,0.69 ,27.48 ,1770387590.08,8.76,0.99,1.03 ,-90.06 ,-89.96 ,-88.90 ,14,14.74,230776,1.20  aa,,
KNUQ11,Indefinido,103.20,2913609.52,1.01,1.25,1.19 ,3.72 ,7.90 ,15.35 ,1.24 ,1.32 ,1.28 ,14.27 ,0.15 ,1.34 ,30.51 ,2179657621.20,,,,,,,14,10.92,41290,,1.40  aa,
KOPA11,Indefinido,708.98,257669.00,0.81,10.00,1.25 ,6.71 ,13.61 ,25.59 ,2.24 ,2.27 ,2.13 ,33.73 ,-5.11 ,-3.92 ,74.95 ,283743647.41,800.01,0.89,1.25 ,0.00 ,0.00 ,0.00 ,0,25.38,3383,,2.00  aa,20.00  aa
KORE11,Lajes Corporativas,68.18,1590311.52,0.64,1.25,1.78 ,5.28 ,10.02 ,20.19 ,1.76 ,1.67 ,1.68 ,18.46 ,-3.60 ,-1.89 ,16.53 ,1019301616.47,,,,,,,4,22.67,27501,,1.06  aa,
KRES11,Misto,,,,0.00,0.00 ,0.00 ,0.00 ,0.00 ,0.00 ,0.00 ,0.00 ,0.00 ,0.00 ,0.00 ,,234121530.01,,,,,,,1,,131,,,
LAFI11,Misto,120.53,31107.00,1.04,3.84,0.00 ,0.00 ,4.30 ,12.22 ,0.00 ,2.15 ,6.11 ,12.22 ,0.00 ,0.00 ,,89281817.89,111.46,1.08,4.43 ,0.00 ,0.00 ,0.00 ,0,42.31,1270,,,
LASC11,Shoppings,96.92,1217594.26,0.77,0.69,0.70 ,2.27 ,13.49 ,17.77 ,0.76 ,2.25 ,1.48 ,17.77 ,-0.12 ,0.58 ,28.31 ,380409884.01,129.38,0.75,4.43 ,20.96 ,26.32 ,26.86 ,2,58.19,452,,1.07  aa,20.00  aa
LAVF11,Indefinido,,,,1.30,0.00 ,0.00 ,0.00 ,0.00 ,0.00 ,0.00 ,0.00 ,0.00 ,0.00 ,0.00 ,,118155565.38,,,,,,,14,,8102,,,
LFTT11,Papéis,2.10,598719.00,0.04,0.21,0.00 ,0.00 ,79.27 ,80801779.68 ,0.00 ,13.21 ,6733481.64 ,187.89 ,0.00 ,0.00 ,,33927760.16,51.02,0.04,0.41 ,27.42 ,27.95 ,-54.91 ,51,275.44,8,,,
LGCP11,Imóveis Industriais e Logísticos,82.95,163106.04,0.65,0.80,1.13 ,3.17 ,5.76 ,10.78 ,1.06 ,0.96 ,0.90 ,10.78 ,-7.22 ,-6.17 ,-7.05 ,457171677.92,101.32,0.82,0.79 ,-1.43 ,-0.65 ,7.48 ,5,9.47,19183,,0.46  aa,
LIFE11,Imóveis Comerciais - Outros,8.16,366269.61,0.83,0.12,1.44 ,4.26 ,8.42 ,17.72 ,1.42 ,1.40 ,1.48 ,16.11 ,-1.30 ,0.12 ,16.09 ,370833126.75,,,,,,,14,26.64,18532,,1.38  aa,20.00  aa
LLAO11,Misto,57.20,57.00,1.12,7.31,11.32 ,0.00 ,0.00 ,13.43 ,0.00 ,0.00 ,1.92 ,11.32 ,-2.11 ,8.97 ,8.97 ,18438127.93,,,,,,,12,30.12,78,,,
LOFT11B,Fundo de Desenvolvimento,29.90,,33.98,47.90,0.00 ,0.00 ,0.00 ,0.00 ,0.00 ,0.00 ,0.00 ,142.96 ,0.00 ,0.00 ,,1717387.25,,,,,,,2,,8,,,
LPLP11,Indefinido,260.88,950103.00,0.69,0.07,0.00 ,0.00 ,0.00 ,1.16 ,0.00 ,0.00 ,0.10 ,11.25 ,0.00 ,0.00 ,,281433091.88,,,,,,,14,84.94,27,,,
LRDI11,Indefinido,119.50,423.00,1.49,3.24,0.00 ,0.00 ,13.52 ,13.52 ,0.00 ,6.76 ,6.76 ,13.52 ,0.00 ,0.00 ,,29665237.52,,,,,,,14,158.92,100,,,
LSAG11,Indefinido,76.95,35630.52,0.77,1.02,1.32 ,4.44 ,8.99 ,18.75 ,1.48 ,1.50 ,1.56 ,18.75 ,2.44 ,3.79 ,42.03 ,99412667.01,98.49,0.78,1.12 ,0.00 ,0.00 ,0.00 ,0,19.75,2776,,1.47  aa,
LSOI11,Misto,12.26,87738.50,1.03,0.10,0.00 ,0.00 ,0.00 ,0.00 ,0.00 ,0.00 ,0.00 ,0.00 ,0.00 ,0.00 ,,63871746.34,,,,,,,2,,27,,,
LSPA11,Papéis,24.01,453.61,1.15,20.85,86.84 ,0.00 ,0.00 ,90.52 ,0.00 ,0.00 ,7.54 ,299.45 ,0.00 ,86.84 ,153.73 ,8473824.04,,,,,,,14,60.37,727,,,
LTMT11,Imóveis Residenciais,98.42,42025.00,1.00,8.38,8.80 ,0.00 ,0.00 ,0.00 ,0.00 ,0.00 ,0.00 ,8.80 ,0.00 ,0.00 ,,15395644.80,,,,,,,1,16.14,109,,,
LUGG11,Imóveis Residenciais,72.82,23956.00,0.55,0.59,0.88 ,2.59 ,5.08 ,9.23 ,0.86 ,0.85 ,0.77 ,9.23 ,-3.20 ,-2.35 ,-10.08 ,132968746.75,117.60,0.62,0.51 ,-7.97 ,-7.50 ,-0.34 ,5,10.07,7962,,1.00  aa,
LVBI11,Imóveis Industriais e Logísticos,105.98,2971086.70,0.91,0.75,0.71 ,2.13 ,4.36 ,9.52 ,0.71 ,0.73 ,0.79 ,8.61 ,-3.21 ,-2.52 ,26.26 ,1896600315.61,117.67,0.90,0.64 ,1.88 ,2.53 ,7.79 ,11,18.24,128386,0.80  aa,,
MALL11,Shoppings,99.90,1230798.43,0.82,0.86,0.85 ,2.54 ,5.27 ,10.16 ,0.85 ,0.88 ,0.85 ,6.13 ,1.45 ,2.31 ,17.74 ,1694865745.73,121.22,0.82,0.70 ,1.09 ,1.80 ,18.43 ,11,12.50,129577,0.50  aa,,
MANA11,Indefinido,8.73,765428.35,0.94,0.11,1.24 ,3.73 ,7.56 ,15.95 ,1.24 ,1.26 ,1.33 ,14.49 ,-1.34 ,-0.11 ,36.24 ,349492784.97,,,,,,,14,14.32,30325,,1.00  aa,20.00  aa
MATV11,Indefinido,86.63,13027.43,1.36,0.60,0.73 ,0.00 ,0.00 ,0.00 ,0.00 ,0.00 ,0.00 ,3.11 ,-1.41 ,-0.69 ,-1.08 ,118155565.38,91.09,0.95,0.66 ,-1.89 ,-1.24 ,-0.18 ,1,0.37,8102,,,
MAXR11,Varejo,63.04,38094.74,0.63,0.19,0.29 ,1.49 ,3.34 ,17.03 ,0.50 ,0.56 ,1.42 ,6.02 ,1.03 ,1.32 ,17.46 ,115179341.62,102.21,0.62,0.44 ,-16.96 ,-16.59 ,-10.43 ,7,17.42,4122,,0.30  aa,
MBRF11,Lajes Corporativas,,,,0.50,0.00 ,0.00 ,0.00 ,0.00 ,0.00 ,0.00 ,0.00 ,0.00 ,0.00 ,0.00 ,,,1136.01,,0.88 ,-0.17 ,0.71 ,10.03 ,0,,0,,,
MCCI11,Papéis,87.10,2279074.13,0.95,1.00,1.13 ,3.33 ,6.65 ,13.60 ,1.11 ,1.11 ,1.13 ,12.46 ,-3.51 ,-2.42 ,41.73 ,1579926195.16,93.16,0.93,1.07 ,0.71 ,1.79 ,6.52 ,14,16.03,111023,0.80  aa,0.20  aa,20.00  aa
MCEM11,Shoppings,65.00,101510.06,1.71,0.67,1.03 ,3.07 ,5.31 ,5.31 ,1.02 ,0.89 ,0.89 ,5.31 ,-0.71 ,0.31 ,31.31 ,114532364.28,,,,,,,14,538.43,200,,1.30  aa,20.00  aa
MCHF11,Papéis,9.10,1778820.09,0.14,2.59,0.00 ,0.00 ,0.00 ,0.00 ,0.00 ,0.00 ,0.00 ,1.51 ,0.00 ,0.00 ,,118155565.38,10.38,0.88,0.67 ,9.15 ,9.88 ,12.93 ,1,7.84,8102,0.77  aa,0.18  aa,20.00  aa
MCHY11,Papéis,8.58,4789731.61,0.72,0.10,1.39 ,3.81 ,7.19 ,13.89 ,1.27 ,1.20 ,1.16 ,13.89 ,-12.22 ,-11.00 ,-21.94 ,1060212799.64,9.50,0.90,1.05 ,-90.53 ,-90.43 ,-89.35 ,1,26.95,93666,1.10  aa,0.20  aa,20.00  aa
MCLO11,Imóveis Industriais e Logísticos,10.49,215354.13,0.75,0.08,0.00 ,1.68 ,3.62 ,3.62 ,0.56 ,0.60 ,0.52 ,3.62 ,0.00 ,0.00 ,,1712845149.77,,,,,,,5,28.87,207,,,
MCRE11,Papéis,8.80,1718101.22,0.87,0.11,1.24 ,3.79 ,7.68 ,16.31 ,1.26 ,1.28 ,1.36 ,13.38 ,0.57 ,1.82 ,58.18 ,1131826368.88,,,,,,,1,17.45,84253,1.10  aa,0.20  aa,20.00  aa
MFAI11,Fundo de Fundos,69.98,11326.82,0.99,34.18,48.84 ,0.00 ,0.00 ,48.84 ,0.00 ,0.00 ,4.07 ,56.24 ,2.66 ,52.79 ,89.75 ,27463042.22,,,0.00 ,-100.00 ,0.00 ,0.00 ,14,0.02,2301,,1.00  aa,20.00  aa
MFII11,Fundo de Desenvolvimento,76.38,854006.04,0.74,1.07,1.40 ,4.05 ,8.11 ,16.62 ,1.35 ,1.35 ,1.39 ,15.22 ,-4.82 ,-3.49 ,6.35 ,620062987.41,104.00,0.73,1.02 ,-1.64 ,-0.63 ,9.86 ,1,21.83,32641,,2.00  aa,20.00  aa
MGCR11,Papéis,9.40,259145.59,0.15,0.33,0.00 ,0.00 ,0.00 ,0.00 ,0.00 ,0.00 ,0.00 ,8.00 ,0.00 ,0.00 ,,118155565.38,9.78,0.96,1.02 ,-89.08 ,-88.97 ,-88.55 ,14,14.56,8102,,,
MGFF11,Fundo de Fundos,69.99,2558695.75,1.10,4.26,0.00 ,0.00 ,0.00 ,0.00 ,0.00 ,0.00 ,0.00 ,0.00 ,0.00 ,0.00 ,,118155565.38,73.54,0.95,0.71 ,2.57 ,3.29 ,-0.09 ,14,8.07,8102,,0.20  aa,20.00  aa
MGHT11,Hotéis,16.80,18887.13,0.72,0.13,0.42 ,0.00 ,0.00 ,0.00 ,0.00 ,0.00 ,0.00 ,7.24 ,-14.42 ,-14.07 ,-21.90 ,30437892.88,50.81,0.33,0.26 ,-40.63 ,-40.48 ,-43.69 ,1,50.26,4019,,1.20  aa,20.00  aa
MGLG11,Imóveis Industriais e Logísticos,40.99,55314.19,0.55,0.35,0.86 ,2.58 ,4.56 ,11.69 ,0.86 ,0.76 ,0.97 ,0.86 ,-3.60 ,-2.77 ,-2.77 ,116088485.68,61.55,0.67,0.57 ,57.54 ,58.43 ,-18.62 ,2,27.79,3712,,1.00  aa,
MGRI11,Indefinido,58.18,,0.95,1.12,0.00 ,0.00 ,0.00 ,14.86 ,0.00 ,0.00 ,1.24 ,12.42 ,0.00 ,0.00 ,,17598681.39,,,,,,,1,3.52,1,0.85  aa,0.14  aa,
MINT11,Educacional,96.50,2171.20,0.99,14.67,15.20 ,0.00 ,0.00 ,15.20 ,0.00 ,0.00 ,7.60 ,19.77 ,-5.85 ,8.46 ,14.95 ,50527673.91,,,,,,,3,6.46,94,0.80  aa,0.15  aa,
MMPD11,Indefinido,,,,0.98,0.00 ,0.00 ,0.00 ,0.00 ,0.00 ,0.00 ,0.00 ,0.00 ,0.00 ,0.00 ,,59165034.36,,,,,,,14,,102,,,
MORE11,Fundo de Fundos,76.21,1327577.67,1.19,6.02,0.00 ,0.00 ,0.00 ,0.00 ,0.00 ,0.00 ,0.00 ,0.00 ,0.00 ,0.00 ,,118155565.38,86.87,0.88,0.81 ,4.88 ,5.72 ,2.91 ,14,2.67,8102,,1.00  aa,20.00  aa
MXRF11,Papéis,9.62,6534314.48,1.02,0.10,1.04 ,3.10 ,6.30 ,12.89 ,1.03 ,1.05 ,1.07 ,11.72 ,-1.13 ,-0.10 ,27.10 ,4117015862.52,9.41,1.02,1.06 ,-6.92 ,-5.93 ,-0.44 ,3,11.00,1331737,,0.90  aa,
NAVT11,Papéis,68.52,46555.00,0.80,0.75,1.07 ,3.22 ,6.59 ,13.94 ,1.07 ,1.10 ,1.16 ,11.36 ,0.82 ,1.90 ,36.23 ,53205133.08,86.90,0.79,0.86 ,-2.99 ,-2.15 ,-1.03 ,14,32.98,2505,,1.00  aa,20.00  aa
NCHB11,Papéis,7.97,63111.70,0.82,0.11,1.34 ,4.06 ,7.73 ,15.13 ,1.35 ,1.29 ,1.26 ,4.06 ,11.10 ,12.58 ,10.18 ,148979591.77,9.75,0.82,1.02 ,-89.12 ,-89.01 ,-88.60 ,14,17.09,11451,,1.10  aa,
NCRI11,Papéis,8.64,2259.30,0.86,0.10,1.16 ,3.48 ,7.23 ,15.37 ,1.16 ,1.21 ,1.28 ,14.00 ,-3.59 ,-2.47 ,35.21 ,39409281.88,,,,,,,1,39.56,1208,,,
NELO11,Logística,,,,11.40,0.00 ,0.00 ,0.00 ,0.00 ,0.00 ,0.00 ,0.00 ,0.00 ,0.00 ,0.00 ,,437313255.98,996.84,,3.66 ,0.00 ,0.00 ,0.00 ,57,,2,,,
NEWL11,Imóveis Industriais e Logísticos,104.39,199903.70,0.81,0.95,0.92 ,2.73 ,5.50 ,11.70 ,0.91 ,0.92 ,0.98 ,10.72 ,-2.37 ,-1.47 ,18.34 ,366022809.92,130.25,0.80,0.73 ,8.46 ,9.25 ,24.68 ,3,15.11,9852,,0.95  aa,20.00  aa
NEWU11,Lajes Corporativas,101.94,14567.88,1.19,0.25,0.00 ,0.42 ,0.84 ,1.44 ,0.42 ,0.84 ,0.12 ,1.35 ,0.00 ,0.00 ,,62174930.59,83.79,1.22,0.24 ,20.37 ,20.66 ,29.30 ,3,49.08,1085,,,
NEXG11,Agricultura,111.16,79410.05,1.18,1.10,0.93 ,2.48 ,4.77 ,8.96 ,0.83 ,0.80 ,0.75 ,8.46 ,-10.60 ,-9.77 ,9.95 ,70320195.66,100.67,1.10,0.99 ,0.00 ,0.00 ,0.00 ,0,28.08,649,1.00  aa,0.16  aa,20.00  aa
NSLU11,Hospitalar,210.98,221220.26,0.99,1.64,0.77 ,2.47 ,5.44 ,11.95 ,0.82 ,0.91 ,1.00 ,10.88 ,3.72 ,4.52 ,63.16 ,272110207.72,210.40,1.00,0.77 ,5.77 ,6.58 ,13.09 ,1,23.10,5245,,2.50  aa,
NUIF11,Indefinido,91.74,100942.00,,1.35,1.43 ,3.96 ,7.91 ,15.34 ,1.32 ,1.32 ,1.28 ,13.02 ,-0.71 ,0.71 ,27.60 ,,,,,,,,0,30.10,0,,,
NVHO11,Hospitalar,12.30,1118.85,0.73,0.09,0.00 ,2.22 ,4.32 ,8.85 ,0.74 ,0.72 ,0.74 ,8.85 ,0.00 ,0.00 ,,690075364.80,16.63,0.74,0.52 ,19.21 ,19.83 ,40.21 ,4,61.63,1796,,,
NVIF11B,Fundo de Desenvolvimento,227.50,,0.86,1.11,0.00 ,0.00 ,0.00 ,0.00 ,0.00 ,0.00 ,0.00 ,0.00 ,0.00 ,0.00 ,,88829544.94,263.28,0.86,0.42 ,-15.74 ,-15.38 ,5.40 ,2,,7,,,
NVRP11,Indefinido,170.00,23800.00,,64.73,107.40 ,0.00 ,0.00 ,107.40 ,0.00 ,0.00 ,107.40 ,107.40 ,0.00 ,0.00 ,,,,,,,,,0,133.95,0,,,
OBAL11,Imóveis Residenciais,1095.00,1095.00,0.80,81.96,0.00 ,0.00 ,0.00 ,7.34 ,0.00 ,0.00 ,3.67 ,7.34 ,0.00 ,0.00 ,,193583725.83,,,,,,,4,20.12,108,,,
OCRE11,Papéis,90.00,8396.00,0.58,0.65,0.00 ,1.39 ,3.91 ,8.71 ,0.46 ,0.65 ,0.73 ,7.56 ,0.00 ,0.00 ,,64634620.99,,,,,,,1,76.76,466,,,
OGHY11,Indefinido,8.72,22847.10,0.14,9.40,0.00 ,0.00 ,0.00 ,0.00 ,0.00 ,0.00 ,0.00 ,0.99 ,0.00 ,0.00 ,,118155565.38,,,,,,,14,57.14,8102,,,
OGIN11,Misto,7.79,88433.00,,0.10,1.19 ,2.31 ,4.83 ,8.29 ,0.77 ,0.81 ,0.69 ,6.91 ,4.86 ,6.11 ,-4.37 ,,,,,,,,0,22.18,0,,,
OIAG11,Indefinido,8.20,139949.00,0.83,0.12,1.40 ,4.22 ,8.54 ,17.52 ,1.41 ,1.42 ,1.46 ,16.00 ,-0.93 ,0.46 ,52.77 ,88836435.01,9.83,0.83,1.17 ,0.00 ,0.00 ,0.00 ,0,17.83,13098,,1.10  aa,20.00  aa
ONDV11,Exploração de Imóveis,10.33,1047.61,0.86,0.13,1.25 ,3.77 ,3.77 ,3.77 ,1.26 ,0.63 ,0.47 ,3.77 ,-0.29 ,0.96 ,3.91 ,12038826.49,,,,,,,14,40.70,319,,,
ONEF11,Lajes Corporativas,200.03,114431.47,3.13,2.85,0.00 ,0.00 ,0.00 ,0.00 ,0.00 ,0.00 ,0.00 ,0.00 ,0.00 ,0.00 ,,118155565.38,182.79,1.09,17.78 ,-9.26 ,6.88 ,30.26 ,14,9.40,8102,,,
OPTM11,Misto,,,,0.14,0.00 ,0.00 ,0.00 ,0.00 ,0.00 ,0.00 ,0.00 ,0.00 ,0.00 ,0.00 ,,4942727.03,,,,,,,1,,14,,,
ORPD11,Fundo de Desenvolvimento,93.00,402.75,0.66,1.38,0.00 ,0.00 ,0.00 ,0.00 ,0.00 ,0.00 ,0.00 ,0.00 ,0.00 ,0.00 ,,40988624.14,124.68,0.75,1.11 ,0.95 ,2.06 ,2.06 ,14,24.80,6,,,
OUFF11,Fundo de Fundos,61.10,264340.11,0.96,0.76,1.25 ,0.00 ,0.00 ,0.00 ,0.00 ,0.00 ,0.00 ,7.10 ,-1.44 ,-0.20 ,-4.01 ,118155565.38,78.55,0.78,0.96 ,3.49 ,4.49 ,11.00 ,1,0.13,8102,,0.35  aa,30.00  aa
OUJP11,Papéis,75.82,287913.30,0.75,1.05,1.38 ,4.24 ,8.67 ,17.43 ,1.41 ,1.45 ,1.45 ,16.12 ,-0.14 ,1.23 ,29.49 ,325930863.74,100.21,0.76,1.00 ,0.32 ,1.32 ,16.44 ,14,17.30,26918,,1.05  aa,20.00  aa
OULG11,Imóveis Industriais e Logísticos,25.98,573407.96,0.55,15.52,37.02 ,37.71 ,37.71 ,40.04 ,12.57 ,6.29 ,3.34 ,40.04 ,9.20 ,49.62 ,85.89 ,121411182.30,61.67,0.42,0.03 ,-7.83 ,-7.80 ,-14.65 ,1,45.56,3320,,1.00  aa,
OURE11,Misto,78.20,224923.68,1.23,1.09,1.39 ,0.00 ,0.00 ,0.00 ,0.00 ,0.00 ,0.00 ,8.68 ,3.84 ,5.28 ,19.42 ,118155565.38,100.43,0.78,1.08 ,10.33 ,11.52 ,23.93 ,1,6.17,8102,,0.95  aa,25.00  aa
PABY11,Fundo de Desenvolvimento,10.31,58.62,0.23,0.13,,,,,,,,,,,,-24156440.71,251.42,0.04,0.00 ,1.74 ,1.74 ,5.49 ,15,47.85,494,,,
PATA11,Misto,10.18,18044.38,1.06,0.92,9.02 ,11.01 ,13.79 ,20.69 ,3.67 ,2.30 ,1.72 ,19.67 ,-0.49 ,8.49 ,18.20 ,17105213.29,,,,,,,14,82.22,287,,,
PATB11,Lajes Corporativas,,,,3.69,0.00 ,0.00 ,0.00 ,0.00 ,0.00 ,0.00 ,0.00 ,0.00 ,0.00 ,0.00 ,,841513589.38,,,,,,,3,,1,,,
PATC11,Fundo de Desenvolvimento,41.97,21957.23,1.02,0.05,0.12 ,0.38 ,1.09 ,3.67 ,0.38 ,0.18 ,0.31 ,3.23 ,6.18 ,6.30 ,27.06 ,143140604.46,41.16,1.02,0.12 ,-46.12 ,-46.05 ,-48.49 ,4,14.15,5037,,1.18  aa,
PATL11,Imóveis Industriais e Logísticos,60.73,410183.48,0.62,0.57,0.94 ,2.85 ,6.40 ,14.28 ,0.95 ,1.07 ,1.19 ,12.92 ,1.17 ,2.12 ,64.37 ,484350198.39,97.03,0.63,0.59 ,-1.11 ,-0.53 ,6.93 ,4,24.28,25657,,1.13  aa,
PCAS11,Indefinido,,,,28.57,0.00 ,0.00 ,0.00 ,0.00 ,0.00 ,0.00 ,0.00 ,0.00 ,0.00 ,0.00 ,,268479782.83,,,,,,,4,,100,,,
PCIP11,Papéis,79.68,1626106.57,0.89,0.90,1.10 ,3.35 ,7.09 ,15.17 ,1.12 ,1.18 ,1.26 ,13.90 ,-1.02 ,0.06 ,32.65 ,1579141666.56,,,,,,,0,18.84,113265,0.90  aa,0.10  aa,
PEMA11,Papéis,43.90,1561.88,0.64,1.54,4.86 ,7.93 ,9.81 ,24.46 ,2.64 ,1.64 ,2.04 ,21.57 ,0.16 ,5.03 ,7.73 ,33318658.16,,,,,,,14,129.40,291,,,
PFIN11,Indefinido,76.59,1228930.04,,0.75,0.99 ,0.99 ,1.97 ,4.01 ,0.99 ,0.33 ,0.33 ,1.97 ,-1.14 ,-0.16 ,21.29 ,,,,,,,,0,18.35,0,,0.60  aa,
PICE11,Indefinido,31.98,31774.70,,0.50,1.35 ,1.35 ,1.35 ,2.51 ,0.45 ,0.23 ,0.21 ,2.51 ,7.50 ,8.95 ,1.37 ,,,,,,,,0,40.57,0,,1.30  aa,
PLAG11,Indefinido,48.81,141791.61,0.80,0.48,0.98 ,2.89 ,5.88 ,12.45 ,0.96 ,0.98 ,1.04 ,11.38 ,-3.77 ,-2.82 ,34.03 ,336205892.48,,,,,,,12,10.30,15376,,1.00  aa,
PLCA11,Indefinido,70.09,33091.91,0.73,1.00,1.40 ,4.22 ,8.51 ,16.61 ,1.41 ,1.42 ,1.38 ,15.14 ,0.42 ,1.83 ,32.02 ,53473303.15,96.00,0.73,1.04 ,0.00 ,0.00 ,0.00 ,0,16.11,2515,,1.15  aa,10.00  aa
PLCR11,Papéis,78.20,864020.00,0.94,5.23,0.00 ,0.00 ,2.32 ,9.62 ,0.00 ,0.39 ,0.80 ,8.48 ,0.00 ,0.00 ,,175914246.15,83.40,0.94,1.08 ,-8.04 ,-7.05 ,2.32 ,1,22.16,14034,,1.20  aa,
PLOG11,Imóveis Industriais e Logísticos,66.71,70165.04,0.63,0.70,0.99 ,3.05 ,6.10 ,12.13 ,1.02 ,1.02 ,1.01 ,4.09 ,2.01 ,3.02 ,0.55 ,79648071.76,100.39,0.66,0.75 ,-0.02 ,0.72 ,8.77 ,1,16.63,3284,,,
PLRI11,Papéis,8.41,3137.50,0.68,0.11,0.88 ,0.00 ,0.88 ,34.57 ,0.00 ,0.88 ,2.88 ,34.57 ,-20.67 ,-19.97 ,32.02 ,14066834.64,14.69,0.57,0.75 ,-54.32 ,-53.98 ,-60.85 ,1,116.20,845,,,
PMFO11,Misto,88.16,83.50,1.00,0.84,0.00 ,0.00 ,0.00 ,5.81 ,0.00 ,0.00 ,0.48 ,4.87 ,0.00 ,0.00 ,,86208589.95,,,,,,,14,24.86,195,,,
PMIS11,Misto,7.75,118598.70,0.83,0.09,1.17 ,3.50 ,7.20 ,14.80 ,1.17 ,1.20 ,1.23 ,13.48 ,-2.72 ,-1.58 ,19.03 ,137823511.39,,,,,,,14,24.59,6907,,1.10  aa,20.00  aa
PMLL11,Shoppings,100.63,2764127.61,0.82,0.86,0.85 ,2.55 ,5.14 ,10.42 ,0.85 ,0.86 ,0.87 ,9.57 ,-0.76 ,0.09 ,21.39 ,1710618503.95,,,,,,,11,12.05,125954,,0.50  aa,
PNCR11,Imóveis Residenciais,46.76,350700.00,1.02,46.09,0.00 ,0.00 ,0.00 ,2.06 ,0.00 ,0.00 ,0.17 ,12.84 ,0.00 ,0.00 ,,23037047.12,,,,,,,14,50.55,112,,,
PNDL11,Fundo de Desenvolvimento,1000.00,1400000.00,0.94,3.00,0.00 ,0.00 ,0.00 ,0.00 ,0.00 ,0.00 ,0.00 ,0.00 ,0.00 ,0.00 ,,153120942.63,,,,,,,14,10.58,55,,,
PNPR11,Fundo de Desenvolvimento,48.00,5000064.00,1.32,19.05,25.23 ,0.00 ,0.00 ,25.23 ,0.00 ,0.00 ,8.41 ,25.23 ,0.00 ,0.00 ,,32773101.68,,,,,,,1,36.41,17,,,
PNRC11,Indefinido,57.95,57.00,1.42,0.63,0.00 ,0.00 ,1.11 ,26.28 ,0.00 ,0.19 ,2.19 ,2.81 ,0.00 ,0.00 ,,17149824.01,,,,,,,14,61.36,104,,,
PORD11,Papéis,7.94,393445.48,0.83,0.10,1.23 ,3.67 ,7.04 ,14.25 ,1.22 ,1.17 ,1.19 ,13.01 ,0.75 ,1.99 ,28.39 ,356673061.69,9.57,0.83,0.99 ,-90.24 ,-90.15 ,-89.09 ,1,16.99,46915,,0.90  aa,15.00  aa
PPEI11,Indefinido,80.75,387366.43,,4.25,5.00 ,0.00 ,5.00 ,10.34 ,0.00 ,0.83 ,1.48 ,5.00 ,13.57 ,19.25 ,19.25 ,,,,,,,,0,32.37,0,1.00  aa,0.10  aa,
PQAG11,Imóveis Industriais e Logísticos,55.10,6317.44,0.98,0.48,0.00 ,1.66 ,4.24 ,9.49 ,0.55 ,0.71 ,0.79 ,8.63 ,0.00 ,0.00 ,,774367067.80,55.34,1.00,0.85 ,-3.35 ,-2.53 ,7.07 ,1,34.87,462,,0.20  aa,
PQDP11,Shoppings,2389.96,229618.52,0.72,17.30,0.74 ,2.11 ,4.99 ,10.80 ,0.70 ,0.83 ,0.90 ,9.78 ,-2.23 ,-1.50 ,38.22 ,350952708.68,3302.96,0.72,0.43 ,5.40 ,5.86 ,2.34 ,1,20.84,3267,,0.23  aa,
PRIF11,Indefinido,91.70,47586.86,,1.00,0.00 ,0.00 ,1.03 ,2.95 ,0.00 ,0.34 ,0.98 ,2.95 ,0.00 ,0.00 ,,,,,,,,,0,91.99,0,,,
PRSV11,Lajes Corporativas,33.00,1321.39,0.24,14.10,0.00 ,0.00 ,0.00 ,0.00 ,0.00 ,0.00 ,0.00 ,0.00 ,0.00 ,0.00 ,,32480916.02,364.23,0.09,0.44 ,-0.03 ,0.41 ,-3.81 ,1,91.66,812,,0.38  aa,
PRTS11,Shoppings,15002.63,3866546832.20,235.11,0.05,0.00 ,0.00 ,0.00 ,0.00 ,0.00 ,0.00 ,0.00 ,0.00 ,0.00 ,0.00 ,,118155565.38,,,,,,,14,19.85,8102,,,
PSEC11,Fundo de Fundos,60.40,970036.06,0.82,0.70,1.15 ,3.35 ,6.66 ,14.11 ,1.12 ,1.11 ,1.18 ,12.76 ,-4.89 ,-3.80 ,24.42 ,760035629.11,,,,,,,0,18.30,55894,,0.93  aa,20.00  aa
PULV11,Papéis,8.85,31018.50,0.88,0.10,0.00 ,2.16 ,5.77 ,13.20 ,0.72 ,0.96 ,1.10 ,12.13 ,0.00 ,0.00 ,,120131234.68,,,,,,,14,50.72,987,,1.50  aa,20.00  aa
PVBI11,Lajes Corporativas,78.44,3200311.00,0.70,0.45,0.61 ,1.79 ,3.78 ,8.10 ,0.60 ,0.63 ,0.68 ,7.31 ,-5.56 ,-4.99 ,13.80 ,2924197797.83,107.78,0.73,0.42 ,4.25 ,4.68 ,13.61 ,7,20.18,162356,0.80  aa,0.20  aa,
QAGR11,agro,41.00,258464.62,0.77,0.46,0.97 ,3.23 ,6.33 ,12.35 ,1.08 ,1.06 ,1.03 ,4.28 ,17.02 ,18.16 ,15.11 ,305270267.01,60.57,0.68,0.76 ,8.47 ,9.29 ,8.23 ,12,9.70,17348,,1.00  aa,
QAMI11,Papéis,84.68,67019.00,1.33,1.00,1.17 ,0.00 ,0.00 ,0.00 ,0.00 ,0.00 ,0.00 ,11.32 ,6.69 ,7.94 ,14.22 ,118155565.38,92.80,0.91,1.08 ,1.42 ,2.51 ,14.58 ,14,112.81,8102,,,
QIRI11,Papéis,78.04,6867.57,1.22,89.64,0.00 ,0.00 ,0.00 ,0.00 ,0.00 ,0.00 ,0.00 ,6.90 ,0.00 ,0.00 ,,118155565.38,89.61,0.87,100.03 ,-0.41 ,99.21 ,116.58 ,14,9.65,8102,,,
QNTS11,Indefinido,,,,0.85,0.00 ,0.00 ,0.00 ,0.00 ,0.00 ,0.00 ,0.00 ,0.00 ,0.00 ,0.00 ,,236066398.40,,,,,,,2,,135,,,
RBCO11,Lajes Corporativas,,,,0.50,0.00 ,0.00 ,0.00 ,0.00 ,0.00 ,0.00 ,0.00 ,0.00 ,0.00 ,0.00 ,,,90.22,,0.22 ,1.03 ,1.25 ,-7.08 ,0,,0,,,
RBDS11,Fundo de Desenvolvimento,1.86,263.33,0.10,2.35,12.63 ,0.00 ,0.00 ,0.00 ,0.00 ,0.00 ,0.00 ,12.63 ,0.00 ,0.00 ,,2413329.77,22.98,0.08,0.00 ,0.00 ,0.00 ,0.00 ,14,125.77,819,,,20.00  aa
RBFF11,Fundo de Fundos,48.95,156274.04,0.78,0.51,1.04 ,3.11 ,6.11 ,12.74 ,1.04 ,1.02 ,1.06 ,11.65 ,-4.06 ,-3.06 ,18.28 ,232880543.00,62.11,0.79,0.82 ,-2.69 ,-1.90 ,4.98 ,14,23.29,26009,,0.78  aa,20.00  aa
RBGS11,Shoppings,28.45,,0.45,0.18,0.62 ,0.00 ,0.00 ,0.00 ,0.00 ,0.00 ,0.00 ,0.62 ,-1.90 ,-1.29 ,-1.29 ,118155565.38,90.78,0.31,0.18 ,0.00 ,0.18 ,1.17 ,14,,8102,,,
RBHG11,Papéis,61.74,135063.00,0.73,0.80,1.26 ,3.67 ,7.26 ,14.79 ,1.22 ,1.21 ,1.23 ,13.59 ,-3.80 ,-2.59 ,2.61 ,188358419.70,86.88,0.71,0.92 ,-5.65 ,-4.78 ,5.38 ,14,22.03,8199,0.68  aa,0.12  aa,
RBHY11,Papéis,76.61,114653.70,0.84,1.05,1.39 ,4.14 ,8.20 ,16.70 ,1.38 ,1.37 ,1.39 ,15.34 ,0.60 ,2.00 ,19.56 ,172430549.52,91.06,0.84,1.15 ,-3.25 ,-2.14 ,11.11 ,14,17.76,3265,0.88  aa,0.12  aa,10.00  aa
RBIF11,Indefinido,72.46,77902.65,,0.95,1.31 ,3.93 ,7.84 ,16.16 ,1.31 ,1.31 ,1.35 ,14.88 ,-1.21 ,0.08 ,24.16 ,,,,,,,,0,22.47,0,0.80  aa,,
RBIR11,Fundo de Desenvolvimento,91.70,210848.39,0.96,3.93,4.25 ,8.51 ,12.22 ,21.08 ,2.84 ,2.04 ,1.76 ,18.38 ,-5.17 ,-1.14 ,49.42 ,145952702.06,,,,,,,14,24.00,1518,,2.00  aa,20.00  aa
RBLG11,Imóveis Industriais e Logísticos,53.25,560.40,0.82,0.61,0.00 ,0.00 ,2.27 ,9.29 ,0.00 ,0.38 ,0.77 ,6.80 ,0.00 ,0.00 ,,41701908.07,65.31,0.82,0.93 ,-35.00 ,-34.39 ,-32.00 ,1,108.04,246,,1.00  aa,20.00  aa
RBOP11,Lajes Corporativas,205.81,11547.39,0.30,3.50,0.97 ,0.00 ,0.00 ,0.97 ,0.00 ,0.00 ,0.97 ,16.71 ,-0.40 ,0.57 ,101.33 ,69511525.68,,,,,,,2,49.40,2823,,1.10  aa,20.00  aa
RBRD11,Varejo,40.19,30189.65,0.62,0.55,1.36 ,3.85 ,7.80 ,16.41 ,1.28 ,1.30 ,1.37 ,15.21 ,0.50 ,1.87 ,48.57 ,120390682.01,65.01,0.62,0.77 ,-1.78 ,-1.03 ,-3.02 ,4,22.47,7466,,0.17  aa,
RBRF11,Fundo de Fundos,6.66,2739709.00,0.77,0.12,0.00 ,1.83 ,4.45 ,12.48 ,0.61 ,0.74 ,1.04 ,9.23 ,0.00 ,0.00 ,,1181171952.46,8.70,0.77,0.69 ,-89.37 ,-89.30 ,-89.23 ,1,17.13,113715,0.80  aa,0.20  aa,20.00  aa
RBRI11,Fundo de Desenvolvimento,755.79,1984.00,1.25,114.56,12.12 ,37.79 ,42.91 ,84.48 ,12.60 ,7.15 ,7.04 ,74.38 ,39.71 ,56.64 ,308.80 ,84343974.51,,,,,,,1,358.74,132,1.50  aa,0.20  aa,
RBRL11,Imóveis Industriais e Logísticos,85.83,355955.43,0.83,0.75,0.87 ,2.67 ,5.44 ,12.41 ,0.89 ,0.91 ,1.03 ,11.17 ,1.75 ,2.64 ,54.99 ,704040876.45,105.28,0.82,0.71 ,-1.85 ,-1.15 ,6.90 ,6,19.97,13133,1.00  aa,0.18  aa,20.00  aa
RBRM11,Fundo de Desenvolvimento,94794.81,,17.88,5302.02,0.00 ,0.00 ,0.00 ,0.00 ,0.00 ,0.00 ,0.00 ,0.00 ,0.00 ,0.00 ,,2860101.93,,,,,,,14,,54,,,
RBRP11,Lajes Corporativas,51.25,510250.17,0.66,0.40,0.77 ,2.33 ,4.78 ,10.94 ,0.78 ,0.80 ,0.91 ,9.78 ,-1.41 ,-0.65 ,22.48 ,936579330.17,76.90,0.67,0.52 ,-5.88 ,-5.39 ,-1.65 ,6,21.53,60561,1.00  aa,0.18  aa,20.00  aa
RBRR11,Papéis,85.16,2587193.57,0.93,0.70,0.83 ,2.72 ,6.01 ,13.15 ,0.91 ,1.00 ,1.10 ,12.05 ,-2.32 ,-1.51 ,31.47 ,1385291133.91,92.00,0.93,0.92 ,-2.20 ,-1.30 ,1.60 ,14,13.76,129939,0.80  aa,0.20  aa,20.00  aa
RBRS11,Fundo de Desenvolvimento,42.00,26903.71,0.44,0.34,0.77 ,1.52 ,4.16 ,5.00 ,0.51 ,0.69 ,0.42 ,5.00 ,-20.92 ,-20.31 ,-5.39 ,166233661.79,95.85,0.44,0.07 ,1.87 ,1.94 ,8.05 ,4,52.83,941,,,
RBRX11,Indefinido,7.90,714863.83,0.82,0.09,1.15 ,3.43 ,6.89 ,13.56 ,1.14 ,1.15 ,1.13 ,11.29 ,-2.98 ,-1.87 ,30.81 ,284165238.04,,,,,,,14,17.30,10699,1.30  aa,,20.00  aa
RBRY11,Papéis,95.31,2985269.74,0.97,1.25,1.29 ,3.90 ,7.68 ,15.23 ,1.30 ,1.28 ,1.27 ,13.92 ,1.27 ,2.57 ,53.42 ,1270278249.79,99.48,0.96,1.26 ,-0.41 ,0.84 ,6.05 ,14,14.46,64050,1.10  aa,0.20  aa,20.00  aa
RBTS11,Fundo de Desenvolvimento,311.04,622.00,0.82,39.81,0.00 ,0.00 ,0.00 ,51.51 ,0.00 ,0.00 ,4.29 ,26.82 ,0.00 ,0.00 ,,21375742.71,380.02,0.82,1.63 ,-65.26 ,-64.69 ,-58.05 ,14,220.86,129,,1.32  aa,17.50  aa
RBVA11,Varejo,9.70,1134400.04,0.90,0.09,0.93 ,2.93 ,6.15 ,12.94 ,0.98 ,1.03 ,1.08 ,11.90 ,4.42 ,5.39 ,26.26 ,1649651476.39,10.57,0.92,0.85 ,-90.34 ,-90.25 ,-88.40 ,82,16.49,85769,,0.65  aa,
RBVO11,Papéis,5.32,1143.43,0.95,5.66,106.30 ,0.00 ,0.00 ,106.30 ,0.00 ,0.00 ,8.86 ,168.13 ,-80.93 ,-60.65 ,146.57 ,2882596.37,,,0.00 ,-100.00 ,0.00 ,0.00 ,14,13.51,6943,0.65  aa,0.10  aa,20.00  aa
RCFF11,Fundo de Fundos,94.00,1504.00,0.91,3.55,3.76 ,0.00 ,3.76 ,38.52 ,0.00 ,0.63 ,3.85 ,9.17 ,-3.73 ,-0.12 ,59.38 ,33362820.26,98.56,0.95,3.60 ,7.75 ,11.63 ,12.01 ,14,79.81,130,0.50  aa,0.20  aa,
RCRB11,Lajes Corporativas,126.05,271519.52,0.65,0.94,0.73 ,2.17 ,3.58 ,8.24 ,0.72 ,0.60 ,0.69 ,7.23 ,0.56 ,1.29 ,24.90 ,727844656.29,197.21,0.64,0.47 ,-4.89 ,-4.44 ,4.90 ,9,29.23,25061,,0.70  aa,
RDCI11,Indefinido,,,,1.44,0.00 ,0.00 ,0.00 ,0.00 ,0.00 ,0.00 ,0.00 ,0.00 ,0.00 ,0.00 ,,254888422.99,,,,,,,14,,116,,,
RECD11,Papéis,8.35,108.94,1.01,0.09,1.04 ,2.95 ,27.96 ,36.37 ,0.98 ,4.66 ,3.03 ,36.37 ,-1.54 ,-0.52 ,45.53 ,44459472.22,,,,,,,0,207.20,324,,,
RECM11,Papéis,8.62,7042.04,0.89,0.12,1.39 ,4.19 ,8.46 ,16.02 ,1.40 ,1.41 ,1.46 ,15.07 ,0.35 ,1.74 ,18.48 ,81170631.04,,,,,,,0,67.59,750,,,
RECR11,Papéis,76.36,1737308.09,0.86,0.80,1.03 ,2.92 ,6.57 ,15.70 ,0.97 ,1.10 ,1.31 ,14.20 ,-2.20 ,-1.20 ,40.32 ,2344058567.60,88.65,0.86,0.88 ,-7.01 ,-6.19 ,6.77 ,1,16.95,173348,,0.20  aa,
RECT11,Lajes Corporativas,34.87,253057.70,0.38,0.45,1.27 ,3.51 ,7.04 ,14.78 ,1.17 ,1.17 ,1.23 ,13.35 ,4.42 ,5.75 ,60.54 ,775342840.76,90.75,0.38,0.41 ,-3.13 ,-2.73 ,-0.65 ,9,25.91,51482,,0.17  aa,
REIT11,Papéis,82.10,82.00,0.27,2.91,0.00 ,0.00 ,0.00 ,2.76 ,0.00 ,0.00 ,0.23 ,2.76 ,0.00 ,0.00 ,,8005158.25,,,,,,,1,38.30,62,,,
RELG11,Imóveis Industriais e Logísticos,62.15,41163.13,0.74,0.80,1.24 ,3.62 ,6.82 ,14.39 ,1.21 ,1.14 ,1.20 ,12.82 ,-3.99 ,-2.80 ,43.35 ,114161430.13,85.54,0.73,0.94 ,-29.94 ,-29.29 ,-23.30 ,5,36.36,4111,1.00  aa,0.18  aa,
RENV11,Serviços Financeiros Diversos,4.95,10789.57,0.37,0.08,1.46 ,3.47 ,4.19 ,7.22 ,1.16 ,0.70 ,0.90 ,4.53 ,-1.62 ,-0.18 ,-40.29 ,14699669.19,,,,,,,14,144.66,532,1.13  aa,0.12  aa,20.00  aa
RFOF11,Fundo de Fundos,64.49,173508.00,0.91,0.65,0.00 ,2.07 ,5.21 ,12.40 ,0.69 ,0.87 ,1.03 ,11.17 ,0.00 ,0.00 ,,76248633.47,70.72,0.91,0.92 ,-11.53 ,-10.72 ,-9.64 ,14,25.66,3807,,,
RIFF11,Indefinido,7.50,128516.04,,0.01,0.08 ,0.00 ,1.34 ,9.56 ,0.00 ,0.22 ,0.80 ,8.05 ,-1.45 ,-1.37 ,22.73 ,,,,,,,,0,34.92,0,,0.84  aa,20.00  aa
RINV11,Indefinido,102.80,196658.09,1.00,1.05,1.03 ,3.08 ,6.18 ,13.14 ,1.03 ,1.03 ,1.10 ,10.80 ,-1.45 ,-0.43 ,26.13 ,338015704.35,,,,,,,14,11.63,3921,,1.00  aa,15.00  aa
RMAI11,Lajes Corporativas,53.00,17650.59,0.54,0.45,0.75 ,2.25 ,3.64 ,7.76 ,0.75 ,0.61 ,0.65 ,7.76 ,2.20 ,2.97 ,4.55 ,343425711.35,109.32,0.48,0.41 ,1.35 ,1.77 ,4.04 ,2,52.03,1060,,,
RNDP11,Papéis,40.50,14794.00,1.01,40.38,99.67 ,0.00 ,0.00 ,147.76 ,0.00 ,0.00 ,12.31 ,145.40 ,-5.64 ,88.42 ,309.72 ,4329855.96,,,0.00 ,-100.00 ,0.00 ,0.00 ,14,91.82,1292,,,
RNGO11,Lajes Corporativas,51.00,55969.22,0.61,0.29,0.57 ,1.70 ,3.97 ,9.47 ,0.57 ,0.66 ,0.79 ,8.54 ,-2.61 ,-2.06 ,35.64 ,224090237.22,83.74,0.61,0.35 ,-3.35 ,-3.01 ,1.48 ,4,18.61,7250,,0.20  aa,
ROOF11,Fundo de Desenvolvimento,354.14,386.00,0.94,19.36,0.00 ,0.00 ,0.00 ,17.77 ,0.00 ,0.00 ,1.48 ,15.90 ,0.00 ,0.00 ,,29113125.73,,,,,,,39,58.19,81,,,
RPRI11,Papéis,84.39,281092.61,0.85,0.90,1.05 ,3.30 ,7.22 ,15.18 ,1.10 ,1.20 ,1.27 ,13.96 ,-0.69 ,0.36 ,26.22 ,343357362.79,,,,,,,14,15.03,4332,,1.60  aa,
RRCI11,Papéis,78.29,368848.64,0.85,0.85,1.05 ,2.16 ,5.69 ,13.51 ,0.72 ,0.95 ,1.13 ,12.13 ,5.88 ,6.99 ,48.56 ,43548340.50,90.39,0.87,0.94 ,-3.92 ,-3.02 ,8.05 ,14,20.96,1562,,1.00  aa,20.00  aa
RSPD11,Fundo de Desenvolvimento,1009.99,1009.00,1.11,28.19,0.00 ,0.00 ,4.69 ,12.11 ,0.00 ,0.78 ,1.01 ,10.21 ,0.00 ,0.00 ,,135515956.14,1130.10,0.89,0.98 ,-1.08 ,-0.11 ,-0.11 ,14,91.15,139,,,
RURA11,Indefinido,8.15,1376733.43,0.79,0.11,1.34 ,3.94 ,7.73 ,14.17 ,1.31 ,1.29 ,1.18 ,13.32 ,-0.84 ,0.48 ,32.72 ,1649956552.28,10.31,0.79,1.07 ,0.00 ,0.00 ,0.00 ,0,15.83,85730,,1.00  aa,20.00  aa
RVBI11,Fundo de Fundos,60.23,604022.78,0.82,0.70,1.15 ,3.35 ,6.66 ,14.11 ,1.12 ,1.11 ,1.18 ,12.76 ,-4.89 ,-3.80 ,24.42 ,760035629.11,73.96,0.81,0.95 ,-11.97 ,-11.14 ,-5.60 ,14,18.57,55894,0.80  aa,0.13  aa,20.00  aa
RZAG11,Indefinido,9.15,796344.30,0.94,0.13,1.36 ,4.10 ,8.42 ,17.77 ,1.37 ,1.40 ,1.48 ,16.20 ,-0.86 ,0.48 ,53.86 ,660964408.83,9.71,0.94,1.29 ,1.59 ,2.90 ,15.73 ,0,12.43,83532,,1.15  aa,10.00  aa
RZAK11,Papéis,82.41,835073.13,0.94,1.10,1.32 ,4.13 ,8.35 ,19.00 ,1.38 ,1.39 ,1.58 ,15.70 ,0.68 ,2.01 ,49.33 ,771276580.55,87.57,0.94,1.31 ,-6.55 ,-5.32 ,4.88 ,14,11.50,45016,,1.25  aa,15.00  aa
RZAT11,Imóveis Industriais e Logísticos,88.97,373806.87,0.89,0.90,0.99 ,3.26 ,7.03 ,14.89 ,1.09 ,1.17 ,1.24 ,12.29 ,-1.59 ,-0.61 ,37.52 ,425700637.94,,,,,,,13,15.49,35090,,1.00  aa,20.00  aa
RZEO11,Indefinido,190.00,3610.00,1.00,0.95,0.00 ,0.00 ,0.00 ,22.02 ,0.00 ,0.00 ,4.40 ,19.47 ,0.00 ,0.00 ,,599903428.79,190.27,1.00,0.50 ,0.00 ,0.00 ,0.00 ,0,53.36,155,,1.15  aa,20.00  aa
RZLC11,Papéis,1005.47,473664.00,1.03,13.70,1.35 ,2.58 ,6.39 ,12.96 ,0.86 ,1.07 ,1.08 ,12.01 ,0.00 ,0.00 ,,48491812.69,,,,,,,0,28.28,100,,,
RZTR11,Misto,93.28,2035787.61,0.95,1.00,1.08 ,3.25 ,6.65 ,14.61 ,1.08 ,1.11 ,1.22 ,13.18 ,-0.22 ,0.86 ,31.85 ,1823252776.14,96.72,0.96,1.03 ,-0.73 ,0.30 ,11.81 ,16,12.22,146683,1.25  aa,,20.00  aa
RZZR11,Imóveis Industriais e Logísticos,138.98,41922.14,0.77,1.21,0.89 ,2.63 ,4.31 ,9.55 ,0.88 ,0.72 ,0.80 ,8.77 ,-4.59 ,-3.74 ,-7.47 ,947795473.74,,,,,,,10,66.19,489,,0.25  aa,
SALI11,Misto,,,,0.80,0.00 ,0.00 ,0.00 ,0.00 ,0.00 ,0.00 ,0.00 ,0.00 ,0.00 ,0.00 ,,7494221.79,,,,,,,5,,2,,,
SAPI11,Misto,8.80,145036.91,0.90,0.11,1.27 ,3.88 ,7.95 ,16.09 ,1.29 ,1.33 ,1.34 ,14.86 ,2.51 ,3.81 ,42.35 ,152916356.43,,,,,,,14,19.91,3320,,1.00  aa,
SARE11,Misto,4.80,301123.22,0.61,0.03,0.57 ,0.00 ,1.13 ,4.75 ,0.00 ,0.19 ,0.40 ,4.18 ,-1.50 ,-0.94 ,36.24 ,462448811.57,7.75,0.62,0.34 ,-91.79 ,-91.76 ,-91.52 ,2,23.03,26587,,1.25  aa,
SCPF11,Shoppings,2.68,572.91,0.25,0.05,1.07 ,0.00 ,0.00 ,0.00 ,0.00 ,0.00 ,0.00 ,1.46 ,-8.68 ,-7.70 ,-11.74 ,44758085.37,11.84,0.23,0.38 ,1.11 ,1.49 ,-3.03 ,1,73.53,4381,,4.00  aa,
SDIL11,Imóveis Industriais e Logísticos,96.50,1030917.86,1.01,0.75,0.76 ,2.49 ,5.22 ,10.27 ,0.83 ,0.87 ,0.86 ,6.12 ,2.04 ,2.82 ,10.51 ,612048658.06,98.33,0.98,0.83 ,-0.22 ,0.61 ,9.86 ,5,14.97,63292,,0.84  aa,
SEED11,Indefinido,98.34,200.00,1.09,1.10,0.00 ,0.00 ,0.00 ,6.99 ,0.00 ,0.00 ,0.58 ,5.89 ,0.00 ,0.00 ,,147503152.45,,,,,,,14,28.56,131,,,
SEQR11,Misto,50.20,38212.17,0.54,0.58,1.15 ,3.51 ,7.18 ,15.00 ,1.17 ,1.20 ,1.25 ,13.69 ,1.66 ,2.83 ,31.39 ,154607101.33,92.82,0.54,0.63 ,-1.00 ,-0.38 ,5.45 ,4,18.24,4628,,1.24  aa,20.00  aa
SHOP11,Shoppings,35.00,419.75,1.09,6.75,0.00 ,0.00 ,0.00 ,0.00 ,0.00 ,0.00 ,0.00 ,0.00 ,0.00 ,0.00 ,,74627763.77,,,,,,,1,173.56,89,,,
SHPH11,Shoppings,930.01,31639.83,0.88,4.50,0.51 ,1.54 ,5.58 ,9.14 ,0.51 ,0.93 ,0.76 ,8.62 ,-8.66 ,-8.19 ,26.53 ,615503815.86,1010.76,0.92,0.49 ,13.04 ,13.60 ,19.19 ,1,42.09,2089,,0.20  aa,
SHPP11,Shoppings,10.89,3499566.88,1.06,0.05,0.43 ,0.97 ,2.95 ,2.95 ,0.97 ,0.74 ,0.74 ,2.95 ,0.00 ,0.00 ,,448502800.49,,,,,,,0,37.73,125,,,
SHSO11,Indefinido,,,,0.42,0.00 ,0.00 ,0.00 ,0.00 ,0.00 ,0.00 ,0.00 ,0.00 ,0.00 ,0.00 ,,118155565.38,,,,,,,14,,8102,,,
SIGR11,Indefinido,99.90,100.00,10.63,1.30,0.00 ,0.00 ,0.00 ,0.00 ,0.00 ,0.00 ,0.00 ,1.32 ,0.00 ,0.00 ,,188386462.18,,,,,,,14,1.55,9479,,,
SJAU11,Imóveis Industriais e Logísticos,1.82,5711.22,1.77,20.13,231.65 ,0.00 ,231.65 ,848.21 ,0.00 ,115.83 ,424.11 ,848.21 ,58.29 ,424.96 ,424.96 ,11357373.22,,,,,,,14,3607.96,394,,,
SMRE11,Incorporações,73.50,218531.74,0.74,1.04,1.33 ,3.91 ,7.83 ,14.92 ,1.30 ,1.31 ,1.24 ,13.79 ,-2.28 ,-0.98 ,-0.48 ,105114290.95,,,,,,,14,49.16,1310,0.78  aa,0.22  aa,
SNAG11,Papéis,10.19,887811.96,0.96,0.13,0.00 ,2.50 ,5.97 ,13.31 ,0.83 ,1.00 ,1.11 ,12.18 ,0.00 ,0.00 ,,620257779.96,10.21,1.00,1.18 ,-89.92 ,-89.80 ,-89.47 ,0,13.41,115813,8.00  aa,0.07  aa,
SNCI11,Papéis,82.39,394594.00,0.84,1.00,1.20 ,3.54 ,6.94 ,14.47 ,1.18 ,1.16 ,1.21 ,11.88 ,-1.46 ,-0.28 ,26.32 ,407512746.72,97.03,0.85,1.03 ,-0.38 ,0.65 ,10.60 ,14,18.40,36811,0.70  aa,0.15  aa,
SNEL11,Fundo de Desenvolvimento,8.56,900736.00,1.05,0.10,0.00 ,2.33 ,5.92 ,13.30 ,0.78 ,0.99 ,1.11 ,12.05 ,0.00 ,0.00 ,,325779875.44,,,,,,,14,11.07,47242,1.08  aa,0.12  aa,20.00  aa
SNFF11,Fundo de Fundos,73.16,321044.83,0.84,1.10,1.52 ,3.57 ,6.59 ,12.80 ,1.19 ,1.10 ,1.07 ,10.84 ,1.59 ,3.13 ,12.16 ,343074465.47,85.33,0.86,0.84 ,-3.59 ,-2.78 ,-1.16 ,14,14.43,26509,,0.73  aa,10.00  aa
SNFZ11,Misto,10.00,446024.70,1.01,0.10,0.00 ,2.06 ,4.80 ,8.70 ,0.69 ,0.80 ,0.73 ,8.11 ,0.00 ,0.00 ,,61257672.99,9.88,1.01,1.01 ,0.00 ,0.00 ,0.00 ,0,18.54,4428,0.87  aa,0.13  aa,20.00  aa
SNID11,Indefinido,10.99,86057.48,,0.12,1.16 ,3.51 ,7.16 ,14.22 ,1.17 ,1.19 ,1.19 ,11.92 ,0.58 ,1.75 ,37.27 ,,,,,,,,0,19.49,0,0.85  aa,0.10  aa,
SNLG11,Imóveis Industriais e Logísticos,1.38,110226.78,2.85,0.84,8400.00 ,0.00 ,0.00 ,8633.92 ,0.00 ,0.00 ,719.49 ,8496.77 ,-96.77 ,174.19 ,457.52 ,1187475.18,,,,,,,6,2215.38,8169,,1.00  aa,
SNME11,Indefinido,9.60,83534.61,1.00,0.15,1.55 ,3.86 ,7.40 ,14.83 ,1.29 ,1.23 ,1.24 ,12.54 ,0.73 ,2.29 ,23.51 ,71491626.41,,,,,,,2,19.03,4002,0.79  aa,0.20  aa,20.00  aa
SOLR11,Imóveis Comerciais - Outros,1051.35,4931882.00,1.20,4.77,0.00 ,0.00 ,0.00 ,0.00 ,0.00 ,0.00 ,0.00 ,0.00 ,0.00 ,0.00 ,,57419468.68,,,,,,,1,121.75,1,,,
SPDE11,Indefinido,1266.67,2533.30,0.96,6.89,0.00 ,0.00 ,0.00 ,8.45 ,0.00 ,0.00 ,0.70 ,5.91 ,0.00 ,0.00 ,,120356433.38,,,,,,,14,40.87,120,,,
SPMO11,Indefinido,144.00,335334.00,1.07,0.43,0.00 ,0.00 ,0.00 ,0.00 ,0.00 ,0.00 ,0.00 ,0.00 ,0.00 ,0.00 ,,243989906.09,,,,,,,14,25.50,14,,,
SPTW11,Lajes Corporativas,36.25,38176.57,0.61,0.42,1.16 ,3.54 ,7.28 ,15.42 ,1.18 ,1.21 ,1.29 ,14.10 ,-0.52 ,0.63 ,30.34 ,105492004.22,58.67,0.62,0.72 ,5.26 ,6.01 ,21.73 ,1,23.24,18441,,0.25  aa,
SPVJ11,Shoppings,,,,0.16,0.00 ,0.00 ,0.00 ,0.00 ,0.00 ,0.00 ,0.00 ,0.00 ,0.00 ,0.00 ,,142644554.70,22.60,,0.56 ,-80.56 ,-80.45 ,-77.28 ,14,,24,,0.20  aa,
SPXS11,Indefinido,8.42,193911.48,0.88,0.11,1.28 ,3.81 ,7.48 ,15.06 ,1.27 ,1.25 ,1.26 ,13.75 ,0.95 ,2.24 ,27.83 ,191307742.67,,,,,,,14,20.47,19956,,0.80  aa,20.00  aa
SRVD11,Indefinido,3.00,233.91,17.65,0.20,2.29 ,0.00 ,0.00 ,0.00 ,0.00 ,0.00 ,0.00 ,3.30 ,-9.79 ,-7.73 ,-7.73 ,15974479.18,1.19,2.53,16.87 ,-0.11 ,16.74 ,25.64 ,14,375.98,106,,,
STRX11,Fundo de Desenvolvimento,141.96,142.00,1.00,0.89,0.00 ,0.64 ,0.64 ,3.87 ,0.64 ,0.64 ,0.32 ,3.40 ,0.00 ,0.00 ,,229058500.91,141.96,1.00,0.63 ,-4.29 ,-3.68 ,7.99 ,3,11.42,111,,,
TCPF11,Misto,39.53,,0.40,1.31,0.00 ,0.00 ,0.00 ,0.00 ,0.00 ,0.00 ,0.00 ,0.00 ,0.00 ,0.00 ,,29704139.65,,,,,,,14,,52,,,
TELM11,Indefinido,9.90,65.25,1.07,0.12,1.20 ,2.29 ,3.32 ,8.89 ,0.76 ,0.55 ,0.81 ,8.19 ,-0.50 ,0.70 ,3.58 ,21027009.71,,,,,,,14,55.27,113,,,
TEPP11,Lajes Corporativas,82.09,720741.48,0.83,0.74,0.92 ,2.73 ,6.36 ,13.18 ,0.91 ,1.06 ,1.10 ,12.14 ,-3.79 ,-2.90 ,21.19 ,413623530.76,97.97,0.84,0.76 ,2.35 ,3.12 ,15.10 ,4,15.11,25357,0.90  aa,0.13  aa,
TGAR11,Fundo de Desenvolvimento,85.09,2861169.61,0.78,1.00,1.17 ,3.53 ,7.02 ,14.67 ,1.18 ,1.17 ,1.22 ,13.36 ,0.12 ,1.29 ,11.04 ,2565249593.00,108.84,0.78,0.92 ,-14.82 ,-14.04 ,-4.15 ,9,22.32,152622,1.28  aa,0.22  aa,30.00  aa
TJKB11,Indefinido,252.00,21659.27,0.95,2.90,1.16 ,3.47 ,7.01 ,14.69 ,1.16 ,1.17 ,1.22 ,10.86 ,-2.33 ,-1.19 ,2.74 ,303227115.35,,,,,,,9,53.48,441,,0.60  aa,
TMPS11,Fundo de Fundos,79.31,137899.17,0.84,0.85,1.06 ,3.17 ,6.30 ,15.17 ,1.06 ,1.05 ,1.26 ,12.96 ,-0.74 ,0.31 ,23.62 ,92060114.16,,,,,,,14,17.82,1922,,0.90  aa,20.00  aa
TOPP11,Imóveis Comerciais - Outros,68.62,332208.87,0.66,0.84,1.24 ,3.68 ,7.27 ,14.63 ,1.23 ,1.21 ,1.22 ,12.37 ,-1.95 ,-0.73 ,23.11 ,483256408.38,,,,,,,2,24.96,4643,,,
TORD11,Misto,2.34,22368.96,0.08,0.01,0.33 ,0.97 ,3.78 ,4.37 ,0.97 ,0.63 ,0.36 ,4.37 ,-2.90 ,-2.58 ,-90.11 ,203556049.76,13.94,0.17,0.36 ,8.23 ,8.62 ,12.48 ,2,35.60,48741,,1.50  aa,20.00  aa
TRBL11,Imóveis Industriais e Logísticos,62.16,375615.09,0.71,0.60,0.95 ,2.82 ,5.80 ,11.73 ,0.94 ,0.97 ,0.98 ,10.78 ,-5.16 ,-4.26 ,7.18 ,662998239.01,,,,,,,5,30.56,48269,,0.84  aa,
TRNT11,Lajes Corporativas,93.90,12829.00,0.53,0.07,0.06 ,0.00 ,0.00 ,0.00 ,0.00 ,0.00 ,0.00 ,0.71 ,0.00 ,0.00 ,,703814762.96,197.64,0.48,0.04 ,0.38 ,0.42 ,-0.87 ,1,39.25,525,,0.75  aa,
TRXB11,Fundo de Desenvolvimento,154.65,15132.00,1.53,1.60,1.00 ,4.39 ,7.65 ,21.03 ,1.46 ,1.28 ,1.75 ,16.71 ,1.79 ,2.81 ,62.76 ,381888203.89,,,,,,,13,71.07,478,,,
TRXF11,Imóveis Comerciais - Outros,100.28,4838827.09,0.99,0.93,0.92 ,2.81 ,6.20 ,13.78 ,0.94 ,1.03 ,1.15 ,12.77 ,2.87 ,3.81 ,24.93 ,3299823689.43,101.55,0.99,0.92 ,-3.70 ,-2.82 ,12.78 ,48,12.59,202626,1.00  aa,,20.00  aa
TRXY11,Outros,9.00,9672.30,0.97,0.11,1.22 ,3.56 ,7.26 ,14.11 ,1.19 ,1.21 ,1.41 ,14.11 ,-2.70 ,-1.52 ,15.57 ,147193150.91,,,,,,,0,29.18,754,,,
TSER11,Lajes Corporativas,97.00,194.00,1.00,0.98,0.00 ,0.00 ,0.00 ,4.97 ,0.00 ,0.00 ,0.41 ,4.97 ,0.00 ,0.00 ,,144758998.26,,,,,,,1,22.31,19,,,
TVRI11,Agências de Bancos,92.73,732712.83,0.90,1.05,1.12 ,3.36 ,6.78 ,14.21 ,1.12 ,1.13 ,1.18 ,13.00 ,-1.07 ,0.04 ,30.95 ,1655862762.01,,,,,,,59,14.24,60841,,0.28  aa,
URHF11,Outros,72.81,2665.10,0.78,1.15,1.51 ,4.38 ,8.72 ,17.76 ,1.46 ,1.45 ,1.48 ,16.40 ,-7.89 ,-6.50 ,1.57 ,10575932.06,,,,,,,14,77.90,214,,,
URPR11,Papéis,34.02,617508.26,0.34,0.35,1.04 ,3.23 ,6.36 ,15.43 ,1.08 ,1.06 ,1.29 ,13.81 ,-11.14 ,-10.22 ,-28.96 ,1178304124.61,100.42,0.34,0.40 ,1.63 ,2.03 ,26.30 ,14,27.07,67279,0.95  aa,0.25  aa,20.00  aa
VANG11,Indefinido,103.06,767900.00,,1.00,0.00 ,0.00 ,0.00 ,5.97 ,0.00 ,0.00 ,0.66 ,4.98 ,0.00 ,0.00 ,,,,,,,,,0,32.51,0,,,
VCJR11,Papéis,75.42,1250920.09,0.82,1.00,1.29 ,3.46 ,7.10 ,15.67 ,1.15 ,1.18 ,1.31 ,14.44 ,-2.00 ,-0.74 ,22.29 ,1375339510.10,93.41,0.81,0.87 ,-0.89 ,-0.03 ,12.74 ,14,17.77,27393,,1.60  aa,
VCRA11,Indefinido,61.02,333452.43,0.60,1.06,1.75 ,4.80 ,8.51 ,18.42 ,1.60 ,1.42 ,1.54 ,16.94 ,-2.60 ,-0.90 ,21.75 ,470167131.03,102.35,0.60,0.93 ,-0.03 ,0.89 ,2.37 ,0,20.14,9901,,1.30  aa,
VCRI11,Papéis,7.07,139927.83,0.74,0.09,1.27 ,3.75 ,7.81 ,15.86 ,1.25 ,1.30 ,1.32 ,14.57 ,-3.14 ,-1.91 ,24.14 ,192908244.17,9.39,0.75,0.96 ,-0.63 ,0.32 ,2.10 ,14,19.50,13852,,0.95  aa,20.00  aa
VCRR11,Imóveis Residenciais,68.01,593208.04,0.55,0.50,0.73 ,2.26 ,4.63 ,10.32 ,0.75 ,0.77 ,0.86 ,9.29 ,1.69 ,2.43 ,28.12 ,252560404.68,126.28,0.54,0.40 ,-1.53 ,-1.14 ,13.26 ,14,25.24,3367,,0.80  aa,15.00  aa
VGHF11,Misto,7.28,2185755.17,0.85,0.07,0.92 ,3.11 ,6.81 ,14.54 ,1.04 ,1.14 ,1.21 ,13.26 ,-1.92 ,-1.02 ,24.15 ,1412004912.46,8.57,0.85,1.05 ,-6.44 ,-5.46 ,6.67 ,14,17.20,391484,0.90  aa,,20.00  aa
VGIA11,Indefinido,9.40,1313426.96,1.00,0.15,1.57 ,4.39 ,8.67 ,17.73 ,1.46 ,1.45 ,1.48 ,16.13 ,-2.55 ,-1.02 ,62.74 ,842445502.85,9.74,0.97,1.44 ,2.22 ,3.69 ,12.13 ,0,14.59,169226,1.15  aa,,10.00  aa
VGII11,Tecidos Vestuário e Calçados,101.41,699932.00,1.02,4.82,5.33 ,0.00 ,0.00 ,9.63 ,0.00 ,0.00 ,0.80 ,5.33 ,0.00 ,5.33 ,5.33 ,51343542.97,,,,,,,14,17.66,3,,,
VGIP11,Papéis,75.80,1227488.09,0.85,0.65,0.86 ,2.81 ,7.77 ,15.19 ,0.94 ,1.30 ,1.27 ,13.91 ,-5.80 ,-4.99 ,34.33 ,1045485325.41,88.70,0.85,0.92 ,-1.92 ,-1.02 ,7.60 ,14,20.39,84310,,1.00  aa,20.00  aa
VGIR11,Papéis,9.34,3723488.78,0.97,0.13,1.38 ,4.08 ,8.19 ,16.13 ,1.36 ,1.37 ,1.34 ,14.73 ,-1.46 ,-0.10 ,39.35 ,1428717468.19,9.78,0.96,1.33 ,1.45 ,2.80 ,-88.68 ,1,12.00,259612,0.80  aa,0.20  aa,20.00  aa
VGRI11,Misto,7.80,427446.96,0.75,0.12,1.46 ,4.21 ,8.58 ,20.80 ,1.40 ,1.43 ,1.73 ,18.67 ,-5.31 ,-3.93 ,40.16 ,372284929.75,,,,,,,5,21.23,20129,,1.30  aa,
VIDS11,Fundo de Desenvolvimento,915.64,,1.13,16.06,0.00 ,0.00 ,0.00 ,0.00 ,0.00 ,0.00 ,0.00 ,0.00 ,0.00 ,0.00 ,,76486502.92,,,,,,,14,0.42,199,,,
VIFI11,Fundo de Fundos,6.96,30.26,0.87,0.07,1.01 ,0.00 ,0.00 ,4.03 ,0.00 ,0.00 ,0.34 ,3.00 ,-7.57 ,-6.64 ,5.15 ,64507809.24,7.97,0.87,0.88 ,-9.94 ,-9.15 ,-72.22 ,14,20.92,5521,,0.95  aa,20.00  aa
VIGT11,,39.80,500791.78,,0.20,0.51 ,1.29 ,2.52 ,4.20 ,0.43 ,0.42 ,0.35 ,4.20 ,5.35 ,5.88 ,-26.62 ,,,,,,,,0,42.49,0,,1.50  aa,0.00  aa
VILG11,Imóveis Industriais e Logísticos,90.85,1840511.48,0.80,0.72,0.79 ,2.46 ,4.99 ,10.24 ,0.82 ,0.83 ,0.85 ,9.38 ,2.93 ,3.75 ,39.77 ,1688506029.67,112.59,0.81,0.64 ,0.29 ,0.93 ,7.17 ,15,17.68,143121,,,
VINO11,Lajes Corporativas,4.98,425733.87,0.49,0.05,1.00 ,2.97 ,6.65 ,13.10 ,0.99 ,1.11 ,1.09 ,12.00 ,-2.72 ,-1.75 ,24.36 ,829637912.87,10.02,0.50,0.50 ,-81.70 ,-81.61 ,-80.51 ,10,23.36,140883,,1.10  aa,20.00  aa
VISC11,Shoppings,107.33,3336314.74,0.86,0.81,0.76 ,2.27 ,4.64 ,9.70 ,0.76 ,0.77 ,0.81 ,8.82 ,-3.10 ,-2.36 ,29.42 ,3552479893.32,123.23,0.87,0.66 ,-0.48 ,0.17 ,15.10 ,30,16.76,340069,1.05  aa,,
VIUR11,Misto,5.70,124156.87,0.66,0.07,1.20 ,3.60 ,7.23 ,15.12 ,1.20 ,1.21 ,1.26 ,13.84 ,-1.76 ,-0.58 ,22.42 ,235499598.74,8.74,0.65,0.77 ,-5.00 ,-4.27 ,-90.02 ,7,22.31,44672,,0.95  aa,20.00  aa
VJFD11,Papéis,155.02,3889.59,0.95,0.82,0.00 ,0.00 ,0.00 ,2.90 ,0.00 ,0.00 ,0.24 ,2.42 ,0.00 ,0.00 ,,799464292.52,163.95,0.95,0.50 ,20.49 ,21.09 ,28.08 ,39,4.10,96,,,
VLIQ11,Indefinido,,,,5.04,0.00 ,0.00 ,0.00 ,0.00 ,0.00 ,0.00 ,0.00 ,0.00 ,0.00 ,0.00 ,,118155565.38,,,,,,,14,,8102,,,
VLOL11,Lajes Corporativas,88.00,160238.13,1.38,16.30,0.00 ,0.00 ,0.00 ,0.00 ,0.00 ,0.00 ,0.00 ,1.99 ,0.00 ,0.00 ,,118155565.38,111.06,0.79,0.55 ,-0.14 ,0.40 ,14.11 ,14,9.89,8102,,,
VOTS11,Papéis,66.01,5388.31,0.83,0.62,0.00 ,1.02 ,3.54 ,9.39 ,0.34 ,0.59 ,0.78 ,8.35 ,0.00 ,0.00 ,,76816141.90,92.78,0.71,0.83 ,-0.55 ,0.28 ,9.29 ,14,47.02,547,,,
VPPR11,Lajes Corporativas,15.36,38831.09,0.39,0.07,0.53 ,0.00 ,0.00 ,1.01 ,0.00 ,0.00 ,0.08 ,0.53 ,-10.74 ,-10.27 ,-10.27 ,290270133.17,,,,,,,2,15.42,35403,,0.95  aa,20.00  aa
VRTA11,Papéis,76.37,1028469.04,0.91,0.85,1.09 ,3.28 ,6.53 ,13.26 ,1.09 ,1.09 ,1.11 ,12.16 ,-1.90 ,-0.83 ,20.39 ,1309134575.31,83.76,0.91,1.01 ,-8.13 ,-7.20 ,1.20 ,14,15.67,109760,,1.00  aa,
VRTM11,Misto,6.80,192998.17,0.73,0.09,1.31 ,3.91 ,7.81 ,16.34 ,1.30 ,1.30 ,1.36 ,14.96 ,-1.44 ,-0.15 ,22.45 ,437594292.66,,,,,,,8,15.13,11734,,0.90  aa,0.20  aa
VSEC11,Papéis,0.21,2.50,0.00,2.05,0.00 ,0.00 ,0.00 ,0.00 ,0.00 ,0.00 ,0.00 ,138.00 ,0.00 ,0.00 ,,118155565.38,,,,,,,14,904.16,8102,,0.70  aa,20.00  aa
VSHO11,Shoppings,73.49,107364.61,0.64,0.70,0.94 ,2.40 ,5.47 ,11.63 ,0.80 ,0.91 ,0.97 ,10.52 ,0.15 ,1.09 ,30.26 ,241712510.33,115.17,0.64,0.52 ,15.90 ,16.50 ,21.90 ,3,16.80,3006,0.75  aa,,
VSLH11,Papéis,2.38,71532.96,0.25,0.03,1.15 ,3.35 ,6.60 ,13.88 ,1.12 ,1.10 ,1.16 ,12.55 ,-3.45 ,-2.34 ,-5.15 ,299951487.02,10.04,0.24,0.29 ,-3.37 ,-3.09 ,15.38 ,14,19.05,66624,,0.95  aa,20.00  aa
VTLT11,Imóveis Industriais e Logísticos,88.98,639517.96,0.84,1.03,1.18 ,3.57 ,6.99 ,14.16 ,1.19 ,1.17 ,1.18 ,13.02 ,0.83 ,2.02 ,22.03 ,196502433.44,92.91,0.96,1.11 ,-7.76 ,-6.74 ,0.17 ,1,15.55,5585,0.95  aa,,
VTPL11,Papéis,65.90,66.00,0.66,1.13,0.00 ,0.00 ,0.00 ,0.00 ,0.00 ,0.00 ,0.00 ,0.00 ,0.00 ,0.00 ,,138808961.20,,,,,,,2,8.98,125,,,
VVCO11,Lajes Corporativas,14.76,12105.14,1.01,11.16,0.00 ,0.00 ,0.00 ,0.00 ,0.00 ,0.00 ,0.00 ,0.00 ,0.00 ,0.00 ,,145964531.15,,,,,,,4,16.32,2582,,1.20  aa,20.00  aa
VVCR11,Papéis,9.23,76399.57,0.89,0.06,0.61 ,2.71 ,6.04 ,12.99 ,0.90 ,1.01 ,1.08 ,10.89 ,-0.70 ,-0.10 ,27.69 ,76011138.61,,,,,,,14,27.66,2149,,1.15  aa,
VVMR11,Lajes Corporativas,84.99,18891.83,0.80,0.20,0.00 ,0.48 ,0.93 ,2.61 ,0.48 ,0.93 ,0.22 ,1.47 ,0.00 ,0.00 ,,299813568.38,,,,,,,5,27.45,585,,,
VVPR11,Misto,101.50,1249061.55,1.59,0.89,0.89 ,0.00 ,0.00 ,0.00 ,0.00 ,0.00 ,0.00 ,7.45 ,0.40 ,1.30 ,14.44 ,118155565.38,98.03,1.04,0.74 ,-0.10 ,0.64 ,0.09 ,14,3.43,8102,,,
VVRI11,Indefinido,90.00,90.00,0.99,0.75,0.00 ,1.55 ,2.71 ,8.11 ,0.52 ,0.45 ,0.68 ,5.54 ,0.00 ,0.00 ,,72671229.34,,,,,,,3,96.31,153,,,
VXXV11,Fundo de Desenvolvimento,683.00,597.63,1.10,273.35,0.00 ,0.00 ,0.00 ,0.00 ,0.00 ,0.00 ,0.00 ,0.00 ,0.00 ,0.00 ,,295901798.51,,,,,,,1,3.46,19,,,
WHGR11,Indefinido,8.78,235886.09,0.91,0.10,1.11 ,3.36 ,6.09 ,13.52 ,1.12 ,1.02 ,1.13 ,13.52 ,-0.33 ,0.77 ,28.22 ,299129500.90,,,,,,,1,15.95,14323,,1.00  aa,20.00  aa
WPLZ11,Shoppings,47.39,3434.95,0.67,0.37,0.75 ,2.25 ,6.48 ,10.44 ,0.75 ,1.08 ,0.87 ,9.86 ,0.80 ,1.55 ,9.75 ,78040638.69,66.70,0.71,0.55 ,-24.03 ,-23.61 ,-31.36 ,1,44.05,1569,,0.55  aa,
WSEC11,Indefinido,1.60,7551.70,0.33,4.07,75.95 ,77.81 ,145.28 ,190.55 ,25.94 ,24.21 ,15.88 ,195.86 ,-5.63 ,66.04 ,747.02 ,14176356.51,,,,,,,14,243.00,892,,1.00  aa,20.00  aa
WTSP11B,Misto,36.00,3852.00,0.68,0.05,0.09 ,0.81 ,26.17 ,27.19 ,0.81 ,4.36 ,2.27 ,0.81 ,0.00 ,0.00 ,,104295912.94,84.21,0.43,0.06 ,16.18 ,16.25 ,12.98 ,2,6.67,210,,,
XPCA11,Indefinido,7.90,431815.48,0.82,0.11,1.38 ,4.13 ,8.38 ,15.47 ,1.38 ,1.40 ,1.29 ,14.76 ,-0.74 ,0.63 ,64.81 ,438387264.28,9.63,0.82,1.14 ,1.47 ,2.63 ,15.42 ,0,16.34,94725,,1.00  aa,10.00  aa
XPCI11,Papéis,80.62,1202884.70,0.93,0.90,1.08 ,3.32 ,7.00 ,14.05 ,1.11 ,1.17 ,1.17 ,12.91 ,-1.54 ,-0.47 ,33.63 ,768483944.72,88.32,0.91,1.08 ,-3.82 ,-2.79 ,5.81 ,14,18.52,70645,,1.00  aa,
XPCM11,Lajes Corporativas,8.21,12822.74,0.28,0.02,0.20 ,0.00 ,0.00 ,0.00 ,0.00 ,0.00 ,0.00 ,0.20 ,-0.87 ,-0.67 ,-0.67 ,69694869.72,29.04,0.28,0.07 ,-34.13 ,-34.09 ,-44.99 ,1,42.61,2,,0.80  aa,
XPHT11,Hotéis,123.00,230869.59,0.66,0.41,0.93 ,2.91 ,5.33 ,10.11 ,0.97 ,0.89 ,0.84 ,10.11 ,15.85 ,16.93 ,15.37 ,581976733.73,63.13,1.95,0.65 ,-33.00 ,-32.56 ,-26.69 ,14,29.85,1268,,,
XPID11,Indefinido,47.43,131347.59,,0.50,1.01 ,2.95 ,6.11 ,13.69 ,0.98 ,1.02 ,1.14 ,12.44 ,-2.29 ,-1.30 ,0.05 ,,,,,,,,0,24.78,0,,0.95  aa,
XPIE11,Indefinido,54.38,1036687.48,,0.93,1.63 ,3.30 ,5.85 ,15.17 ,1.10 ,0.98 ,1.26 ,18.73 ,-4.55 ,-2.99 ,25.34 ,,,,,,,,0,17.24,0,,1.30  aa,20.00  aa
XPIN11,Imóveis Industriais e Logísticos,77.56,218833.00,0.76,0.85,1.14 ,3.27 ,6.44 ,13.52 ,1.09 ,1.07 ,1.13 ,11.13 ,-1.71 ,-0.59 ,38.82 ,722665306.63,101.07,0.77,0.77 ,-2.71 ,-1.96 ,-0.53 ,81,16.45,41994,,0.75  aa,
XPLG11,Imóveis Industriais e Logísticos,101.69,2121744.52,0.95,0.82,0.81 ,2.44 ,4.95 ,10.34 ,0.81 ,0.83 ,0.86 ,9.44 ,0.67 ,1.49 ,28.28 ,3306774149.11,106.07,0.96,0.77 ,-6.89 ,-6.17 ,4.75 ,18,14.81,336298,0.95  aa,,20.00  aa
XPML11,Shoppings,106.72,7761004.30,0.95,0.92,0.87 ,2.66 ,5.35 ,11.22 ,0.89 ,0.89 ,0.94 ,9.24 ,0.00 ,0.87 ,28.63 ,6167114513.03,112.61,0.95,0.82 ,11.56 ,12.47 ,20.53 ,20,14.67,621798,,0.75  aa,20.00  aa
XPPR11,Lajes Corporativas,12.54,78639.38,0.21,0.07,0.53 ,1.02 ,2.30 ,4.38 ,0.34 ,0.38 ,0.37 ,0.53 ,-9.03 ,-8.55 ,-8.55 ,443953188.51,60.68,0.21,0.12 ,-18.41 ,-18.31 ,-21.40 ,2,21.62,42867,,,
XPSF11,Fundo de Fundos,6.27,370446.04,0.79,0.07,1.03 ,3.14 ,6.20 ,12.91 ,1.05 ,1.03 ,1.08 ,11.73 ,0.64 ,1.67 ,20.17 ,341626119.33,7.89,0.79,0.82 ,-5.51 ,-4.73 ,-90.04 ,14,17.29,57904,,1.00  aa,20.00  aa
XTED11,Lajes Corporativas,8.82,17641.88,0.68,11.16,,,,,,,,,,,,67378204.04,28.02,0.31,0.00 ,-0.36 ,-0.36 ,-3.45 ,1,29.46,4098,1.00  aa,0.20  aa,
YUFI11,Fundo de Desenvolvimento,59.50,5.17,1.30,29.23,0.00 ,0.00 ,0.00 ,2.99 ,0.00 ,0.00 ,0.25 ,2.80 ,0.00 ,0.00 ,,22570787.07,,,,,,,11,40.89,56,,,
YUFI11B,Indefinido,,,,0.63,0.00 ,0.00 ,0.00 ,0.00 ,0.00 ,0.00 ,0.00 ,,0.00 ,0.00 ,0.00 ,,105.53,,0.60 ,-0.01 ,0.59 ,6.32 ,0,,0,,,
ZAGH11,Serviços Financeiros Diversos,9.86,1583.43,1.14,0.06,0.59 ,1.79 ,3.74 ,7.19 ,0.60 ,0.62 ,0.60 ,6.62 ,0.60 ,1.19 ,-11.58 ,80155518.98,,,,,,,1,68.77,438,,1.50  aa,20.00  aa
ZAVC11,Indefinido,10.18,5277.04,0.99,0.13,0.00 ,2.68 ,7.22 ,15.90 ,0.89 ,1.20 ,1.33 ,0.00 ,0.00 ,0.00 ,,36098357.49,,,,,,,1,69.49,491,1.25  aa,,20.00  aa
ZAVI11,Indefinido,93.90,21875.87,0.66,1.10,1.23 ,3.74 ,7.65 ,15.37 ,1.25 ,1.28 ,1.28 ,14.14 ,1.04 ,2.28 ,10.80 ,161732136.91,,,,,,,9,28.63,2410,,1.25  aa,20.00  aa
ZIFI11,Fundo de Desenvolvimento,550.00,44765.00,0.29,3.31,0.00 ,0.00 ,0.00 ,0.00 ,0.00 ,0.00 ,0.00 ,0.00 ,0.00 ,0.00 ,,83763503.94,,,,,,,14,54.56,92,,,
