papel,setor,preço_atual,liquidez_diária,p_vp,último_dividendo,dividend_yield,dy_3m_acumulado,dy_6m_acumulado,dy_12m_acumulado,dy_3m_média,dy_6m_média,dy_12m_média,dy_ano,variação_preço,rentab_período,rentab_acumulada,patrimônio_líquido,vpa,p_vpa,dy_patrimonial,variação_patrimonial,rentab_patr_período,rentab_patr_acumulada,quant_ativos,volatilidade,num_cotistas,tax_gestão,tax_performance,tax_administração
AAGR11,Papéis,94.00,12885.23,,1.46,1.54 ,4.57 ,8.69 ,16.82 ,1.52 ,1.45 ,1.40 ,12.94 ,2.63 ,4.21 ,24.14 ,,,,0.00 ,0.00 ,0.00 ,0.00 ,0,60.09,0,,,
AAZQ11,Indefinido,8.00,399512.05,0.93,0.12,1.54 ,4.31 ,8.83 ,18.33 ,1.44 ,1.47 ,1.53 ,16.80 ,1.70 ,3.27 ,48.06 ,208459385.36,8.67,0.92,1.27 ,0.00 ,0.00 ,0.00 ,0,17.85,29722,,1.20  aa,10.00  aa
ABCP11,Shoppings,74.99,69937.23,0.70,0.65,0.88 ,2.10 ,4.98 ,9.75 ,0.70 ,0.83 ,0.81 ,8.66 ,-7.27 ,-6.46 ,26.20 ,503543904.66,106.93,0.70,0.47 ,16.46 ,17.00 ,25.33 ,1,26.25,14296,,0.10  aa,
AFHI11,Papéis,94.70,639410.73,1.01,1.01,1.05 ,3.20 ,6.64 ,13.42 ,1.07 ,1.11 ,1.12 ,12.27 ,1.33 ,2.40 ,31.20 ,429289139.76,94.23,1.00,1.07 ,-0.78 ,0.28 ,6.57 ,14,11.68,37582,,1.00  aa,
AGRX11,Papéis,8.09,173569.55,0.76,0.12,1.47 ,4.42 ,9.09 ,15.91 ,1.47 ,1.52 ,1.33 ,15.01 ,-0.24 ,1.22 ,42.25 ,189949156.05,10.61,0.76,1.13 ,0.00 ,0.00 ,0.00 ,0,25.65,18710,,1.00  aa,10.00  aa
AIEC11,Lajes Corporativas,52.47,516907.27,0.66,0.34,0.63 ,2.00 ,4.14 ,10.95 ,0.67 ,0.69 ,0.91 ,9.48 ,2.71 ,3.36 ,40.61 ,387649935.33,80.34,0.65,0.42 ,-14.08 ,-13.72 ,-12.72 ,2,16.81,14260,,0.75  aa,20.00  aa
AJFI11,Shoppings,7.79,732546.32,0.70,0.05,0.57 ,1.74 ,4.24 ,10.48 ,0.58 ,0.71 ,0.87 ,9.44 ,1.16 ,1.74 ,28.35 ,351049701.41,,,,,,,12,12.47,11864,0.60  aa,0.10  aa,
ALMI11,Lajes Corporativas,619.57,17088.44,0.29,3.04,0.00 ,1.40 ,2.91 ,7.03 ,0.47 ,0.49 ,0.59 ,5.74 ,0.00 ,0.00 ,,233842195.12,2046.78,0.30,0.00 ,-0.05 ,-0.05 ,0.90 ,1,50.73,1910,,0.38  aa,
ALZC11,Papéis,7.98,663102.23,0.82,0.10,1.23 ,3.87 ,7.87 ,16.41 ,1.29 ,1.31 ,1.37 ,15.01 ,-0.90 ,0.32 ,4.16 ,188815870.53,,,,,,,14,46.21,9566,,1.30  aa,20.00  aa
ALZM11,Fundo de Fundos,6.32,164.43,0.85,0.40,6.30 ,0.00 ,0.00 ,9.97 ,0.00 ,0.00 ,0.83 ,7.55 ,-1.25 ,4.97 ,4.65 ,113203496.22,7.46,0.85,1.07 ,-91.94 ,-91.85 ,-91.51 ,14,18.67,12195,,0.80  aa,20.00  aa
ALZR11,Misto,10.65,1747148.73,0.99,0.08,0.78 ,2.36 ,4.92 ,10.03 ,0.79 ,0.82 ,0.84 ,9.14 ,0.95 ,1.73 ,28.69 ,1303041750.32,10.66,1.00,0.78 ,-90.03 ,-89.95 ,-89.14 ,19,11.22,172911,0.70  aa,0.25  aa,
APTO11,Imóveis Residenciais,8.39,19455.18,0.86,0.09,1.07 ,3.19 ,6.53 ,13.22 ,1.06 ,1.09 ,1.10 ,12.12 ,-0.94 ,0.12 ,15.70 ,45047614.31,9.77,0.86,0.92 ,-1.91 ,-1.00 ,13.04 ,3,19.83,8087,,1.50  aa,20.00  aa
APXM11,Shoppings,73.48,293059.50,0.59,0.37,0.50 ,1.26 ,2.24 ,4.65 ,0.42 ,0.37 ,0.39 ,4.33 ,-2.95 ,-2.46 ,-23.22 ,350100265.28,,,,,,,1,58.78,653,,,
ARCT11,Imóveis Industriais e Logísticos,87.13,1053903.45,0.87,0.50,0.00 ,1.30 ,3.82 ,12.55 ,0.43 ,0.64 ,1.05 ,0.00 ,0.00 ,0.00 ,,371534654.03,99.77,0.87,0.76 ,0.04 ,0.80 ,6.31 ,9,15.63,43228,,1.00  aa,20.00  aa
AROA11,Imóveis Industriais e Logísticos,1.00,4172.45,1.11,0.01,0.75 ,2.22 ,4.13 ,8.10 ,0.74 ,0.69 ,0.68 ,7.45 ,0.00 ,0.75 ,13.32 ,159511379.53,,,,,,,6,26.89,4958,,,
ARRI11,Papéis,6.60,226278.91,0.78,0.09,1.37 ,4.07 ,7.94 ,15.32 ,1.36 ,1.32 ,1.28 ,14.17 ,-0.60 ,0.76 ,-3.01 ,174117520.88,8.40,0.79,1.07 ,-5.19 ,-4.18 ,-89.47 ,1,15.77,127,,,
ARTE11,Misto,,,,0.12,0.00 ,0.00 ,0.00 ,0.00 ,0.00 ,0.00 ,0.00 ,0.00 ,0.00 ,0.00 ,,88116402.19,,,,,,,0,,684,,,
ARXD11,Papéis,7.53,70856.73,0.84,0.09,1.20 ,3.68 ,7.47 ,15.84 ,1.23 ,1.25 ,1.32 ,14.51 ,-0.13 ,1.06 ,15.20 ,81735159.08,,,,,,,14,28.24,1785,,1.02  aa,
ASMT11,Lajes Corporativas,4.10,12484.00,0.41,0.08,1.12 ,0.00 ,0.00 ,0.00 ,0.00 ,0.00 ,0.00 ,2.19 ,-4.46 ,-3.39 ,-3.83 ,169085584.25,,,,,,,3,52.59,1,,1.20  aa,20.00  aa
ASRF11,Indefinido,10974.00,106734.82,1.13,256.33,0.00 ,0.00 ,0.00 ,0.00 ,0.00 ,0.00 ,0.00 ,0.00 ,0.00 ,0.00 ,,38794356.06,,,,,,,2,1.12,77,,,
ATSA11,Shoppings,51.40,233.23,0.67,0.15,0.00 ,0.29 ,1.90 ,4.41 ,0.29 ,0.32 ,0.37 ,4.41 ,0.00 ,0.00 ,,134940186.53,77.06,0.67,0.19 ,-5.38 ,-5.19 ,-13.90 ,1,29.32,298,,0.50  aa,
AURB11,Imóveis Comerciais - Outros,80.60,121500.00,1.00,0.40,0.00 ,0.00 ,0.00 ,0.00 ,0.00 ,0.00 ,0.00 ,0.00 ,0.00 ,0.00 ,,88291323.72,,,,,,,2,43.25,20,,1.05  aa,
AZIN11,FIP-IE,100.05,707627.23,,1.90,1.84 ,5.63 ,10.40 ,15.23 ,1.88 ,1.73 ,1.27 ,15.23 ,2.69 ,4.58 ,51.24 ,,,,,,,,0,17.50,0,,1.25  aa,20.00  aa
AZPE11,Papéis,,,,0.14,0.00 ,0.00 ,0.00 ,0.00 ,0.00 ,0.00 ,0.00 ,0.00 ,0.00 ,0.00 ,,125398011.48,,,,,,,9,,1,,,
AZPL11,Serviços Financeiros Diversos,7.65,490469.59,0.90,0.08,0.98 ,2.88 ,6.46 ,14.93 ,0.96 ,1.08 ,1.24 ,13.63 ,0.13 ,1.11 ,39.59 ,355683740.32,,,,,,,2,21.03,6293,,1.10  aa,
BBFI11B,Lajes Corporativas,1257.10,182918.19,0.41,634.23,47.51 ,0.00 ,47.51 ,69.77 ,0.00 ,7.92 ,5.81 ,69.77 ,4.22 ,53.73 ,119.39 ,111645834.19,864.77,1.45,73.34 ,-60.09 ,-30.81 ,-43.61 ,1,43.40,6989,,3.50  aa,
BBFO11,Fundo de Fundos,62.84,182707.32,0.85,0.70,1.12 ,3.44 ,7.13 ,14.33 ,1.15 ,1.19 ,1.19 ,13.24 ,-1.05 ,0.06 ,25.36 ,294053567.62,73.44,0.86,0.99 ,-10.14 ,-9.25 ,-4.93 ,14,15.59,6929,,0.50  aa,
BBGO11,Indefinido,64.90,332805.45,0.69,0.90,1.39 ,4.15 ,8.36 ,17.97 ,1.38 ,1.39 ,1.50 ,17.97 ,-1.67 ,-0.31 ,11.59 ,373753365.35,93.32,0.70,0.96 ,-4.71 ,-3.79 ,4.00 ,0,16.96,11891,,0.85  aa,10.00  aa
BBIG11,Serviços Financeiros Diversos,7.05,1192213.00,0.71,0.08,1.14 ,3.42 ,6.80 ,14.51 ,1.14 ,1.13 ,1.21 ,13.11 ,-0.85 ,0.28 ,24.39 ,978946470.09,,,,,,,3,21.43,34610,,0.80  aa,
BBIM11,Papéis,,,,0.10,0.00 ,0.00 ,0.00 ,0.00 ,0.00 ,0.00 ,0.00 ,0.00 ,0.00 ,0.00 ,,667.50,,,0.00 ,-100.00 ,0.00 ,0.00 ,14,,20,,,
BBRC11,Agências de Bancos,98.35,112119.23,0.94,1.05,1.07 ,3.17 ,6.28 ,13.09 ,1.06 ,1.05 ,1.09 ,12.00 ,-2.42 ,-1.37 ,10.92 ,166940690.84,104.99,0.94,1.00 ,-2.48 ,-1.50 ,9.70 ,21,17.53,8752,,0.60  aa,
BCIA11,Fundo de Fundos,86.86,418022.00,0.87,0.86,1.02 ,3.00 ,5.99 ,12.52 ,1.00 ,1.00 ,1.04 ,11.43 ,-1.59 ,-0.59 ,22.60 ,368668708.74,99.13,0.88,0.85 ,-1.13 ,-0.29 ,4.21 ,14,15.16,20764,,0.50  aa,20.00  aa
BCRI11,Papéis,64.20,478729.86,0.76,0.92,1.45 ,4.10 ,8.17 ,16.25 ,1.37 ,1.36 ,1.35 ,14.91 ,-0.58 ,0.86 ,31.34 ,527954772.60,84.37,0.76,1.04 ,-16.39 ,-15.52 ,-9.20 ,14,16.19,42457,,1.00  aa,
BDIF11,Indefinido,69.75,2345138.95,,0.90,1.28 ,2.99 ,6.52 ,14.96 ,1.00 ,1.09 ,1.25 ,13.73 ,-7.47 ,-6.28 ,19.29 ,,,,,,,,0,16.27,0,,0.75  aa,20.00  aa
BDIV11,Indefinido,40.00,195045.27,,1.60,3.84 ,7.97 ,12.48 ,228.11 ,2.66 ,2.08 ,19.01 ,17.43 ,7.70 ,11.83 ,29.13 ,,,,,,,,0,20.06,0,,1.10  aa,
BETW11,Indefinido,,,,0.46,0.00 ,0.00 ,0.00 ,0.00 ,0.00 ,0.00 ,0.00 ,0.00 ,0.00 ,0.00 ,,263949527.80,,,,,,,1,,2,,,
BGRB11,Lajes Corporativas,110.00,6224.50,0.92,0.15,0.00 ,0.14 ,0.14 ,2.71 ,0.14 ,0.14 ,0.23 ,2.71 ,0.00 ,0.00 ,,232005448.40,,,,,,,1,58.54,371,0.95  aa,0.13  aa,10.00  aa
BICE11,Fundo de Fundos,882.75,888.00,0.80,5.50,0.00 ,0.11 ,0.51 ,4.72 ,0.11 ,0.51 ,0.39 ,3.75 ,0.00 ,0.00 ,,146450113.48,1097.71,0.80,0.61 ,10.12 ,10.80 ,18.81 ,14,45.27,119,,,
BICR11,Papéis,35.92,72.00,0.86,0.36,1.02 ,0.00 ,0.00 ,0.00 ,0.00 ,0.00 ,0.00 ,4.52 ,-10.54 ,-9.63 ,-26.97 ,20805910.51,42.51,0.84,0.85 ,-57.20 ,-56.84 ,-52.66 ,14,1.46,641,,0.50  aa,
BIDB11,Indefinido,76.37,315048.59,,1.00,1.28 ,3.80 ,7.94 ,17.52 ,1.27 ,1.32 ,1.46 ,16.26 ,-2.97 ,-1.72 ,28.44 ,,,,,,,,0,17.63,0,,0.80  aa,
BIME11,Indefinido,5.99,53209.82,0.71,0.07,1.04 ,3.18 ,7.06 ,15.52 ,1.06 ,1.18 ,1.29 ,14.11 ,-2.45 ,-1.44 ,24.44 ,49405525.39,8.45,0.71,0.83 ,-6.42 ,-5.65 ,1.16 ,3,19.32,8183,,1.50  aa,20.00  aa
BINC11,Papéis,99.10,785792.86,,1.60,1.59 ,3.12 ,7.20 ,14.26 ,1.04 ,1.20 ,1.30 ,13.28 ,2.22 ,3.84 ,35.56 ,,,,,,,,0,18.40,0,,0.90  aa,
BINR11,Indefinido,1673.35,,1.52,180.14,0.00 ,0.00 ,0.00 ,0.00 ,0.00 ,0.00 ,0.00 ,0.00 ,0.00 ,0.00 ,,130906514.53,,,,,,,10,,103,,,
BIPD11,Indefinido,989.33,430358.00,1.00,27.17,0.00 ,0.00 ,0.00 ,0.00 ,0.00 ,0.00 ,0.00 ,0.00 ,0.00 ,0.00 ,,109303392.24,,,,,,,1,9.78,112,,,
BLCA11,Indefinido,89.00,106068.48,0.71,0.50,0.55 ,1.63 ,3.67 ,7.11 ,0.54 ,0.61 ,0.59 ,6.56 ,-3.58 ,-3.05 ,6.86 ,203329486.32,127.08,0.70,0.39 ,-11.52 ,-11.17 ,25.60 ,1,65.83,470,,1.15  aa,20.00  aa
BLMC11,Papéis,85.75,150671.33,1.34,5.34,0.00 ,0.00 ,0.00 ,0.00 ,0.00 ,0.00 ,0.00 ,0.74 ,0.00 ,0.00 ,,118155565.38,94.69,0.91,1.13 ,-1.48 ,-0.36 ,2.88 ,14,3.23,8102,,,
BLMG11,Imóveis Industriais e Logísticos,32.84,148173.95,0.65,0.36,1.09 ,3.22 ,6.13 ,16.51 ,1.07 ,1.02 ,1.38 ,14.85 ,-1.79 ,-0.72 ,26.97 ,236011690.72,70.36,0.47,0.51 ,-26.66 ,-26.29 ,-23.11 ,2,32.17,12869,,0.95  aa,20.00  aa
BLMO11,Lajes Corporativas,89.00,3752.47,0.85,0.53,0.00 ,1.23 ,3.29 ,7.08 ,0.41 ,0.55 ,0.59 ,6.43 ,0.00 ,0.00 ,,104129246.48,104.67,0.85,0.51 ,-99.65 ,-99.64 ,-99.60 ,1,50.87,297,,1.00  aa,15.00  aa
BLMR11,Fundo de Fundos,6.78,1157702.33,0.11,0.37,0.00 ,0.00 ,0.00 ,0.00 ,0.00 ,0.00 ,0.00 ,0.00 ,0.00 ,0.00 ,,118155565.38,7.61,0.89,0.70 ,-1.68 ,-0.99 ,1.82 ,14,3.49,8102,,1.00  aa,20.00  aa
BLOG11,Misto,9.49,101.50,0.84,0.02,0.20 ,0.20 ,1.21 ,4.08 ,0.20 ,0.20 ,0.34 ,2.76 ,-6.82 ,-6.63 ,-8.76 ,346922775.80,,,,,,,6,69.82,116,0.85  aa,0.20  aa,
BLUR11,Papéis,76.03,228.00,1.00,74.29,0.00 ,0.00 ,0.82 ,5.50 ,0.00 ,0.82 ,0.46 ,4.01 ,0.00 ,0.00 ,,6851720.42,,,,,,,14,77.51,1,,,
BMLC11,Lajes Corporativas,90.00,44290.14,0.85,0.72,0.76 ,1.48 ,3.66 ,8.20 ,0.49 ,0.61 ,0.68 ,7.38 ,-0.33 ,0.43 ,12.70 ,105715178.09,105.88,0.85,0.64 ,-6.69 ,-6.09 ,2.54 ,1,990.54,1259,0.20  aa,0.20  aa,
BNFS11,Agências de Bancos,72.30,98398.77,0.92,0.85,1.15 ,3.85 ,7.91 ,16.45 ,1.28 ,1.32 ,1.37 ,14.88 ,-2.27 ,-1.15 ,-0.93 ,54763817.07,78.23,0.92,1.28 ,-14.41 ,-13.32 ,-7.69 ,18,20.11,5794,,0.30  aa,
BODB11,Indefinido,7.35,1227246.95,,0.10,1.33 ,3.75 ,6.83 ,12.94 ,1.25 ,1.14 ,1.08 ,16.13 ,-0.79 ,0.53 ,25.59 ,,,,,,,,0,21.38,0,,0.90  aa,20.00  aa
BPFF11,Fundo de Fundos,54.53,512062.00,0.88,2.24,0.00 ,0.00 ,3.70 ,10.62 ,0.00 ,0.62 ,0.89 ,9.50 ,0.00 ,0.00 ,,279190787.97,62.15,0.88,1.13 ,-15.43 ,-14.48 ,-11.96 ,14,19.24,20101,,0.40  aa,20.00  aa
BPLC11,Misto,,,,14.42,0.00 ,0.00 ,0.00 ,0.00 ,0.00 ,0.00 ,0.00 ,0.00 ,0.00 ,0.00 ,,324134649.66,,,,,,,1,,76,,,
BPML11,Shoppings,79.07,1177100.36,0.64,0.92,1.14 ,3.44 ,7.18 ,15.60 ,1.15 ,1.20 ,1.30 ,19.01 ,0.58 ,1.72 ,67.11 ,919822620.53,123.60,0.64,0.74 ,-0.92 ,-0.18 ,0.76 ,4,15.95,5990,,1.00  aa,
BPRP11,Imóveis Industriais e Logísticos,107.50,2150.00,0.86,0.93,0.00 ,0.00 ,0.00 ,0.00 ,0.00 ,0.00 ,0.00 ,4.54 ,0.00 ,0.00 ,,169496975.27,,,,,,,15,1.53,171,,,
BRCO11,Imóveis Industriais e Logísticos,116.75,3633048.86,0.99,0.87,0.75 ,2.27 ,4.86 ,10.23 ,0.76 ,0.81 ,0.85 ,9.29 ,-0.09 ,0.66 ,37.78 ,1868441735.85,117.47,0.99,0.74 ,-3.30 ,-2.58 ,6.01 ,12,13.76,121282,1.00  aa,,20.00  aa
BRCR11,Lajes Corporativas,42.30,1890751.36,0.50,0.41,0.99 ,2.91 ,5.80 ,13.22 ,0.97 ,0.97 ,1.10 ,11.88 ,-3.56 ,-2.61 ,25.34 ,2265636906.39,85.05,0.50,0.48 ,-15.00 ,-14.59 ,-15.83 ,6,13.78,119668,1.50  aa,0.25  aa,
BREV11,Lajes Corporativas,105.00,532138.00,1.65,0.58,0.55 ,0.00 ,0.00 ,0.00 ,0.00 ,0.00 ,0.00 ,10.03 ,0.32 ,0.87 ,22.08 ,118155565.38,,,0.00 ,-100.00 ,0.00 ,0.00 ,1,0.34,8102,,,
BRFT11,Misto,85.50,70510.27,,1.31,1.55 ,4.42 ,9.57 ,19.48 ,1.47 ,1.60 ,1.62 ,19.48 ,-1.40 ,0.13 ,45.04 ,,,,0.00 ,0.00 ,0.00 ,0.00 ,0,51.53,0,,,
BRIM11,Fundo de Desenvolvimento,334.99,14715.91,1.58,40.28,12.39 ,35.91 ,53.09 ,113.36 ,11.97 ,8.85 ,9.45 ,105.56 ,-36.75 ,-28.91 ,35.91 ,23795058.45,,,,,,,2,85.88,715,,1.70  aa,
BRIP11,Fundo de Desenvolvimento,598.00,8078.13,1.07,27.85,0.00 ,13.81 ,33.48 ,70.30 ,4.60 ,5.58 ,5.86 ,59.02 ,0.00 ,0.00 ,,120848909.89,,,,,,,10,179.66,447,,2.00  aa,
BRIX11,Indefinido,1673.35,195781.00,1.52,180.14,0.00 ,0.00 ,0.00 ,0.00 ,0.00 ,0.00 ,0.00 ,0.00 ,0.00 ,0.00 ,,130906514.53,,,,,,,10,,103,,,
BRLA11,Imóveis Industriais e Logísticos,148.00,21194.28,0.84,1.15,0.78 ,2.38 ,3.11 ,4.64 ,0.79 ,0.52 ,0.39 ,4.64 ,4.99 ,5.81 ,5.06 ,815145198.38,166.46,0.89,0.69 ,5.36 ,6.09 ,-2.26 ,8,76.52,435,,-0.75  aa,
BROF11,Lajes Corporativas,53.20,370272.00,0.49,0.53,1.00 ,2.77 ,5.89 ,13.49 ,0.92 ,0.98 ,1.12 ,12.19 ,1.80 ,2.82 ,56.22 ,1267682646.74,,,,,,,1,23.03,10276,0.45  aa,0.15  aa,
BRZP11,,144.10,621455.23,,0.92,0.63 ,1.92 ,3.72 ,7.85 ,0.64 ,0.62 ,0.65 ,7.10 ,1.32 ,1.95 ,79.63 ,,,,,,,,0,23.65,0,1.50  aa,0.12  aa,
BTAG11,Indefinido,102.97,56646.27,0.93,1.35,1.33 ,4.02 ,8.18 ,701.43 ,1.34 ,1.36 ,58.45 ,701.43 ,3.26 ,4.64 ,1497.33 ,47543351.89,110.77,0.93,1.17 ,0.00 ,0.00 ,0.00 ,0,31.01,2988,1.00  aa,0.15  aa,10.00  aa
BTAL11,Imóveis Industriais e Logísticos,78.40,730523.00,0.66,0.95,1.21 ,3.55 ,6.93 ,14.53 ,1.18 ,1.16 ,1.21 ,13.11 ,-2.98 ,-1.81 ,51.99 ,697214850.35,116.54,0.67,0.82 ,10.93 ,11.83 ,21.24 ,9,16.06,38446,,1.10  aa,
BTCI11,Papéis,9.17,1683368.14,0.91,0.10,1.01 ,3.15 ,6.46 ,13.34 ,1.05 ,1.08 ,1.11 ,12.12 ,0.00 ,1.01 ,41.92 ,997232149.68,,,,,,,14,14.81,197057,,0.95  aa,
BTCR11,Papéis,88.00,571148.00,1.38,0.90,0.98 ,0.00 ,0.00 ,0.00 ,0.00 ,0.00 ,0.00 ,12.53 ,-5.96 ,-5.04 ,14.54 ,118155565.38,95.27,0.92,0.94 ,0.64 ,1.59 ,4.62 ,14,32.78,8102,,1.00  aa,
BTHF11,Papéis,8.31,3620241.95,0.84,0.09,1.07 ,3.19 ,6.47 ,14.36 ,1.06 ,1.08 ,1.20 ,13.06 ,-1.49 ,-0.44 ,30.63 ,2029145670.87,,,,,,,0,15.03,314177,,1.10  aa,
BTHI11,Hotéis,43.00,22645.77,0.66,0.45,1.09 ,2.99 ,6.21 ,11.83 ,1.00 ,1.04 ,0.99 ,10.83 ,0.07 ,1.16 ,14.44 ,630153923.46,,,,,,,14,32.11,1511,,0.80  aa,20.00  aa
BTLG11,Imóveis Industriais e Logísticos,103.70,8646831.27,1.00,0.79,0.76 ,2.29 ,4.67 ,9.90 ,0.76 ,0.78 ,0.83 ,8.98 ,0.28 ,1.04 ,33.67 ,5078230414.17,103.53,1.00,0.76 ,4.82 ,5.62 ,11.07 ,6,13.18,410107,,0.90  aa,
BTML11,Lajes Corporativas,101.37,,0.79,1.04,0.00 ,0.00 ,0.00 ,5.38 ,0.00 ,0.00 ,0.45 ,4.59 ,0.00 ,0.00 ,,144658549.76,,,,,,,2,2.44,1,,,
BTRA11,Indefinido,60.08,197372.18,0.54,0.40,0.69 ,2.11 ,5.00 ,9.27 ,0.70 ,0.83 ,0.77 ,8.49 ,3.22 ,3.94 ,63.70 ,376363788.90,111.86,0.54,0.36 ,-19.35 ,-19.06 ,15.25 ,5,27.69,11922,,1.20  aa,20.00  aa
BTSG11,Imóveis Industriais e Logísticos,145.92,146.33,0.96,1.00,0.68 ,1.34 ,1.34 ,4.94 ,0.45 ,0.22 ,0.41 ,4.34 ,0.00 ,0.00 ,,117882485.89,152.10,0.96,0.66 ,10.50 ,11.22 ,22.50 ,1,16.78,106,,,
BTSI11,Misto,109.59,164.00,0.93,0.81,0.74 ,0.74 ,0.74 ,4.96 ,0.74 ,0.74 ,0.41 ,4.27 ,0.00 ,0.00 ,,707984331.42,,,,,,,5,36.55,211,,,
BTWR11,Fundo de Desenvolvimento,105.49,105.00,0.89,0.70,0.00 ,0.00 ,0.00 ,3.33 ,0.00 ,0.00 ,0.28 ,2.72 ,0.00 ,0.00 ,,95948078.28,118.56,0.89,0.55 ,5.85 ,6.43 ,14.99 ,1,32.95,141,,,
BTYU11,Incorporações,9.37,1639.59,0.93,0.08,0.85 ,2.88 ,6.36 ,14.24 ,0.96 ,1.06 ,1.19 ,13.08 ,-5.10 ,-4.30 ,5.59 ,301516059.18,,,,,,,14,78.86,528,,1.25  aa,20.00  aa
BZEL11,Misto,,,,5.09,0.00 ,0.00 ,0.00 ,0.00 ,0.00 ,0.00 ,0.00 ,0.00 ,0.00 ,0.00 ,,514355251.73,,,,,,,14,,3,,,
CACR11,Papéis,75.38,1501364.68,1.00,1.32,1.71 ,5.11 ,9.50 ,18.96 ,1.70 ,1.58 ,1.58 ,17.39 ,2.60 ,4.35 ,8.57 ,363588557.28,75.18,1.00,1.77 ,-27.38 ,-26.10 ,3.21 ,14,28.65,25274,,1.00  aa,20.00  aa
CAFE11,Misto,,,,1.01,0.00 ,0.00 ,0.00 ,0.00 ,0.00 ,0.00 ,0.00 ,0.00 ,0.00 ,0.00 ,,,,,,,,,0,,0,,,
CARE11,Misto,0.96,8540.86,0.14,0.01,1.13 ,0.00 ,0.00 ,0.00 ,0.00 ,0.00 ,0.00 ,6.79 ,-2.63 ,-1.53 ,42.14 ,249005255.70,1.60,0.60,0.10 ,-0.24 ,-0.14 ,3.56 ,14,42.27,11744,,1.55  aa,20.00  aa
CBOP11,Lajes Corporativas,37.00,290634.62,0.49,0.10,0.30 ,1.10 ,2.33 ,4.87 ,0.37 ,0.39 ,0.41 ,4.65 ,34.00 ,34.40 ,52.90 ,95650000.21,67.60,0.55,0.15 ,-8.43 ,-8.29 ,-18.27 ,1,57.07,2129,,0.30  aa,
CCME11,Indefinido,8.61,165892.64,0.82,0.08,0.97 ,2.85 ,5.77 ,11.94 ,0.95 ,0.96 ,1.00 ,10.88 ,-3.46 ,-2.53 ,27.35 ,707980353.99,,,,,,,1,29.34,9102,1.25  aa,0.15  aa,20.00  aa
CCRF11,Papéis,92.50,1276.82,1.45,3.50,0.00 ,0.00 ,0.00 ,0.00 ,0.00 ,0.00 ,0.00 ,0.00 ,0.00 ,0.00 ,,118155565.38,93.23,0.99,3.76 ,-2.86 ,0.79 ,3.55 ,14,8.06,8102,,,
CCVA11,Indefinido,98.97,159202.27,1.01,0.70,0.00 ,0.00 ,0.00 ,2.82 ,0.00 ,0.00 ,0.24 ,2.29 ,0.00 ,0.00 ,,61433124.11,,,,,,,1,0.95,1,,,
CDII11,Indefinido,108.29,5776312.59,,1.61,1.49 ,4.80 ,9.00 ,16.10 ,1.60 ,1.50 ,1.34 ,15.05 ,-2.67 ,-1.22 ,30.94 ,,,,,,,,0,18.83,0,,1.00  aa,
CEOC11,Lajes Corporativas,44.30,19678.27,0.61,0.49,1.10 ,3.30 ,6.71 ,14.33 ,1.10 ,1.12 ,1.19 ,12.99 ,-1.35 ,-0.27 ,43.93 ,131700862.62,72.53,0.61,0.66 ,-7.96 ,-7.35 ,-15.50 ,1,19.02,3887,,0.20  aa,
CFHI11,Fundo de Desenvolvimento,16.80,16.00,0.64,10.62,0.00 ,0.00 ,0.00 ,23.53 ,0.00 ,0.00 ,1.96 ,23.53 ,0.00 ,0.00 ,,2471977.90,,,,,,,4,13671.26,96,,,
CFII11,Indefinido,523.00,516.50,0.63,55.00,0.00 ,0.00 ,0.00 ,13.43 ,0.00 ,0.00 ,1.22 ,13.43 ,0.00 ,0.00 ,,104291869.23,,,,,,,5,205.66,102,,,
CIXM11,Misto,9.04,220499.50,0.23,0.15,0.00 ,0.00 ,0.00 ,0.00 ,0.00 ,0.00 ,0.00 ,0.00 ,0.00 ,0.00 ,,238379576.73,,,,,,,14,,108,,,
CJCT11,Lajes Corporativas,63.99,649074.93,0.85,0.20,0.31 ,0.63 ,1.87 ,3.58 ,0.63 ,0.31 ,0.30 ,3.40 ,3.23 ,3.55 ,28.16 ,229670232.43,57.90,1.11,0.00 ,0.58 ,0.58 ,0.58 ,1,35.66,843,,,
CLIN11,Fundo de Fundos,85.17,1215016.59,0.87,0.95,1.10 ,3.35 ,7.00 ,15.00 ,1.12 ,1.17 ,1.25 ,13.69 ,-2.10 ,-1.02 ,29.78 ,424267667.99,,,,,,,14,17.97,12673,,1.05  aa,
CNES11,Lajes Corporativas,1.78,360286.64,0.23,0.01,0.45 ,1.60 ,3.18 ,7.78 ,0.53 ,0.53 ,0.65 ,6.82 ,39.37 ,40.00 ,87.57 ,258219026.00,7.57,0.24,0.11 ,-91.54 ,-91.53 ,-91.16 ,1,56.36,84812,,0.30  aa,
COPP11,Lajes Corporativas,103.00,1827632.00,0.96,0.75,0.00 ,0.00 ,0.00 ,0.00 ,0.00 ,0.00 ,0.00 ,0.00 ,0.00 ,0.00 ,,511990775.74,,,,,,,4,17.75,117,,,
CORM11,Lajes Corporativas,,,,0.77,0.90 ,2.76 ,5.35 ,11.38 ,0.92 ,0.89 ,0.95 ,6.20 ,-2.97 ,-2.10 ,-4.27 ,,90.56,,0.89 ,-2.33 ,-1.45 ,0.21 ,0,,0,,,
CPFO11,Fundo de Fundos,,,,31.42,0.00 ,0.00 ,0.00 ,0.00 ,0.00 ,0.00 ,0.00 ,0.00 ,0.00 ,0.00 ,,118155565.38,,,,,,,14,,8102,,,
CPLG11,Misto,12.65,40010409.77,1.20,0.20,1.60 ,3.57 ,4.24 ,10.51 ,1.19 ,0.71 ,0.96 ,8.01 ,2.04 ,3.68 ,34.17 ,460156915.63,,,,,,,1,32.39,567,,0.90  aa,10.00  aa
CPOF11,Misto,109.50,26548583.75,1.02,0.45,0.00 ,0.81 ,1.42 ,4.66 ,0.81 ,0.24 ,0.39 ,3.83 ,0.00 ,0.00 ,,511990775.74,,,,,,,4,49.29,117,,,
CPSH11,Indefinido,10.71,10829210.95,0.93,0.12,1.12 ,3.13 ,6.26 ,13.38 ,1.04 ,1.04 ,1.12 ,12.05 ,9.68 ,10.91 ,47.21 ,903399166.22,,,,,,,7,14.68,26063,,0.92  aa,10.00  aa
CPTI11,Indefinido,83.06,1936460.32,,1.00,1.19 ,3.60 ,7.30 ,15.09 ,1.20 ,1.22 ,1.26 ,13.80 ,-0.02 ,1.17 ,23.66 ,,,,,,,,0,15.81,0,,1.00  aa,
CPTR11,Indefinido,7.45,308830.50,0.75,0.11,1.47 ,4.30 ,8.79 ,13.89 ,1.43 ,1.47 ,1.16 ,13.89 ,-1.32 ,0.13 ,12.09 ,196382761.22,9.91,0.75,1.11 ,-89.96 ,-89.85 ,-89.70 ,0,13.76,21508,,1.00  aa,20.00  aa
CPTS11,Papéis,7.44,5768872.95,0.83,0.09,1.20 ,3.52 ,7.19 ,14.63 ,1.17 ,1.20 ,1.22 ,13.37 ,-1.32 ,-0.13 ,44.45 ,2929439340.60,8.91,0.84,1.01 ,-89.96 ,-89.86 ,-89.76 ,14,14.26,353144,0.82  aa,,
CPUR11,Misto,10.80,31945253.64,1.06,0.10,0.94 ,2.83 ,4.90 ,11.48 ,0.94 ,0.82 ,0.96 ,10.33 ,0.57 ,1.51 ,23.01 ,669614943.49,,,,,,,13,11.78,1426,1.00  aa,,10.00  aa
CRAA11,Indefinido,93.96,673857.18,0.92,1.25,1.30 ,3.89 ,7.90 ,14.80 ,1.30 ,1.32 ,1.23 ,13.78 ,-0.60 ,0.69 ,40.54 ,241707964.80,101.99,0.92,1.23 ,0.00 ,0.00 ,0.00 ,0,10.76,10026,,1.15  aa,20.00  aa
CRFF11,Fundo de Fundos,73.80,4948.00,0.89,0.61,0.81 ,2.44 ,5.01 ,10.61 ,0.81 ,0.84 ,0.88 ,10.61 ,1.49 ,2.31 ,28.89 ,57271338.71,83.00,0.89,0.73 ,-1.19 ,-0.46 ,5.11 ,14,40.86,1209,,,
CSMC11,Indefinido,,,,9.21,0.00 ,0.00 ,0.00 ,0.00 ,0.00 ,0.00 ,0.00 ,0.00 ,0.00 ,0.00 ,,2081130151.78,,,,,,,11,,1,,,
CTXT11,Lajes Corporativas,4.83,548.19,0.26,0.01,0.04 ,0.00 ,0.00 ,0.00 ,0.00 ,0.00 ,0.00 ,1.34 ,1.40 ,1.44 ,-49.65 ,101998023.98,48.33,0.10,0.19 ,-0.10 ,0.09 ,0.54 ,1,63.28,2202,,0.27  aa,
CVBI11,Papéis,82.90,5255075.05,0.88,0.90,1.10 ,3.35 ,7.09 ,15.17 ,1.12 ,1.18 ,1.26 ,13.90 ,-1.02 ,0.06 ,32.65 ,1580907734.60,92.93,0.89,0.91 ,-0.99 ,-0.09 ,6.61 ,14,19.15,113489,0.90  aa,0.10  aa,
CVPR11,Indefinido,,,,0.53,0.00 ,0.00 ,0.00 ,0.00 ,0.00 ,0.00 ,0.00 ,0.00 ,0.00 ,0.00 ,,59373799.67,,,,,,,14,,3,,,
CXAG11,Agências de Bancos,73.45,85774.32,0.66,0.70,0.96 ,2.85 ,6.37 ,12.65 ,0.95 ,1.06 ,1.05 ,11.61 ,-2.18 ,-1.24 ,23.95 ,231309301.03,110.64,0.66,0.63 ,-3.50 ,-2.89 ,15.61 ,32,13.14,11684,,0.58  aa,
CXCE11,Lajes Corporativas,40.70,15249.27,0.64,0.48,1.18 ,3.33 ,6.83 ,14.07 ,1.11 ,1.14 ,1.17 ,14.07 ,-2.51 ,-1.36 ,30.28 ,108811653.87,,,,,,,1,17.38,2979,,5.00  aa,
CXCE11B,Lajes Corporativas,44.01,9205.00,0.60,0.43,1.09 ,3.25 ,6.56 ,12.24 ,1.08 ,1.09 ,1.02 ,12.24 ,0.18 ,1.27 ,3.73 ,110543765.88,64.53,0.68,0.67 ,-1.63 ,-0.97 ,0.19 ,1,22.21,3247,,5.00  aa,
CXCI11,Indefinido,66.86,99126.68,0.79,0.75,1.13 ,3.38 ,7.04 ,14.37 ,1.13 ,1.17 ,1.20 ,13.16 ,-0.94 ,0.18 ,22.54 ,173377643.25,84.26,0.79,0.89 ,-9.50 ,-8.70 ,-6.74 ,14,16.60,5444,,0.70  aa,20.00  aa
CXCO11,Lajes Corporativas,63.34,116469.73,0.66,0.70,1.15 ,3.42 ,7.42 ,14.92 ,1.14 ,1.24 ,1.24 ,13.84 ,0.99 ,2.16 ,36.11 ,378319919.72,96.40,0.66,0.73 ,-2.92 ,-2.22 ,10.18 ,10,20.52,12400,0.13  aa,0.13  aa,
CXRI11,Fundo de Fundos,61.02,571473.50,0.77,0.59,0.88 ,2.78 ,5.65 ,11.44 ,0.93 ,0.94 ,0.95 ,11.44 ,7.42 ,8.36 ,17.01 ,130431289.73,82.77,0.74,0.71 ,0.15 ,0.86 ,5.54 ,1,44.11,1777,,1.20  aa,
CXTL11,Imóveis Industriais e Logísticos,310.14,389564.58,0.74,0.39,0.13 ,0.58 ,1.71 ,8.25 ,0.58 ,0.29 ,0.69 ,6.63 ,4.77 ,4.91 ,68.64 ,22210847.68,414.40,0.75,0.16 ,-15.34 ,-15.21 ,-28.91 ,1,57.81,600,,0.35  aa,
CYCR11,Indefinido,8.46,626742.14,0.90,0.11,1.24 ,3.69 ,7.59 ,15.39 ,1.23 ,1.27 ,1.28 ,14.15 ,-2.07 ,-0.85 ,28.19 ,340885710.21,9.33,0.91,1.14 ,-2.20 ,-1.09 ,-89.33 ,14,15.19,17777,,0.95  aa,20.00  aa
DAMA11,Misto,7.59,35947.23,0.95,0.08,1.14 ,3.59 ,7.29 ,12.88 ,1.20 ,1.22 ,1.07 ,12.20 ,5.80 ,7.00 ,-6.24 ,45033310.37,,,,,,,14,49.67,832,0.60  aa,0.20  aa,25.00  aa
DAMT11B,Shoppings,11.45,23.00,0.78,0.40,3.50 ,0.00 ,3.50 ,3.50 ,0.00 ,0.58 ,0.29 ,3.50 ,-11.86 ,-8.77 ,-8.77 ,259349704.48,,,,,,,2,11.75,537,,,
DAYM11,Lajes Corporativas,4.23,4116.36,0.42,0.04,0.81 ,2.46 ,2.46 ,2.46 ,0.82 ,0.41 ,0.21 ,2.46 ,9.41 ,10.30 ,-4.93 ,170196235.35,,,,,,,6,53.58,765,,1.20  aa,20.00  aa
DCRA11,Indefinido,7.07,96154.18,0.72,0.09,1.27 ,3.78 ,7.44 ,16.31 ,1.26 ,1.24 ,1.36 ,14.70 ,-1.53 ,-0.28 ,31.69 ,65634101.75,9.74,0.73,0.92 ,0.00 ,0.00 ,0.00 ,0,19.53,15414,0.87  aa,0.17  aa,10.00  aa
DEVA11,Papéis,23.40,639931.27,0.24,0.33,1.32 ,3.80 ,7.67 ,17.12 ,1.27 ,1.28 ,1.43 ,15.54 ,-4.35 ,-3.09 ,7.54 ,1361059072.36,96.91,0.24,0.36 ,-4.33 ,-3.99 ,15.13 ,14,25.52,82594,1.00  aa,0.20  aa,10.00  aa
DLMT11,Varejo,,,,0.00,0.00 ,0.00 ,0.00 ,0.00 ,0.00 ,0.00 ,0.00 ,0.00 ,0.00 ,0.00 ,,6830906.73,,,,,,,2,,9,,,
DPRO11,Indefinido,6.10,182.00,0.67,0.06,0.95 ,2.92 ,5.85 ,11.94 ,0.97 ,0.98 ,1.00 ,10.97 ,3.78 ,4.77 ,24.34 ,45755108.20,,,,,,,1,50.80,740,,,
DRIT11B,Lajes Corporativas,83.30,1547.00,0.62,0.53,0.63 ,1.94 ,3.25 ,13.98 ,0.65 ,0.54 ,1.17 ,1.94 ,17.70 ,18.44 ,16.76 ,60485010.41,130.56,0.64,0.46 ,-1.36 ,-0.91 ,7.46 ,4,29.85,348,,0.50  aa,15.00  aa
DVFF11,Fundo de Fundos,5.80,27353.82,0.68,0.07,1.12 ,3.26 ,6.52 ,13.51 ,1.09 ,1.09 ,1.13 ,12.31 ,-3.34 ,-2.26 ,12.44 ,93449615.60,8.49,0.68,0.77 ,-90.68 ,-90.61 ,-89.75 ,14,32.99,1899,0.65  aa,0.15  aa,20.00  aa
EDFO11B,Lajes Corporativas,229.98,7938.50,0.56,0.49,0.42 ,2.45 ,5.30 ,11.89 ,0.82 ,0.88 ,0.99 ,3.59 ,-0.22 ,0.20 ,-17.93 ,49670858.85,210.47,1.09,0.60 ,9.69 ,10.35 ,20.16 ,1,181.93,490,,,
EDGA11,Lajes Corporativas,14.59,42209.59,0.31,0.02,0.16 ,0.16 ,1.18 ,4.37 ,0.16 ,0.20 ,0.36 ,3.64 ,-10.42 ,-10.27 ,-4.29 ,179014381.81,46.99,0.31,0.17 ,-23.34 ,-23.21 ,-28.02 ,1,31.07,3829,,0.20  aa,
EGAF11,Indefinido,93.75,647379.55,0.94,1.55,1.67 ,4.75 ,9.46 ,18.77 ,1.58 ,1.58 ,1.56 ,17.39 ,-0.97 ,0.68 ,42.86 ,310788876.08,99.16,0.95,1.49 ,0.00 ,0.00 ,0.00 ,0,12.04,11592,,1.20  aa,10.00  aa
EIRA11,Outros,104.40,15649.33,1.01,1.34,0.00 ,0.00 ,0.00 ,0.00 ,0.00 ,0.00 ,0.00 ,0.00 ,0.00 ,0.00 ,,20707684.04,,,,,,,0,28.16,119,,,
EMET11,Misto,9.99,40467.76,1.22,0.13,1.24 ,2.31 ,3.36 ,3.36 ,0.77 ,1.12 ,1.12 ,3.36 ,0.00 ,0.00 ,,51142280.59,,,,,,,14,68.73,71,,,
ENDD11,Indefinido,110.03,271434.50,,0.16,0.16 ,0.00 ,0.16 ,5.35 ,0.00 ,0.16 ,0.45 ,0.16 ,9.99 ,10.17 ,10.17 ,,,,,,,,0,17.09,0,,0.30  aa,
EQIA11,Fiagro,,,,0.45,,,,,,,,,,,,,,,,,,,0,,0,,,
EQIR11,Indefinido,7.84,82571.50,0.82,0.10,1.27 ,3.79 ,7.73 ,16.10 ,1.26 ,1.29 ,1.34 ,14.62 ,-0.25 ,1.01 ,41.75 ,104265002.30,9.56,0.82,1.05 ,-2.05 ,-1.02 ,-89.62 ,14,14.23,9821,,1.00  aa,
ERCR11,Varejo,15707.85,,1.08,260.38,0.00 ,0.00 ,0.00 ,7.75 ,0.00 ,0.00 ,0.65 ,0.93 ,0.00 ,0.00 ,,34491709.41,14516.71,1.08,2.90 ,-78.18 ,-77.55 ,-76.18 ,14,4.06,10,,0.10  aa,
ERPA11,Lajes Corporativas,124.50,183890.44,0.78,0.93,0.00 ,0.00 ,1.48 ,5.43 ,0.00 ,0.25 ,0.45 ,4.78 ,0.00 ,0.00 ,,79871919.12,159.45,0.78,0.58 ,16.33 ,17.01 ,43.94 ,2,40.11,732,,,
ESUD11,Indefinido,243.00,48600.00,,72.93,23.08 ,0.00 ,0.00 ,23.08 ,0.00 ,0.00 ,5.77 ,23.08 ,0.00 ,0.00 ,,,,,,,,,0,34.80,0,,,
ESUT11,Indefinido,32.00,609.52,,67.49,210.90 ,0.00 ,0.00 ,210.90 ,0.00 ,0.00 ,52.73 ,210.90 ,0.00 ,0.00 ,,,,,,,,,0,9.96,0,,0.35  aa,
ESUU11,Indefinido,32.00,3200.00,,63.84,199.49 ,0.00 ,0.00 ,199.49 ,0.00 ,0.00 ,49.87 ,199.49 ,0.00 ,0.00 ,,,,,,,,,0,10.03,0,,,
EURO11,Imóveis Industriais e Logísticos,304.97,37855.27,0.91,2.08,0.77 ,2.32 ,4.81 ,10.24 ,0.77 ,0.80 ,0.85 ,9.33 ,4.65 ,5.46 ,43.28 ,126430848.77,329.30,0.93,0.53 ,1.41 ,1.95 ,13.57 ,7,29.88,2032,,,
EVBI11,renda urbana,9.50,32194.42,1.03,0.11,1.05 ,2.88 ,5.14 ,9.85 ,0.96 ,0.86 ,0.82 ,9.85 ,5.74 ,6.85 ,23.48 ,411540046.98,9.86,0.96,0.96 ,-90.11 ,-90.02 ,-89.22 ,13,14.99,1313,1.00  aa,,10.00  aa
EXES11,Indefinido,9.49,77792.41,0.97,0.13,1.35 ,3.98 ,8.21 ,16.82 ,1.33 ,1.37 ,1.40 ,15.45 ,-1.54 ,-0.21 ,39.38 ,137922833.82,,,,,,,14,15.67,1076,,1.00  aa,
FAED11,Educacional,148.00,53680.50,0.67,1.66,1.12 ,3.34 ,6.91 ,14.57 ,1.11 ,1.15 ,1.21 ,13.29 ,-2.98 ,-1.90 ,38.47 ,153666674.54,221.94,0.67,0.75 ,1.98 ,2.74 ,9.35 ,4,19.45,4052,,,
FAMB11B,Lajes Corporativas,609.99,47041.93,0.18,1001.61,0.00 ,0.00 ,0.00 ,0.00 ,0.00 ,0.00 ,0.00 ,0.00 ,0.00 ,0.00 ,,424524340.32,3593.26,0.17,0.25 ,0.53 ,0.79 ,12.82 ,1,47.01,2173,,2.50  aa,
FAOE11,Indefinido,926.90,,14.53,11.16,0.00 ,0.00 ,0.00 ,0.00 ,0.00 ,0.00 ,0.00 ,0.00 ,0.00 ,0.00 ,,118155565.38,,,,,,,3,,8102,,,
FATN11,Lajes Corporativas,83.69,1726001.32,0.85,0.80,0.95 ,2.82 ,5.93 ,12.66 ,0.94 ,0.99 ,1.06 ,11.52 ,-5.22 ,-4.32 ,25.95 ,508305869.89,98.51,0.85,0.81 ,-0.51 ,0.30 ,5.78 ,54,10.22,23089,,0.80  aa,
FCFL11,Educacional,124.20,140127.50,1.01,0.93,0.73 ,2.16 ,4.32 ,9.20 ,0.72 ,0.72 ,0.77 ,8.37 ,-0.79 ,-0.07 ,35.18 ,428263520.75,123.28,1.01,0.74 ,6.12 ,6.90 ,26.02 ,1,17.28,2973,,0.30  aa,
FEXC11,Papéis,83.50,860137.12,0.10,0.50,0.00 ,1.08 ,4.14 ,11.48 ,0.36 ,0.69 ,0.96 ,0.00 ,0.00 ,0.00 ,,1001470167.13,90.75,0.92,0.99 ,-1.13 ,-0.15 ,7.12 ,0,14.57,36232,0.95  aa,,
FGAA11,Indefinido,8.77,836025.18,0.93,0.12,1.35 ,4.06 ,8.28 ,14.87 ,1.35 ,1.38 ,1.24 ,18.86 ,-1.33 ,-0.00 ,62.83 ,424327402.48,9.42,0.93,1.27 ,0.00 ,0.00 ,0.00 ,0,11.97,50661,,1.15  aa,10.00  aa
FIGS11,Shoppings,47.71,364634.36,0.63,0.48,1.00 ,3.01 ,6.09 ,12.20 ,1.00 ,1.02 ,1.02 ,11.24 ,0.10 ,1.10 ,20.59 ,216784606.36,76.06,0.63,0.63 ,-0.55 ,0.08 ,-19.49 ,2,16.88,11710,,0.50  aa,
FIIB11,Imóveis Industriais e Logísticos,484.95,349909.77,1.01,3.58,0.72 ,2.14 ,4.44 ,9.22 ,0.71 ,0.74 ,0.77 ,8.41 ,-0.80 ,-0.09 ,16.60 ,326839772.78,477.14,1.02,0.75 ,3.39 ,4.17 ,14.54 ,9,12.17,14999,,,
FIIP11,Imóveis Industriais e Logísticos,169.52,628144.09,0.87,1.40,0.93 ,2.75 ,5.42 ,11.57 ,0.92 ,0.90 ,0.96 ,10.55 ,-6.26 ,-5.39 ,21.13 ,186030199.12,,,,,,,7,27.37,6136,,,
FIIP11B,Imóveis Industriais e Logísticos,161.37,1172.80,0.73,1.40,0.96 ,2.95 ,5.92 ,10.89 ,0.98 ,0.99 ,0.91 ,4.03 ,-1.78 ,-0.84 ,6.81 ,184360354.72,198.84,0.81,0.70 ,6.81 ,7.56 ,8.46 ,7,11.96,6586,,,
FISC11,Lajes Corporativas,65.00,5817.83,0.57,0.38,0.58 ,1.49 ,3.04 ,7.85 ,0.50 ,0.51 ,0.65 ,7.03 ,-0.99 ,-0.42 ,8.49 ,193387211.13,113.76,0.57,0.53 ,-1.13 ,-0.61 ,-0.12 ,5,92.34,230,,,
FLCR11,Papéis,95.99,116630.05,1.01,1.00,1.04 ,3.23 ,7.06 ,15.08 ,1.08 ,1.18 ,1.26 ,13.75 ,-0.02 ,1.02 ,27.08 ,70916339.36,94.32,1.02,1.11 ,-4.17 ,-3.10 ,6.57 ,1,9.75,2879,,1.00  aa,20.00  aa
FLFL11,Fundo de Desenvolvimento,,,,0.18,0.00 ,0.00 ,0.00 ,0.00 ,0.00 ,0.00 ,0.00 ,0.00 ,0.00 ,0.00 ,,475417036.36,,,,,,,1,,1,,,
FLMA11,Lajes Corporativas,150.49,72294.73,0.69,1.14,0.76 ,2.31 ,4.91 ,9.76 ,0.77 ,0.82 ,0.81 ,8.80 ,2.37 ,3.15 ,31.22 ,305004483.66,220.91,0.68,0.52 ,37.85 ,38.57 ,51.24 ,1,23.33,11590,,0.12  aa,
FLRP11,Shoppings,20.85,29727.32,1.01,0.15,0.72 ,2.11 ,4.88 ,9.45 ,0.70 ,0.81 ,0.79 ,8.72 ,1.42 ,2.15 ,27.56 ,150839841.22,20.26,1.03,0.69 ,-98.89 ,-98.88 ,-98.75 ,1,54.67,1721,,,
FMOF11,Lajes Corporativas,38.90,2780.77,0.82,32.70,44.73 ,56.22 ,57.99 ,63.27 ,18.74 ,9.67 ,5.27 ,63.27 ,-3.93 ,39.04 ,151.78 ,24164338.74,47.57,0.82,0.88 ,-59.89 ,-59.53 ,-60.80 ,2,649.15,317,,,
FPAB11,Lajes Corporativas,203.03,8946.68,0.57,1.60,0.00 ,0.65 ,1.91 ,6.26 ,0.65 ,0.32 ,0.52 ,5.61 ,0.00 ,0.00 ,,268751026.42,358.33,0.57,0.38 ,-4.45 ,-4.09 ,-7.99 ,3,78.99,686,,,
FPOR11,Indefinido,23.50,41.00,,0.15,0.00 ,0.00 ,0.18 ,0.18 ,0.00 ,0.18 ,0.18 ,0.18 ,0.00 ,0.00 ,,,,,,,,,0,252.47,0,,,
FRHY11,Indefinido,,,,1.03,0.00 ,0.00 ,0.00 ,0.00 ,0.00 ,0.00 ,0.00 ,0.00 ,0.00 ,0.00 ,,1116977.07,,,,,,,14,,7,,,
FTCA11,Indefinido,8.90,93603.09,0.84,0.13,0.00 ,0.00 ,0.00 ,0.00 ,0.00 ,0.00 ,0.00 ,0.00 ,0.00 ,0.00 ,,47386439.42,10.62,0.84,1.22 ,0.00 ,0.00 ,0.00 ,0,20.82,7596,1.10  aa,,
FVPQ11,Shoppings,78.50,243069.23,0.50,0.20,0.28 ,0.42 ,4.45 ,10.92 ,0.42 ,0.74 ,0.91 ,10.23 ,3.93 ,4.22 ,79.92 ,444233832.31,158.65,0.49,0.03 ,-17.49 ,-17.46 ,-16.09 ,1,31.31,3800,,0.12  aa,
FYTO11,Papéis,8.00,197722.45,0.82,0.10,1.26 ,3.76 ,7.71 ,15.54 ,1.25 ,1.29 ,1.30 ,14.31 ,0.00 ,1.26 ,23.87 ,148275503.47,,,,,,,0,18.84,10696,,1.10  aa,
FZDA11,Indefinido,150.00,3536.50,0.83,4.11,3.40 ,0.00 ,0.00 ,3.40 ,0.00 ,0.00 ,1.70 ,3.40 ,-0.69 ,2.69 ,2.69 ,281198886.32,173.55,0.86,2.37 ,0.00 ,0.00 ,0.00 ,0,68.21,295,,,
FZDB11,Indefinido,141.01,561.71,0.79,4.21,3.32 ,0.00 ,0.00 ,3.32 ,0.00 ,0.00 ,3.32 ,3.32 ,21.43 ,25.46 ,25.46 ,641357020.28,168.93,0.83,2.49 ,0.00 ,0.00 ,0.00 ,0,43.47,117,0.70  aa,0.12  aa,15.00  aa
GAME11,Indefinido,8.55,75673.77,0.89,0.10,1.10 ,3.34 ,6.74 ,13.88 ,1.11 ,1.12 ,1.16 ,12.70 ,1.42 ,2.53 ,28.05 ,207336503.71,9.56,0.89,0.99 ,-2.85 ,-1.88 ,-98.85 ,14,13.01,21404,,1.10  aa,20.00  aa
GARE11,Imóveis Industriais e Logísticos,9.12,6163425.73,0.96,0.08,0.92 ,2.76 ,5.60 ,12.09 ,0.92 ,0.93 ,1.01 ,10.96 ,0.00 ,0.92 ,23.41 ,2113330150.24,,,,,,,4,14.06,416823,,1.00  aa,20.00  aa
GCFF11,Fundo de Fundos,69.30,87694.83,1.09,3.07,0.00 ,0.00 ,0.00 ,0.00 ,0.00 ,0.00 ,0.00 ,4.27 ,0.00 ,0.00 ,,118155565.38,77.31,0.90,0.97 ,-5.00 ,-4.08 ,-7.97 ,1,1.15,8102,,,
GCOI11,Indefinido,98.99,49495.00,0.92,0.81,0.00 ,0.00 ,0.00 ,0.00 ,0.00 ,0.00 ,0.00 ,0.00 ,0.00 ,0.00 ,,12168590.01,,,,,,,2,3.93,384,,,
GCRA11,Indefinido,50.20,87170.73,0.58,0.68,1.33 ,3.92 ,7.89 ,16.49 ,1.31 ,1.32 ,1.37 ,14.95 ,-0.87 ,0.45 ,57.35 ,149109747.10,85.16,0.59,0.80 ,-13.10 ,-12.41 ,-1.25 ,0,21.73,7074,,1.15  aa,20.00  aa
GCRI11,Papéis,60.72,160710.55,0.71,0.80,1.25 ,3.78 ,7.83 ,17.12 ,1.26 ,1.31 ,1.43 ,15.48 ,-0.60 ,0.64 ,41.03 ,123922940.72,85.24,0.71,0.94 ,-9.67 ,-8.83 ,-6.88 ,14,18.66,4291,,1.00  aa,20.00  aa
GESE11B,Educacional,1520.00,,23.82,1112.72,0.00 ,0.00 ,0.00 ,0.00 ,0.00 ,0.00 ,0.00 ,0.00 ,0.00 ,0.00 ,,118155565.38,1119.08,1.36,104.32 ,-36.85 ,29.02 ,33.17 ,14,,8102,,0.18  aa,
GFDL11,Logística,108.59,15617.00,1.10,0.16,0.15 ,0.00 ,0.15 ,0.15 ,0.00 ,0.15 ,0.15 ,0.15 ,0.00 ,0.00 ,,25114416.46,,,,,,,0,0.88,1792,,,
GGRC11,Imóveis Industriais e Logísticos,9.89,9386171.36,0.88,0.10,1.00 ,3.01 ,6.12 ,12.55 ,1.00 ,1.02 ,1.05 ,11.47 ,-0.10 ,0.90 ,21.29 ,2407668274.95,11.24,0.88,0.89 ,-90.96 ,-90.88 ,-90.64 ,40,12.53,208652,1.10  aa,,
GLCR11,Papéis,100.50,11702.13,1.00,0.90,0.00 ,0.00 ,2.36 ,2.36 ,0.00 ,0.39 ,0.39 ,2.36 ,0.00 ,0.00 ,,36059840.43,,,,,,,0,24.55,823,,,
GLOG11,Imóveis Industriais e Logísticos,67.95,144014.27,0.62,0.41,0.59 ,1.82 ,3.83 ,8.93 ,0.61 ,0.64 ,0.74 ,7.99 ,3.20 ,3.81 ,40.54 ,81629265.02,,,,,,,1,25.61,1807,,0.70  aa,
GLPF11,Logística,105.47,245059.50,1.01,0.91,0.00 ,0.71 ,3.39 ,5.89 ,0.71 ,0.57 ,0.74 ,5.89 ,0.00 ,0.00 ,,157328736.00,,,,,,,0,45.67,2407,,,
GRUL11,Logística,8.22,276577.18,0.86,0.08,0.97 ,2.93 ,7.01 ,16.27 ,0.98 ,1.17 ,1.36 ,14.72 ,0.61 ,1.59 ,34.87 ,236878440.50,,,,,,,3,27.51,4786,1.00  aa,0.15  aa,
GRWA11,Indefinido,7.40,6965.45,0.74,0.08,1.06 ,2.94 ,5.23 ,12.02 ,0.98 ,0.87 ,1.00 ,10.73 ,2.86 ,3.96 ,7.97 ,28199533.32,10.08,0.73,0.79 ,0.00 ,0.00 ,0.00 ,0,31.72,2094,,1.15  aa,10.00  aa
GSFI11,Shoppings,9.95,31067213.27,0.75,0.00,0.03 ,0.03 ,0.03 ,0.03 ,0.01 ,0.00 ,0.00 ,0.03 ,0.00 ,0.03 ,0.03 ,1276043061.30,11.90,0.84,0.01 ,0.01 ,0.02 ,0.02 ,9,13.11,6172,,1.00  aa,
GTLG11,Imóveis Industriais e Logísticos,63.99,22885.25,1.00,60.62,0.00 ,0.00 ,0.00 ,0.00 ,0.00 ,0.00 ,0.00 ,37.59 ,0.00 ,0.00 ,,118155565.38,60.62,1.06,100.00 ,-35.83 ,28.33 ,35.22 ,1,34.61,8102,,,
GTWR11,Lajes Corporativas,77.24,788666.27,0.77,0.90,1.17 ,3.49 ,6.99 ,14.56 ,1.16 ,1.17 ,1.21 ,13.35 ,-2.89 ,-1.75 ,33.65 ,1197007304.47,99.75,0.77,0.90 ,5.33 ,6.28 ,11.89 ,3,11.39,34502,,0.25  aa,
GURB11,Indefinido,108.00,5000076.00,0.85,0.70,0.65 ,0.00 ,0.00 ,0.00 ,0.00 ,0.00 ,0.00 ,0.65 ,0.00 ,0.00 ,,144658549.76,,,,,,,2,1.17,1,,,
GZIT11,Indefinido,44.75,733239.00,0.50,0.78,1.69 ,5.10 ,10.41 ,22.12 ,1.70 ,1.74 ,1.84 ,19.88 ,-1.11 ,0.56 ,61.30 ,1975275424.08,,,,,,,6,28.58,7156,,0.96  aa,20.00  aa
HAAA11,Lajes Corporativas,52.55,2411.42,0.79,0.08,0.16 ,0.47 ,1.72 ,4.77 ,0.47 ,0.29 ,0.40 ,4.51 ,-6.10 ,-5.95 ,62.73 ,229401358.37,66.40,0.79,0.12 ,-25.94 ,-25.85 ,-24.66 ,2,77.26,212,,,
HABT11,Papéis,70.26,1215820.32,0.74,0.95,1.31 ,3.85 ,7.98 ,16.95 ,1.28 ,1.33 ,1.41 ,15.43 ,-7.85 ,-6.64 ,25.68 ,770020368.72,94.75,0.74,1.00 ,-5.04 ,-4.09 ,12.29 ,14,16.09,58359,1.26  aa,,20.00  aa
HBCR11,Indefinido,137.99,6377301.83,1.18,0.62,0.00 ,6.23 ,6.23 ,14.55 ,2.08 ,1.04 ,1.21 ,14.55 ,0.00 ,0.00 ,,187072640.71,,,,,,,3,116.51,36,,0.18  aa,20.00  aa
HBRH11,Lajes Corporativas,90.80,14627.00,0.80,0.50,0.55 ,1.65 ,6.85 ,9.22 ,0.55 ,1.14 ,0.77 ,9.22 ,1.00 ,1.56 ,2.46 ,316852348.31,112.23,0.81,0.45 ,-0.86 ,-0.42 ,7.60 ,5,13.98,720,,0.86  aa,
HCHG11,Papéis,78.20,83926.59,0.81,0.61,0.78 ,2.46 ,5.73 ,13.43 ,0.82 ,0.96 ,1.12 ,12.21 ,3.56 ,4.37 ,38.95 ,113835771.55,94.86,0.82,0.69 ,-6.19 ,-5.55 ,9.08 ,14,39.33,574,0.70  aa,0.20  aa,
HCRA11,Indefinido,10.22,0.83,0.00,14.85,145.30 ,0.00 ,145.30 ,240.62 ,0.00 ,24.22 ,20.05 ,233.94 ,2.20 ,150.70 ,11.17 ,55435302.94,,,0.00 ,0.00 ,0.00 ,0.00 ,0,1409.75,113,,1.20  aa,
HCRI11,Hospitalar,272.00,41447.50,0.79,21.78,7.76 ,9.72 ,12.98 ,19.59 ,3.24 ,2.16 ,1.63 ,18.44 ,4.40 ,12.51 ,41.59 ,69464797.37,347.32,0.78,0.79 ,12.78 ,13.67 ,21.64 ,1,37.55,2940,,2.00  aa,
HCTR11,Papéis,20.22,750626.36,0.19,0.29,1.32 ,3.91 ,8.01 ,20.34 ,1.30 ,1.34 ,1.70 ,18.80 ,-4.37 ,-3.10 ,9.63 ,2304871183.78,104.37,0.19,0.28 ,-14.01 ,-13.77 ,1.66 ,14,37.53,133882,0.99  aa,0.21  aa,10.00  aa
HDEL11,Imóveis Industriais e Logísticos,85.98,396.00,0.78,14.03,0.00 ,0.00 ,0.00 ,11.84 ,0.00 ,0.00 ,1.69 ,0.00 ,0.00 ,0.00 ,,92900451.64,,,,,,,1,143.46,108,,1.50  aa,20.00  aa
HFOF11,Fundo de Fundos,6.25,1853583.05,0.81,0.06,0.91 ,2.77 ,5.63 ,11.99 ,0.92 ,0.94 ,1.00 ,10.94 ,0.33 ,1.24 ,28.59 ,1747499684.29,7.66,0.82,0.73 ,-90.53 ,-90.46 ,-90.06 ,14,13.95,73815,,0.60  aa,20.00  aa
HGAG11,Indefinido,11.52,503.76,0.49,0.10,0.00 ,1.29 ,9.92 ,16.79 ,0.43 ,1.65 ,1.40 ,14.54 ,0.00 ,0.00 ,,5896228.15,23.75,0.49,0.25 ,0.00 ,0.00 ,0.00 ,0,138.73,1039,1.00  aa,,20.00  aa
HGBL11,Misto,8.97,150049.64,0.96,0.07,0.80 ,2.47 ,5.16 ,11.41 ,0.82 ,0.86 ,0.95 ,9.95 ,2.39 ,3.21 ,3.73 ,244292487.35,,,,,,,1,15.34,4495,0.50  aa,0.10  aa,
HGBS11,Shoppings,19.97,2526468.23,0.92,0.15,0.75 ,2.26 ,4.71 ,10.11 ,0.75 ,0.79 ,0.84 ,9.22 ,-2.25 ,-1.52 ,22.55 ,2797935532.64,21.67,0.92,0.69 ,-90.24 ,-90.17 ,-89.11 ,16,14.54,138272,,0.60  aa,
HGCR11,Papéis,92.45,3452067.68,0.95,1.00,1.05 ,3.29 ,6.66 ,13.53 ,1.10 ,1.11 ,1.13 ,12.45 ,-0.43 ,0.62 ,22.05 ,1494462764.96,96.93,0.95,1.08 ,-3.99 ,-2.95 ,10.36 ,14,13.36,99740,,0.80  aa,20.00  aa
HGFF11,Fundo de Fundos,62.38,1552502.00,0.88,1.98,0.00 ,0.00 ,3.06 ,10.38 ,0.00 ,0.51 ,0.87 ,9.29 ,0.00 ,0.00 ,,203824815.19,71.18,0.88,0.96 ,-18.03 ,-17.25 ,-12.83 ,14,18.13,14789,,0.80  aa,20.00  aa
HGIC11,Papéis,66.05,5531.55,0.61,0.80,1.26 ,3.59 ,7.09 ,14.04 ,1.20 ,1.18 ,1.17 ,12.83 ,-6.01 ,-4.83 ,-12.26 ,51076451.37,110.39,0.60,0.72 ,-3.77 ,-3.08 ,15.23 ,2,61.85,616,,,
HGLG11,Imóveis Industriais e Logísticos,159.45,7815632.95,0.98,1.10,0.69 ,2.08 ,4.20 ,8.69 ,0.69 ,0.70 ,0.72 ,7.92 ,-1.77 ,-1.09 ,20.57 ,5481659231.32,162.24,0.98,0.68 ,5.33 ,6.04 ,22.94 ,29,12.27,512965,,0.60  aa,
HGPO11,Lajes Corporativas,142.50,98556.00,0.97,57.05,48.22 ,0.00 ,0.00 ,0.00 ,0.00 ,0.00 ,0.00 ,62.51 ,5.05 ,55.71 ,101.25 ,257047548.29,155.61,0.92,36.66 ,-48.02 ,-28.96 ,-15.36 ,2,11.89,9665,,,
HGRE11,Lajes Corporativas,119.45,2407747.64,0.76,0.85,0.73 ,2.17 ,5.90 ,10.89 ,0.72 ,0.98 ,0.91 ,10.06 ,-5.22 ,-4.53 ,37.41 ,1845285138.18,156.14,0.77,0.54 ,-0.48 ,0.06 ,0.38 ,13,20.64,140438,,1.00  aa,
HGRS11,Imóveis Residenciais,,,,29.32,0.00 ,0.00 ,0.00 ,0.00 ,0.00 ,0.00 ,0.00 ,0.00 ,0.00 ,0.00 ,,118155565.38,92.86,,0.00 ,0.00 ,0.00 ,0.00 ,14,,8102,,,
HGRU11,Misto,126.80,3975166.64,0.99,0.95,0.75 ,2.26 ,5.06 ,10.88 ,0.75 ,0.84 ,0.91 ,10.03 ,-0.20 ,0.54 ,31.55 ,2982858378.72,128.36,0.99,0.74 ,4.45 ,5.22 ,19.62 ,102,12.37,223362,,0.70  aa,20.00  aa
HILG11,Indefinido,184.96,186.67,0.89,1.46,0.00 ,0.00 ,0.00 ,4.51 ,0.00 ,0.00 ,0.38 ,3.51 ,0.00 ,0.00 ,,109862388.71,,,,,,,1,10.75,104,,,
HLOG11,Imóveis Industriais e Logísticos,9.09,123883.50,0.83,0.07,0.77 ,2.40 ,4.87 ,9.34 ,0.80 ,0.81 ,0.78 ,8.82 ,1.22 ,2.00 ,28.20 ,468776171.83,11.03,0.82,0.63 ,-90.53 ,-90.47 ,-89.43 ,3,13.37,3886,,0.80  aa,
HOFC11,Lajes Corporativas,28.98,1122233.59,0.51,0.21,0.65 ,0.00 ,0.00 ,0.00 ,0.00 ,0.00 ,0.00 ,2.01 ,75.72 ,76.86 ,67.59 ,217172749.88,,,,,,,3,47.58,4754,,0.83  aa,-1.00  aa
HOSI11,Imóveis Residenciais,84.25,1995.74,0.79,0.70,0.00 ,1.48 ,4.35 ,9.00 ,0.49 ,0.73 ,0.75 ,7.49 ,0.00 ,0.00 ,,61311710.63,106.92,0.79,0.57 ,16.14 ,16.81 ,23.57 ,14,42.28,1105,,0.35  aa,20.00  aa
HPDP11,Shoppings,89.66,243090.75,0.96,0.56,0.59 ,1.21 ,2.48 ,6.41 ,0.40 ,0.41 ,0.53 ,5.78 ,5.57 ,6.19 ,16.23 ,304203085.22,92.52,0.97,0.61 ,3.65 ,4.28 ,4.04 ,1,48.10,356,,0.50  aa,
HRDF11,Fundo de Desenvolvimento,3.40,301.79,0.48,6.80,0.00 ,0.00 ,0.00 ,0.00 ,0.00 ,0.00 ,0.00 ,0.00 ,0.00 ,0.00 ,,10645308.78,,,,,,,14,104.22,886,,0.75  aa,
HREC11,Papéis,8.33,306547.55,0.96,0.08,0.95 ,2.99 ,6.23 ,13.20 ,1.00 ,1.04 ,1.10 ,12.10 ,-0.24 ,0.71 ,29.47 ,448329976.42,8.67,0.96,0.98 ,-90.25 ,-90.15 ,-89.16 ,14,19.24,2485,,0.80  aa,20.00  aa
HRES11,Imóveis Residenciais,141.53,2140733.00,1.13,2.19,0.00 ,0.00 ,0.00 ,6.65 ,0.00 ,0.00 ,0.60 ,5.58 ,0.00 ,0.00 ,,58585531.70,,,,,,,14,6.21,137,,,
HSAF11,Papéis,77.71,372365.41,0.88,0.95,1.24 ,3.63 ,7.27 ,15.60 ,1.21 ,1.21 ,1.30 ,14.42 ,-4.67 ,-3.49 ,30.26 ,222623631.93,88.12,0.88,1.08 ,-3.53 ,-2.49 ,6.38 ,14,22.09,8723,,1.00  aa,20.00  aa
HSLG11,Imóveis Industriais e Logísticos,91.30,1260033.82,0.83,0.70,0.80 ,2.42 ,4.83 ,10.34 ,0.81 ,0.81 ,0.86 ,9.35 ,-0.02 ,0.78 ,29.31 ,1392640618.61,110.00,0.83,0.62 ,4.82 ,5.47 ,6.94 ,7,16.54,40307,,0.85  aa,20.00  aa
HSML11,Shoppings,87.51,3539985.41,0.84,0.70,0.81 ,2.41 ,4.79 ,10.42 ,0.80 ,0.80 ,0.87 ,9.38 ,-0.37 ,0.44 ,23.29 ,2220369178.69,104.10,0.84,0.65 ,6.68 ,7.38 ,13.00 ,13,16.60,185929,1.05  aa,,20.00  aa
HSRE11,Misto,104.99,8602083.70,1.18,0.95,0.94 ,2.74 ,6.02 ,11.23 ,0.91 ,1.00 ,0.94 ,9.94 ,3.57 ,4.55 ,22.97 ,790564403.21,88.84,1.18,1.01 ,-7.50 ,-6.56 ,-0.62 ,22,29.28,388,,0.85  aa,20.00  aa
HTMX11,Hotéis,142.83,572148.64,1.00,1.56,1.11 ,2.98 ,6.01 ,13.80 ,0.99 ,1.00 ,1.15 ,11.36 ,0.34 ,1.45 ,11.95 ,413554720.86,143.19,1.00,1.09 ,2.02 ,3.14 ,19.34 ,20,12.74,36047,,0.50  aa,20.00  aa
HUCG11,Hospitalar,94.99,2656.00,0.89,0.70,0.82 ,0.82 ,0.82 ,0.82 ,0.82 ,0.82 ,0.82 ,0.82 ,0.00 ,0.00 ,,116354682.35,,,,,,,2,77.95,236,,,
HUSC11,Hospitalar,93.00,9066.48,0.61,1.08,1.14 ,3.24 ,5.11 ,10.98 ,1.08 ,0.85 ,0.92 ,10.06 ,-1.55 ,-0.42 ,5.89 ,128095831.62,150.56,0.62,0.75 ,2.60 ,3.37 ,11.83 ,2,52.29,151,,0.35  aa,
HUSI11,Hospitalar,1230.57,1249.00,1.00,8.42,0.00 ,0.00 ,1.38 ,4.94 ,0.00 ,0.23 ,0.41 ,0.71 ,0.00 ,0.00 ,,145378872.01,1249.37,0.98,0.74 ,25.80 ,26.73 ,33.30 ,14,48.74,100,,,
HYPI11,Outros,180.54,363.00,0.82,103.68,0.00 ,0.00 ,0.00 ,0.00 ,0.00 ,0.00 ,0.00 ,0.00 ,0.00 ,0.00 ,,286050605.17,,,,,,,2,30.41,109,,,
IAAG11,Indefinido,7.83,154919.64,0.79,0.12,1.56 ,4.63 ,9.03 ,17.34 ,1.54 ,1.51 ,1.45 ,16.06 ,-1.79 ,-0.25 ,15.48 ,103059326.57,9.86,0.79,1.22 ,0.00 ,0.00 ,0.00 ,0,22.28,13119,,1.15  aa,20.00  aa
IAGR11,Indefinido,3.95,18242.09,0.62,0.01,0.15 ,0.00 ,0.15 ,1.25 ,0.00 ,0.15 ,0.10 ,1.03 ,-3.18 ,-3.03 ,45.49 ,17607525.23,6.26,0.63,0.10 ,0.00 ,0.00 ,0.00 ,0,26.55,3500,0.80  aa,0.20  aa,20.00  aa
IBBP11,Indefinido,8.45,15219.68,0.95,0.08,0.90 ,2.79 ,4.51 ,8.82 ,0.93 ,0.75 ,0.88 ,8.82 ,12.93 ,13.95 ,2.85 ,396461859.53,,,,,,,22,122.14,687,,,
IBCR11,Papéis,49.00,53793.05,0.54,0.70,1.43 ,4.15 ,8.61 ,18.55 ,1.38 ,1.44 ,1.55 ,16.97 ,-1.61 ,-0.21 ,14.26 ,87300981.91,91.09,0.54,0.72 ,-3.01 ,-2.31 ,5.95 ,14,17.38,3906,0.80  aa,0.20  aa,20.00  aa
IBFF11,Fundo de Fundos,66.40,162549.50,1.04,14.79,0.00 ,0.00 ,0.00 ,0.00 ,0.00 ,0.00 ,0.00 ,6.25 ,0.00 ,0.00 ,,118155565.38,14.78,4.49,100.08 ,-79.09 ,-58.15 ,-58.47 ,14,4.20,8102,,,
ICNE11,Imóveis Residenciais,653.96,,0.97,0.63,0.00 ,0.00 ,0.00 ,0.00 ,0.00 ,0.00 ,0.00 ,7.64 ,0.00 ,0.00 ,,80914041.96,,,,,,,14,2.81,5,,,
ICRI11,Misto,87.27,1241052.59,0.85,1.00,1.13 ,3.09 ,6.53 ,15.13 ,1.03 ,1.09 ,1.26 ,13.42 ,-4.05 ,-2.97 ,18.77 ,388420489.30,,,,,,,14,18.50,8603,,1.00  aa,
IDFI11,Indefinido,2.00,2592.80,1.25,1.56,78.04 ,0.00 ,0.00 ,0.00 ,0.00 ,0.00 ,0.00 ,1043.04 ,-54.34 ,-18.70 ,44259.43 ,3283391.87,1.60,1.25,269.79 ,-97.14 ,-89.43 ,-91.38 ,1,6.01,617,,,
IDGR11,Misto,1.50,332.83,16.67,0.09,5.99 ,0.00 ,0.00 ,5.99 ,0.00 ,0.00 ,0.50 ,5.99 ,-50.98 ,-48.04 ,-48.04 ,79368.95,,,,,,,1,79.30,171,,,
IDUA11,Imóveis Comerciais - Outros,64.42,,1.01,1.81,0.00 ,0.00 ,0.00 ,0.00 ,0.00 ,0.00 ,0.00 ,12.00 ,0.00 ,0.00 ,,25707952.11,,,,,,,14,2.03,1,,,
IFRA11,Indefinido,92.49,2027009.05,,0.85,0.89 ,2.69 ,6.61 ,13.25 ,0.90 ,1.10 ,1.10 ,12.09 ,-2.76 ,-1.89 ,19.10 ,,,,,,,,0,19.69,0,,0.85  aa,
IFRI11,Misto,100.86,2075800.32,,1.40,1.37 ,2.59 ,6.18 ,13.75 ,0.86 ,1.03 ,1.15 ,12.54 ,3.53 ,4.94 ,34.36 ,,,,,,,,0,16.69,0,,0.85  aa,
IMOV11,Indefinido,,,,0.09,0.00 ,0.00 ,0.00 ,0.00 ,0.00 ,0.00 ,0.00 ,0.00 ,0.00 ,0.00 ,,493881679.32,,,,,,,14,,13027,,1.50  aa,20.00  aa
INFA11,Outros,9.82,,,0.09,0.00 ,0.00 ,0.00 ,15.36 ,0.00 ,0.00 ,1.92 ,14.56 ,0.00 ,0.00 ,,,,,,,,,0,2.72,0,,,
INFB11,Indefinido,101.00,14918.21,,1.00,0.99 ,0.00 ,0.99 ,4.24 ,0.00 ,0.99 ,1.06 ,2.12 ,14.99 ,16.13 ,11.90 ,,,,,,,,0,92.30,0,,,
INLG11,Imóveis Industriais e Logísticos,73.71,150425.55,0.74,0.74,1.00 ,3.04 ,6.20 ,13.17 ,1.01 ,1.03 ,1.10 ,11.96 ,-0.82 ,0.18 ,26.61 ,453446719.86,,,,,,,5,13.62,16389,,0.46  aa,
INRD11,Fundo de Desenvolvimento,74.46,29519.73,0.62,0.66,0.88 ,2.65 ,5.25 ,11.11 ,0.88 ,0.88 ,0.93 ,10.17 ,1.46 ,2.35 ,32.50 ,134297489.40,,,,,,,5,20.07,6522,,1.00  aa,
IRDM11,Papéis,58.31,5300561.00,0.74,1.25,0.00 ,2.41 ,6.17 ,14.10 ,0.80 ,1.03 ,1.18 ,12.73 ,0.00 ,0.00 ,,2959621783.69,78.62,0.74,0.97 ,-15.28 ,-14.46 ,-11.03 ,1,15.34,258917,0.83  aa,0.17  aa,
IRIF11,Papéis,8.37,57472.23,,0.11,1.27 ,0.00 ,2.57 ,6.43 ,0.00 ,0.43 ,1.07 ,6.43 ,2.24 ,3.54 ,10.55 ,,,,,,,,0,34.89,0,,,
IRIM11,Indefinido,74.31,151124.91,0.90,0.76,1.00 ,3.29 ,7.08 ,15.49 ,1.10 ,1.18 ,1.29 ,14.05 ,14.10 ,15.24 ,57.14 ,160117646.50,83.39,0.89,0.96 ,-14.31 ,-13.49 ,-10.20 ,14,19.16,2920,0.83  aa,0.15  aa,
ISCJ11,Papéis,50.71,10174.00,0.30,1.60,3.16 ,73.25 ,74.22 ,110.63 ,24.42 ,12.37 ,9.22 ,115.01 ,20.74 ,24.55 ,19.18 ,32247797.88,,,,,,,14,1996.48,69,,,
ITIP11,Papéis,64.70,37614.18,0.96,0.71,1.08 ,3.47 ,7.16 ,13.90 ,1.16 ,1.19 ,1.16 ,12.88 ,1.20 ,2.29 ,19.34 ,50167936.05,67.06,0.96,1.13 ,-16.27 ,-15.32 ,-13.30 ,14,13.06,8102,,,
ITIT11,Fundo de Fundos,68.41,88872.59,0.89,0.61,0.88 ,2.74 ,5.46 ,11.24 ,0.91 ,0.91 ,0.94 ,10.30 ,0.71 ,1.60 ,20.54 ,69536953.92,77.22,0.89,0.82 ,-2.20 ,-1.41 ,5.21 ,14,12.56,9733,,0.30  aa,
ITRI11,Shoppings,77.82,913878.45,0.83,0.82,1.04 ,3.13 ,6.28 ,12.73 ,1.04 ,1.05 ,1.06 ,11.63 ,-2.90 ,-1.89 ,21.71 ,583495804.86,,,,,,,14,16.64,13544,,1.20  aa,-1.00  aa
IVCI11,Papéis,96.86,,0.98,2.10,0.00 ,0.00 ,0.00 ,8.33 ,0.00 ,0.00 ,0.76 ,5.17 ,0.00 ,0.00 ,,49367889.16,,,,,,,0,1.15,16,,,
JASC11,Imóveis Comerciais - Outros,104.31,63041.00,0.93,0.69,0.00 ,0.69 ,0.69 ,4.47 ,0.69 ,0.69 ,0.37 ,3.85 ,0.00 ,0.00 ,,395187662.18,,,,,,,19,51.40,165,,,
JBFO11,Papéis,15.03,82.00,1.94,7.77,0.00 ,0.00 ,0.00 ,111.75 ,0.00 ,0.00 ,9.31 ,0.77 ,0.00 ,0.00 ,,9919792.95,,,,,,,14,120.87,369,,,
JCCJ11,Papéis,152.60,6586.10,0.82,0.40,0.26 ,0.48 ,0.92 ,2.35 ,0.48 ,0.92 ,0.20 ,2.06 ,-8.38 ,-8.15 ,-11.16 ,341690244.63,,,,,,,14,32.99,142,,,
JCIN11,Fundo de Fundos,148.90,9973769.00,0.94,0.27,0.00 ,0.00 ,0.00 ,1.93 ,0.00 ,0.00 ,0.16 ,1.52 ,0.00 ,0.00 ,,207930211.70,,,,,,,14,34.09,2,,,
JFLL11,Imóveis Residenciais,67.96,24179.45,0.64,4.80,6.85 ,8.60 ,10.94 ,15.60 ,2.87 ,1.82 ,1.30 ,16.45 ,1.88 ,8.86 ,20.87 ,158182376.40,105.41,0.64,0.38 ,4.39 ,4.78 ,13.87 ,1,17.99,2424,,1.15  aa,
JGPX11,Indefinido,69.00,1012836.59,0.71,1.20,1.84 ,5.24 ,8.89 ,15.01 ,1.75 ,1.48 ,1.25 ,14.01 ,-11.05 ,-9.41 ,36.56 ,206601082.65,96.49,0.72,1.29 ,0.54 ,1.83 ,12.91 ,0,33.13,5712,1.00  aa,0.18  aa,20.00  aa
JMBI11,Outros,82.39,1042498.00,,1.16,1.34 ,1.34 ,5.55 ,12.26 ,0.45 ,0.93 ,1.11 ,12.26 ,2.82 ,4.20 ,19.32 ,,,,,,,,0,36.09,0,,1.25  aa,20.00  aa
JPPA11,Papéis,77.54,98778.18,0.78,1.06,1.35 ,4.00 ,8.30 ,17.42 ,1.33 ,1.38 ,1.45 ,15.95 ,-1.74 ,-0.42 ,28.57 ,89616650.27,99.13,0.78,1.07 ,0.82 ,1.90 ,14.68 ,14,14.04,6451,,1.05  aa,20.00  aa
JSAF11,Fundo de Fundos,7.35,2246706.36,0.82,0.09,1.15 ,3.42 ,7.01 ,14.86 ,1.14 ,1.17 ,1.24 ,13.62 ,-2.76 ,-1.64 ,15.75 ,694217748.32,8.95,0.82,0.95 ,-90.47 ,-90.38 ,-89.62 ,14,22.93,23157,1.00  aa,,20.00  aa
JSCR11,Papéis,7.95,311304.45,0.85,0.10,1.18 ,3.52 ,6.98 ,39.19 ,1.17 ,1.16 ,3.27 ,25.28 ,-1.22 ,-0.06 ,43.46 ,207552775.75,,,,,,,14,27.72,3459,,1.00  aa,10.00  aa
JSRE11,Misto,65.00,2065711.27,0.63,0.48,0.76 ,2.30 ,4.54 ,9.76 ,0.77 ,0.76 ,0.81 ,8.87 ,1.97 ,2.74 ,28.02 ,2120076357.04,102.09,0.64,0.47 ,-9.63 ,-9.21 ,-5.23 ,6,18.36,85396,,1.00  aa,20.00  aa
JURO11,Indefinido,98.92,3920617.55,,1.00,1.01 ,3.01 ,6.10 ,11.88 ,1.00 ,1.02 ,0.99 ,10.81 ,-3.20 ,-2.22 ,18.74 ,,,,,,,,0,17.56,0,,1.00  aa,
KCRE11,Indefinido,8.49,389958.50,0.90,0.08,0.93 ,3.03 ,7.16 ,14.64 ,1.01 ,1.19 ,1.22 ,13.64 ,-0.35 ,0.58 ,22.98 ,337574935.25,9.38,0.91,0.96 ,-90.42 ,-90.33 ,-90.22 ,14,15.37,16022,,1.20  aa,
KDIF11,Indefinido,122.83,3522696.45,,1.30,1.05 ,2.91 ,5.82 ,12.53 ,0.97 ,0.97 ,1.04 ,11.48 ,0.33 ,1.39 ,20.41 ,,,,,,,,0,16.82,0,,1.11  aa,
KDOL11,Misto,94.00,82420.73,0.96,0.50,0.54 ,1.55 ,3.03 ,6.06 ,0.52 ,0.51 ,0.55 ,5.53 ,0.00 ,0.54 ,-0.54 ,65534043.21,97.67,0.96,0.45 ,0.00 ,0.00 ,0.00 ,0,20.78,1770,,1.00  aa,
KEVE11,Fundo de Desenvolvimento,855.00,217577.50,1.34,34.53,0.00 ,0.00 ,0.00 ,19.89 ,0.00 ,0.00 ,1.66 ,8.59 ,0.00 ,0.00 ,,89511589.18,557.95,1.53,6.19 ,-40.15 ,-36.44 ,-38.89 ,14,118.41,436,,1.45  aa,20.00  aa
KFEN11,Indefinido,1100.00,1571.43,1.17,7.96,0.00 ,0.00 ,0.00 ,4.40 ,0.00 ,0.00 ,0.49 ,4.40 ,0.00 ,0.00 ,,167318726.24,,,,,,,14,31.84,129,,,
KFOF11,Fundo de Fundos,82.35,809205.00,0.91,0.80,0.98 ,2.99 ,5.82 ,12.31 ,1.00 ,0.97 ,1.03 ,11.24 ,2.14 ,3.15 ,30.46 ,629446011.25,89.73,0.92,0.89 ,-1.25 ,-0.37 ,5.18 ,14,16.09,29735,,0.92  aa,20.00  aa
KINP11,Fundo de Desenvolvimento,10.00,38394.20,0.16,2.90,0.00 ,0.00 ,0.00 ,0.00 ,0.00 ,0.00 ,0.00 ,19.95 ,0.00 ,0.00 ,,118155565.38,,,0.00 ,-100.00 ,0.00 ,0.00 ,14,12.74,8102,,,
KISU11,Fundo de Fundos,6.77,518944.27,0.84,0.07,1.03 ,3.09 ,6.16 ,12.47 ,1.03 ,1.03 ,1.04 ,11.45 ,-0.88 ,0.14 ,15.82 ,356477719.53,8.07,0.84,0.87 ,-7.45 ,-6.65 ,-4.50 ,14,15.70,104690,,0.60  aa,
KIVO11,Papéis,61.38,292112.50,0.72,0.85,1.36 ,4.20 ,8.92 ,18.46 ,1.40 ,1.49 ,1.54 ,17.03 ,-2.37 ,-1.04 ,17.32 ,190361636.69,,,,,,,14,21.89,6871,,1.15  aa,10.00  aa
KNCA11,Indefinido,94.54,2835932.73,0.93,1.15,1.20 ,3.47 ,7.23 ,14.82 ,1.16 ,1.21 ,1.24 ,13.74 ,0.96 ,2.17 ,31.53 ,2193692116.98,101.56,0.93,1.13 ,-0.61 ,0.51 ,11.84 ,0,17.96,80629,1.20  aa,,
KNCR11,Papéis,106.16,14468777.59,1.03,1.33,1.26 ,3.82 ,7.48 ,14.03 ,1.27 ,1.25 ,1.17 ,13.02 ,0.81 ,2.08 ,27.62 ,9171360996.84,102.00,1.04,1.32 ,1.24 ,2.58 ,16.11 ,14,9.68,455519,1.00  aa,,
KNHF11,Indefinido,92.37,3230149.95,0.92,1.00,1.07 ,3.21 ,6.54 ,13.41 ,1.07 ,1.09 ,1.12 ,12.25 ,-1.99 ,-0.94 ,36.17 ,1960371148.95,,,,,,,9,16.73,51815,,1.20  aa,
KNHY11,Papéis,98.35,3773301.27,0.99,1.00,1.00 ,3.26 ,7.22 ,14.87 ,1.09 ,1.20 ,1.24 ,13.73 ,-1.01 ,-0.02 ,25.25 ,3073606941.32,98.24,1.00,1.02 ,0.50 ,1.52 ,14.68 ,14,10.98,26040,,1.60  aa,
KNIP11,Papéis,88.85,11318410.86,0.97,0.62,0.70 ,2.19 ,5.18 ,12.47 ,0.73 ,0.86 ,1.04 ,11.38 ,0.28 ,0.99 ,19.83 ,7327652282.06,91.51,0.97,0.66 ,-2.50 ,-1.86 ,7.13 ,14,11.77,71634,,1.00  aa,
KNOX11,Indefinido,97.34,347377.50,,2.67,2.62 ,2.62 ,8.05 ,13.95 ,0.87 ,1.34 ,1.16 ,8.05 ,3.60 ,6.31 ,19.13 ,,,,,,,,0,34.13,0,,,
KNPR11,Indefinido,,,,3.30,0.00 ,0.00 ,0.00 ,0.00 ,0.00 ,0.00 ,0.00 ,0.00 ,0.00 ,0.00 ,,55532537.63,,,,,,,14,,594,,,
KNRE11,Fundo de Desenvolvimento,0.30,3608.27,0.48,0.00,1.68 ,0.00 ,1.68 ,338.66 ,0.00 ,0.28 ,28.22 ,338.66 ,575.00 ,586.34 ,1099.67 ,11759710.20,0.76,0.39,9.22 ,0.00 ,9.22 ,0.46 ,14,368.49,5788,,0.04  aa,20.00  aa
KNRI11,Misto,147.60,5231315.91,0.90,1.00,0.68 ,2.07 ,4.18 ,8.79 ,0.69 ,0.70 ,0.73 ,7.98 ,0.07 ,0.75 ,29.86 ,4606809151.75,163.34,0.90,0.61 ,2.19 ,2.82 ,11.40 ,20,15.08,300924,1.11  aa,,
KNSC11,Papéis,8.65,5416694.32,0.98,0.09,1.03 ,3.19 ,6.51 ,13.66 ,1.06 ,1.09 ,1.14 ,12.63 ,-0.34 ,0.69 ,27.48 ,1771467856.23,8.76,0.99,1.14 ,-90.06 ,-89.95 ,-88.89 ,14,14.18,235616,1.20  aa,,
KNUQ11,Indefinido,103.40,4399580.18,1.01,1.25,1.19 ,3.72 ,7.90 ,15.35 ,1.24 ,1.32 ,1.28 ,14.27 ,0.15 ,1.34 ,30.51 ,2184353525.30,,,,,,,14,10.75,42418,,1.40  aa,
KOPA11,Indefinido,649.00,341004.32,0.80,35.00,4.86 ,12.37 ,18.52 ,32.62 ,4.12 ,3.09 ,2.72 ,44.85 ,-9.89 ,-5.51 ,75.67 ,283743647.41,800.01,0.81,1.25 ,0.00 ,0.00 ,0.00 ,0,23.67,3383,,2.00  aa,20.00  aa
KORE11,Lajes Corporativas,69.48,2519968.05,0.65,1.25,1.78 ,5.28 ,10.02 ,20.19 ,1.76 ,1.67 ,1.68 ,18.46 ,-3.60 ,-1.89 ,16.53 ,1019304634.39,,,,,,,4,21.40,28396,,1.06  aa,
KRES11,Misto,,,,0.00,0.00 ,0.00 ,0.00 ,0.00 ,0.00 ,0.00 ,0.00 ,0.00 ,0.00 ,0.00 ,,233940648.12,,,,,,,1,,131,,,
LAFI11,Misto,116.85,95479.67,1.00,3.84,0.00 ,0.00 ,4.30 ,12.22 ,0.00 ,2.15 ,6.11 ,12.22 ,0.00 ,0.00 ,,90494106.40,111.46,1.05,4.43 ,0.00 ,0.00 ,0.00 ,0,66.13,1267,,,
LASC11,Shoppings,99.90,1462852.36,0.76,0.69,0.70 ,2.27 ,13.49 ,17.77 ,0.76 ,2.25 ,1.48 ,17.77 ,-0.12 ,0.58 ,28.31 ,380439471.51,129.39,0.77,0.58 ,20.97 ,21.67 ,22.19 ,2,58.45,451,,1.07  aa,20.00  aa
LAVF11,Indefinido,,,,1.30,0.00 ,0.00 ,0.00 ,0.00 ,0.00 ,0.00 ,0.00 ,0.00 ,0.00 ,0.00 ,,118155565.38,,,,,,,14,,8102,,,
LFTT11,Papéis,2.10,598719.00,0.04,0.21,0.00 ,0.00 ,79.27 ,80801779.68 ,0.00 ,13.21 ,6733481.64 ,187.89 ,0.00 ,0.00 ,,33952054.38,51.02,0.04,0.41 ,27.42 ,27.95 ,-54.91 ,51,280.12,8,,,
LGCP11,Imóveis Industriais e Logísticos,82.95,163106.04,0.65,0.80,1.13 ,3.17 ,5.76 ,10.78 ,1.06 ,0.96 ,0.90 ,10.78 ,-7.22 ,-6.17 ,-7.05 ,457171677.92,101.32,0.82,0.79 ,-1.43 ,-0.65 ,7.48 ,5,9.47,19183,,0.46  aa,
LIFE11,Imóveis Comerciais - Outros,8.10,597124.59,0.81,0.12,1.44 ,4.26 ,8.42 ,17.72 ,1.42 ,1.40 ,1.48 ,16.11 ,-1.30 ,0.12 ,16.09 ,377557476.37,,,,,,,14,26.51,18084,,1.38  aa,20.00  aa
LLAO11,Misto,57.20,57.00,1.12,7.31,11.32 ,0.00 ,0.00 ,13.43 ,0.00 ,0.00 ,1.92 ,11.32 ,-2.11 ,8.97 ,8.97 ,18438127.93,,,,,,,12,31.05,78,,,
LOFT11B,Fundo de Desenvolvimento,29.90,,30.20,47.90,0.00 ,0.00 ,0.00 ,0.00 ,0.00 ,0.00 ,0.00 ,142.96 ,0.00 ,0.00 ,,1941226.05,,,,,,,2,,8,,,
LPLP11,Indefinido,265.01,696409.60,0.72,0.07,0.00 ,0.00 ,0.00 ,1.16 ,0.00 ,0.00 ,0.10 ,11.25 ,0.00 ,0.00 ,,267260446.39,,,,,,,14,124.76,19,,,
LRDI11,Indefinido,200.00,3148.00,1.82,32.60,19.76 ,19.76 ,19.76 ,33.28 ,6.59 ,6.59 ,11.09 ,33.28 ,0.00 ,0.00 ,,40559594.73,,,,,,,14,337.06,100,,,
LSAG11,Indefinido,77.92,58648.23,0.79,1.02,1.32 ,4.44 ,8.99 ,18.75 ,1.48 ,1.50 ,1.56 ,18.75 ,2.44 ,3.79 ,42.03 ,99364474.11,98.45,0.79,1.28 ,0.00 ,0.00 ,0.00 ,0,19.10,2778,,1.47  aa,
LSOI11,Misto,12.26,87738.50,1.03,0.10,0.00 ,0.00 ,0.00 ,0.00 ,0.00 ,0.00 ,0.00 ,0.00 ,0.00 ,0.00 ,,64019244.48,,,,,,,2,,41,,,
LSPA11,Papéis,24.01,453.61,1.15,20.85,86.84 ,0.00 ,0.00 ,90.52 ,0.00 ,0.00 ,7.54 ,299.45 ,0.00 ,86.84 ,153.73 ,8473824.04,,,,,,,14,39.19,727,,,
LTMT11,Imóveis Residenciais,98.42,42025.00,1.00,8.38,8.80 ,0.00 ,0.00 ,0.00 ,0.00 ,0.00 ,0.00 ,8.80 ,0.00 ,0.00 ,,15398779.80,,,,,,,1,16.63,112,,,
LUGG11,Imóveis Residenciais,72.82,23956.00,0.55,0.59,0.88 ,2.59 ,5.08 ,9.23 ,0.86 ,0.85 ,0.77 ,9.23 ,-3.20 ,-2.35 ,-10.08 ,132968746.75,117.60,0.62,0.51 ,-7.97 ,-7.50 ,-0.34 ,5,10.07,7962,,1.00  aa,
LVBI11,Imóveis Industriais e Logísticos,109.45,4678891.91,0.91,0.75,0.71 ,2.13 ,4.36 ,9.52 ,0.71 ,0.73 ,0.79 ,8.61 ,-3.21 ,-2.52 ,26.26 ,1898245780.77,117.77,0.93,0.64 ,1.97 ,2.61 ,7.88 ,11,18.32,127478,0.80  aa,,
MALL11,Shoppings,99.90,1230798.43,0.82,0.86,0.85 ,2.54 ,5.27 ,10.16 ,0.85 ,0.88 ,0.85 ,6.13 ,1.45 ,2.31 ,17.74 ,1694865745.73,121.22,0.82,0.70 ,1.09 ,1.80 ,18.43 ,11,12.50,129577,0.50  aa,,
MANA11,Indefinido,8.78,1263758.86,0.93,0.11,1.24 ,3.73 ,7.56 ,15.95 ,1.24 ,1.26 ,1.33 ,14.49 ,-1.34 ,-0.11 ,36.24 ,350900170.50,,,,,,,14,13.91,31970,,1.00  aa,20.00  aa
MATV11,Indefinido,86.63,13027.43,1.36,0.60,0.73 ,0.00 ,0.00 ,0.00 ,0.00 ,0.00 ,0.00 ,3.11 ,-1.41 ,-0.69 ,-1.08 ,118155565.38,91.09,0.95,0.66 ,-1.89 ,-1.24 ,-0.18 ,1,0.37,8102,,,
MAXR11,Varejo,63.35,61312.32,0.62,0.19,0.29 ,1.49 ,3.34 ,17.03 ,0.50 ,0.56 ,1.42 ,6.02 ,1.03 ,1.32 ,17.46 ,115055962.96,102.21,0.62,0.31 ,-16.96 ,-16.70 ,-10.54 ,7,17.28,4050,,0.30  aa,
MBRF11,Lajes Corporativas,,,,0.50,0.00 ,0.00 ,0.00 ,0.00 ,0.00 ,0.00 ,0.00 ,0.00 ,0.00 ,0.00 ,,,1136.01,,0.88 ,-0.17 ,0.71 ,10.03 ,0,,0,,,
MCCI11,Papéis,86.51,3266997.27,0.92,1.00,1.13 ,3.33 ,6.65 ,13.60 ,1.11 ,1.11 ,1.13 ,12.46 ,-3.51 ,-2.42 ,41.73 ,1582612669.76,93.31,0.93,1.07 ,0.88 ,1.96 ,6.69 ,14,15.53,111567,0.80  aa,0.20  aa,20.00  aa
MCEM11,Shoppings,63.00,119899.62,1.74,0.67,1.03 ,3.07 ,5.31 ,5.31 ,1.02 ,0.89 ,0.89 ,5.31 ,-0.71 ,0.31 ,31.31 ,117538150.51,,,,,,,14,531.75,207,,1.30  aa,20.00  aa
MCHF11,Papéis,9.10,1778820.09,0.14,2.59,0.00 ,0.00 ,0.00 ,0.00 ,0.00 ,0.00 ,0.00 ,1.51 ,0.00 ,0.00 ,,118155565.38,10.38,0.88,0.67 ,9.15 ,9.88 ,12.93 ,1,7.84,8102,0.77  aa,0.18  aa,20.00  aa
MCHY11,Papéis,8.58,4789731.61,0.72,0.10,1.39 ,3.81 ,7.19 ,13.89 ,1.27 ,1.20 ,1.16 ,13.89 ,-12.22 ,-11.00 ,-21.94 ,1060212799.64,9.50,0.90,1.05 ,-90.53 ,-90.43 ,-89.35 ,1,26.95,93666,1.10  aa,0.20  aa,20.00  aa
MCLO11,Imóveis Industriais e Logísticos,10.88,335271.41,0.74,0.08,0.00 ,1.68 ,3.62 ,3.62 ,0.56 ,0.60 ,0.52 ,3.62 ,0.00 ,0.00 ,,1709361439.25,,,,,,,5,29.00,208,,,
MCRE11,Papéis,8.68,3365439.55,0.86,0.11,1.25 ,3.74 ,7.67 ,16.19 ,1.25 ,1.28 ,1.35 ,14.63 ,-0.90 ,0.33 ,58.71 ,1123137382.57,,,,,,,1,17.22,85618,1.10  aa,0.20  aa,20.00  aa
MFAI11,Fundo de Fundos,69.98,11326.82,0.99,34.18,48.84 ,0.00 ,0.00 ,48.84 ,0.00 ,0.00 ,4.07 ,56.24 ,2.66 ,52.79 ,89.75 ,27463042.22,,,0.00 ,-100.00 ,0.00 ,0.00 ,14,0.02,2301,,1.00  aa,20.00  aa
MFII11,Fundo de Desenvolvimento,75.74,1262892.41,0.74,1.07,1.40 ,4.05 ,8.11 ,16.62 ,1.35 ,1.35 ,1.39 ,15.22 ,-4.82 ,-3.49 ,6.35 ,612755064.61,102.77,0.74,1.04 ,-2.80 ,-1.79 ,8.58 ,1,21.67,32499,,2.00  aa,20.00  aa
MGCR11,Papéis,9.40,259145.59,0.15,0.33,0.00 ,0.00 ,0.00 ,0.00 ,0.00 ,0.00 ,0.00 ,8.00 ,0.00 ,0.00 ,,118155565.38,9.78,0.96,1.02 ,-89.08 ,-88.97 ,-88.55 ,14,14.56,8102,,,
MGFF11,Fundo de Fundos,69.99,2558695.75,1.10,4.26,0.00 ,0.00 ,0.00 ,0.00 ,0.00 ,0.00 ,0.00 ,0.00 ,0.00 ,0.00 ,,118155565.38,73.54,0.95,0.71 ,2.57 ,3.29 ,-0.09 ,14,8.07,8102,,0.20  aa,20.00  aa
MGHT11,Hotéis,16.78,25867.73,0.73,0.13,0.42 ,0.00 ,0.00 ,0.00 ,0.00 ,0.00 ,0.00 ,7.24 ,-14.42 ,-14.07 ,-21.90 ,30397473.12,50.81,0.33,0.26 ,-40.63 ,-40.48 ,-43.69 ,1,49.49,3884,,1.20  aa,20.00  aa
MGLG11,Imóveis Industriais e Logísticos,40.99,55314.19,0.55,0.35,0.86 ,2.58 ,4.56 ,11.69 ,0.86 ,0.76 ,0.97 ,0.86 ,-3.60 ,-2.77 ,-2.77 ,116088485.68,61.55,0.67,0.57 ,57.54 ,58.43 ,-18.62 ,2,27.79,3712,,1.00  aa,
MGRI11,Indefinido,58.18,,0.95,1.12,0.00 ,0.00 ,0.00 ,14.86 ,0.00 ,0.00 ,1.24 ,12.42 ,0.00 ,0.00 ,,17756212.32,,,,,,,1,3.52,2,0.85  aa,0.14  aa,
MINT11,Educacional,96.50,2171.20,0.99,14.67,15.20 ,0.00 ,0.00 ,15.20 ,0.00 ,0.00 ,7.60 ,19.77 ,-5.85 ,8.46 ,14.95 ,50527673.91,,,,,,,3,6.46,94,0.80  aa,0.15  aa,
MMPD11,Indefinido,,,,1.17,0.00 ,0.00 ,0.00 ,0.00 ,0.00 ,0.00 ,0.00 ,0.00 ,0.00 ,0.00 ,,59327840.69,,,,,,,14,,102,,,
MORE11,Fundo de Fundos,76.21,1327577.67,1.19,6.02,0.00 ,0.00 ,0.00 ,0.00 ,0.00 ,0.00 ,0.00 ,0.00 ,0.00 ,0.00 ,,118155565.38,86.87,0.88,0.81 ,4.88 ,5.72 ,2.91 ,14,2.67,8102,,1.00  aa,20.00  aa
MXRF11,Papéis,9.59,11175061.59,1.01,0.10,1.04 ,3.10 ,6.30 ,12.89 ,1.03 ,1.05 ,1.07 ,11.72 ,-1.13 ,-0.10 ,27.10 ,4120929201.63,9.42,1.02,1.06 ,-6.82 ,-5.84 ,-0.34 ,3,9.46,1331813,,0.90  aa,
NAUI11,Outros,1100.00,41800.00,3.05,179.76,17.45 ,0.00 ,0.00 ,17.45 ,0.00 ,0.00 ,17.45 ,17.45 ,0.00 ,0.00 ,,18685138.96,,,,,,,0,95.67,111,,,
NAVT11,Papéis,69.20,86312.50,0.81,0.75,1.08 ,3.23 ,6.68 ,13.74 ,1.08 ,1.11 ,1.15 ,12.44 ,-0.94 ,0.13 ,36.41 ,52628998.05,85.96,0.81,0.87 ,-4.04 ,-3.20 ,-2.10 ,14,32.50,2472,,1.00  aa,20.00  aa
NCHB11,Papéis,7.97,63111.70,0.82,0.11,1.34 ,4.06 ,7.73 ,15.13 ,1.35 ,1.29 ,1.26 ,4.06 ,11.10 ,12.58 ,10.18 ,148979591.77,9.75,0.82,1.02 ,-89.12 ,-89.01 ,-88.60 ,14,17.09,11451,,1.10  aa,
NCRI11,Papéis,8.35,4446.27,0.84,0.10,1.16 ,3.48 ,7.23 ,15.37 ,1.16 ,1.21 ,1.28 ,14.00 ,-3.59 ,-2.47 ,35.21 ,39409281.88,,,,,,,1,38.55,1208,,,
NELO11,Logística,,,,11.40,0.00 ,0.00 ,0.00 ,0.00 ,0.00 ,0.00 ,0.00 ,0.00 ,0.00 ,0.00 ,,434206038.23,989.76,,1.15 ,0.00 ,0.00 ,0.00 ,57,,2,,,
NEWL11,Imóveis Industriais e Logísticos,107.48,275175.41,0.83,0.95,0.92 ,2.73 ,5.50 ,11.70 ,0.91 ,0.92 ,0.98 ,10.72 ,-2.37 ,-1.47 ,18.34 ,366022809.92,130.25,0.83,0.73 ,8.46 ,9.25 ,24.68 ,3,14.53,9852,,0.95  aa,20.00  aa
NEWU11,Lajes Corporativas,102.99,415303.32,1.22,0.25,0.00 ,0.42 ,0.84 ,1.44 ,0.42 ,0.84 ,0.12 ,1.35 ,0.00 ,0.00 ,,62174930.59,83.79,1.23,0.24 ,20.37 ,20.66 ,29.30 ,3,48.84,1085,,,
NEXG11,Agricultura,133.50,111865.50,1.32,1.10,0.93 ,2.48 ,4.77 ,8.96 ,0.83 ,0.80 ,0.75 ,8.46 ,-10.60 ,-9.77 ,9.95 ,70589762.43,100.67,1.33,1.05 ,0.00 ,0.00 ,0.00 ,0,63.61,648,1.00  aa,0.16  aa,20.00  aa
NSLU11,Hospitalar,219.41,575279.55,0.99,1.64,0.77 ,2.47 ,5.44 ,11.95 ,0.82 ,0.91 ,1.00 ,10.88 ,3.72 ,4.52 ,63.16 ,283153833.89,218.94,1.00,0.74 ,10.06 ,10.88 ,17.65 ,1,23.85,5208,,2.50  aa,
NUIF11,Indefinido,91.75,176126.32,,1.35,1.43 ,3.96 ,7.91 ,15.34 ,1.32 ,1.32 ,1.28 ,13.02 ,-0.71 ,0.71 ,27.60 ,,,,,,,,0,29.94,0,,,
NVHO11,Hospitalar,12.00,193439105.50,0.73,0.09,0.00 ,2.22 ,4.32 ,8.85 ,0.74 ,0.72 ,0.74 ,8.85 ,0.00 ,0.00 ,,682596790.73,16.45,0.73,0.53 ,17.92 ,18.54 ,38.70 ,4,703391.50,1778,,,
NVIF11,Fundo de Desenvolvimento,227.50,,0.72,0.89,0.00 ,0.00 ,0.00 ,0.00 ,0.00 ,0.00 ,0.00 ,0.00 ,0.00 ,0.00 ,,106151818.03,,,,,,,2,,7,,,
NVIF11B,Fundo de Desenvolvimento,227.50,,0.86,1.11,0.00 ,0.00 ,0.00 ,0.00 ,0.00 ,0.00 ,0.00 ,0.00 ,0.00 ,0.00 ,,88829544.94,263.28,0.86,0.42 ,-15.74 ,-15.38 ,5.40 ,2,,7,,,
NVRP11,Indefinido,170.00,23800.00,,64.73,107.40 ,0.00 ,0.00 ,107.40 ,0.00 ,0.00 ,107.40 ,107.40 ,0.00 ,0.00 ,,,,,,,,,0,138.44,0,,,
OBAL11,Imóveis Residenciais,1095.00,1095.00,0.77,81.96,0.00 ,0.00 ,0.00 ,7.34 ,0.00 ,0.00 ,3.67 ,7.34 ,0.00 ,0.00 ,,201769622.72,,,,,,,4,20.73,108,,,
OCRE11,Papéis,87.00,9643.71,0.57,0.65,0.00 ,1.39 ,3.91 ,8.71 ,0.46 ,0.65 ,0.73 ,7.56 ,0.00 ,0.00 ,,64559781.99,,,,,,,1,83.13,457,,,
OGHY11,Indefinido,8.72,22847.10,0.14,9.40,0.00 ,0.00 ,0.00 ,0.00 ,0.00 ,0.00 ,0.00 ,0.99 ,0.00 ,0.00 ,,118155565.38,,,,,,,14,57.14,8102,,,
OGIN11,Misto,7.92,113792.59,,0.10,1.19 ,2.31 ,4.83 ,8.29 ,0.77 ,0.81 ,0.69 ,6.91 ,4.86 ,6.11 ,-4.37 ,,,,,,,,0,22.01,0,,,
OIAG11,Indefinido,8.38,190532.18,0.85,0.12,1.40 ,4.22 ,8.54 ,17.52 ,1.41 ,1.42 ,1.46 ,16.00 ,-0.93 ,0.46 ,52.77 ,88666062.77,9.82,0.85,1.22 ,0.00 ,0.00 ,0.00 ,0,17.58,13111,,1.10  aa,20.00  aa
ONDV11,Exploração de Imóveis,9.92,3352.55,0.81,0.08,0.77 ,3.27 ,4.54 ,4.54 ,1.09 ,0.76 ,0.50 ,4.54 ,-0.77 ,-0.00 ,3.91 ,11942299.45,,,,,,,14,41.56,334,0.30  aa,0.15  aa,20.00  aa
ONEF11,Lajes Corporativas,200.03,114431.47,3.13,2.85,0.00 ,0.00 ,0.00 ,0.00 ,0.00 ,0.00 ,0.00 ,0.00 ,0.00 ,0.00 ,,118155565.38,182.79,1.09,17.78 ,-9.26 ,6.88 ,30.26 ,14,9.40,8102,,,
OPTM11,Misto,,,,0.14,0.00 ,0.00 ,0.00 ,0.00 ,0.00 ,0.00 ,0.00 ,0.00 ,0.00 ,0.00 ,,4942727.03,,,,,,,1,,14,,,
ORPD11,Fundo de Desenvolvimento,93.00,402.75,0.66,1.38,0.00 ,0.00 ,0.00 ,0.00 ,0.00 ,0.00 ,0.00 ,0.00 ,0.00 ,0.00 ,,40958624.14,124.68,0.75,1.11 ,0.95 ,2.06 ,2.06 ,14,24.80,6,,,
OUFF11,Fundo de Fundos,61.10,264340.11,0.96,0.76,1.25 ,0.00 ,0.00 ,0.00 ,0.00 ,0.00 ,0.00 ,7.10 ,-1.44 ,-0.20 ,-4.01 ,118155565.38,78.55,0.78,0.96 ,3.49 ,4.49 ,11.00 ,1,0.13,8102,,0.35  aa,30.00  aa
OUJP11,Papéis,75.95,378857.18,0.75,1.05,1.38 ,4.24 ,8.67 ,17.43 ,1.41 ,1.45 ,1.45 ,16.12 ,-0.14 ,1.23 ,29.49 ,327475163.45,100.69,0.75,1.19 ,0.80 ,2.00 ,17.22 ,14,17.17,26580,,1.05  aa,20.00  aa
OULG11,Imóveis Industriais e Logísticos,26.90,1474551.82,0.61,15.52,37.02 ,37.71 ,37.71 ,40.04 ,12.57 ,6.29 ,3.34 ,40.04 ,9.20 ,49.62 ,85.89 ,108844763.47,61.67,0.44,0.03 ,-7.83 ,-7.80 ,-14.65 ,1,30.52,3235,,1.00  aa,
OURE11,Misto,78.20,224923.68,1.23,1.09,1.39 ,0.00 ,0.00 ,0.00 ,0.00 ,0.00 ,0.00 ,8.68 ,3.84 ,5.28 ,19.42 ,118155565.38,100.43,0.78,1.08 ,10.33 ,11.52 ,23.93 ,1,6.17,8102,,0.95  aa,25.00  aa
PABY11,Fundo de Desenvolvimento,10.31,4001414145.57,0.23,0.13,,,,,,,,,,,,-24653621.68,251.42,0.04,0.00 ,1.74 ,1.74 ,5.49 ,15,179483.80,494,,,
PATA11,Misto,10.19,2256.68,1.01,0.92,9.02 ,11.01 ,13.79 ,20.69 ,3.67 ,2.30 ,1.72 ,19.67 ,-0.49 ,8.49 ,18.20 ,17105213.29,,,,,,,14,127.60,287,,,
PATB11,Lajes Corporativas,,,,3.69,0.00 ,0.00 ,0.00 ,0.00 ,0.00 ,0.00 ,0.00 ,0.00 ,0.00 ,0.00 ,,850533223.68,,,,,,,3,,1,,,
PATC11,Fundo de Desenvolvimento,42.00,886716.27,1.02,0.05,0.12 ,0.38 ,1.09 ,3.67 ,0.38 ,0.18 ,0.31 ,3.23 ,6.18 ,6.30 ,27.06 ,142995025.04,41.12,1.02,0.12 ,-46.17 ,-46.11 ,-48.54 ,4,12.04,4895,,1.18  aa,
PATL11,Imóveis Industriais e Logísticos,60.97,654440.32,0.62,0.57,0.94 ,2.85 ,6.40 ,14.28 ,0.95 ,1.07 ,1.19 ,12.92 ,1.17 ,2.12 ,64.37 ,483428636.73,96.85,0.63,0.59 ,-1.29 ,-0.71 ,6.73 ,4,24.05,25570,,1.13  aa,
PCAS11,Indefinido,,,,28.57,0.00 ,0.00 ,0.00 ,0.00 ,0.00 ,0.00 ,0.00 ,0.00 ,0.00 ,0.00 ,,268479782.83,,,,,,,4,,100,,,
PCIP11,Papéis,81.86,2663579.05,0.87,0.90,1.10 ,3.35 ,7.09 ,15.17 ,1.12 ,1.18 ,1.26 ,13.90 ,-1.02 ,0.06 ,32.65 ,1580907734.60,,,,,,,0,18.57,113489,0.90  aa,0.10  aa,
PDBM11,Shoppings,115.00,280.00,1.01,2.43,0.00 ,3.40 ,3.40 ,3.40 ,1.13 ,1.13 ,1.13 ,3.40 ,0.00 ,0.00 ,,38598251.65,,,,,,,0,77.04,122,,,
PEMA11,Papéis,43.90,1381.00,0.75,1.54,4.86 ,7.93 ,9.81 ,24.46 ,2.64 ,1.64 ,2.04 ,21.57 ,0.16 ,5.03 ,7.73 ,32523679.21,,,,,,,14,183.07,288,,,
PFIN11,Indefinido,76.90,1512850.77,,0.30,0.38 ,1.37 ,2.35 ,4.39 ,0.46 ,0.39 ,0.37 ,2.35 ,3.15 ,3.54 ,25.58 ,,,,,,,,0,18.66,0,,0.60  aa,
PICE11,Indefinido,30.59,52906.64,,0.50,1.35 ,1.35 ,1.35 ,2.51 ,0.45 ,0.23 ,0.21 ,2.51 ,7.50 ,8.95 ,1.37 ,,,,,,,,0,41.26,0,,1.30  aa,
PLAG11,Indefinido,49.00,179577.64,0.79,0.48,0.98 ,2.89 ,5.88 ,12.45 ,0.96 ,0.98 ,1.04 ,11.38 ,-3.77 ,-2.82 ,34.03 ,336375795.03,,,,,,,12,10.10,15139,,1.00  aa,
PLCA11,Indefinido,70.90,52187.73,0.73,1.00,1.40 ,4.22 ,8.51 ,16.61 ,1.41 ,1.42 ,1.38 ,15.14 ,0.42 ,1.83 ,32.02 ,53641399.67,96.30,0.74,1.04 ,0.00 ,0.00 ,0.00 ,0,15.86,2517,,1.15  aa,10.00  aa
PLCR11,Papéis,78.20,864020.00,0.94,5.23,0.00 ,0.00 ,2.32 ,9.62 ,0.00 ,0.39 ,0.80 ,8.48 ,0.00 ,0.00 ,,175914246.15,83.40,0.94,1.08 ,-8.04 ,-7.05 ,2.32 ,1,22.06,14034,,1.20  aa,
PLOG11,Imóveis Industriais e Logísticos,66.71,70165.04,0.63,0.70,0.99 ,3.05 ,6.10 ,12.13 ,1.02 ,1.02 ,1.01 ,4.09 ,2.01 ,3.02 ,0.55 ,79648071.76,100.39,0.66,0.75 ,-0.02 ,0.72 ,8.77 ,1,16.63,3284,,,
PLRI11,Papéis,9.44,2516.56,0.64,0.11,0.88 ,0.00 ,0.88 ,34.57 ,0.00 ,0.88 ,2.88 ,34.57 ,-20.67 ,-19.97 ,32.02 ,14065996.46,14.69,0.64,0.75 ,-54.32 ,-53.98 ,-60.85 ,1,117.40,842,,,
PMFO11,Misto,86.71,185693.00,1.01,0.84,0.00 ,0.00 ,0.00 ,5.81 ,0.00 ,0.00 ,0.48 ,4.87 ,0.00 ,0.00 ,,85594769.77,,,,,,,14,35.37,195,,,
PMIS11,Misto,7.75,233851.59,0.83,0.09,1.17 ,3.50 ,7.20 ,14.80 ,1.17 ,1.20 ,1.23 ,13.48 ,-2.72 ,-1.58 ,19.03 ,138111334.17,,,,,,,14,24.29,6819,,1.10  aa,20.00  aa
PMLL11,Shoppings,101.15,3856798.36,0.82,0.86,0.85 ,2.55 ,5.14 ,10.42 ,0.85 ,0.86 ,0.87 ,9.57 ,-0.76 ,0.09 ,21.39 ,1712199773.07,,,,,,,11,12.15,125857,,0.50  aa,
PNCR11,Imóveis Residenciais,45.20,350700.00,1.02,46.09,0.00 ,0.00 ,0.00 ,2.06 ,0.00 ,0.00 ,0.17 ,12.84 ,0.00 ,0.00 ,,23037047.12,,,,,,,14,91.53,112,,,
PNDL11,Fundo de Desenvolvimento,1000.00,1400000.00,0.94,3.00,0.00 ,0.00 ,0.00 ,0.00 ,0.00 ,0.00 ,0.00 ,0.00 ,0.00 ,0.00 ,,153091637.74,,,,,,,14,10.82,55,,,
PNPR11,Fundo de Desenvolvimento,48.00,5000064.00,1.32,19.05,25.23 ,0.00 ,0.00 ,25.23 ,0.00 ,0.00 ,8.41 ,25.23 ,0.00 ,0.00 ,,32752937.18,,,,,,,1,37.44,16,,,
PNRC11,Indefinido,57.95,57.00,1.39,0.63,0.00 ,0.00 ,1.11 ,26.28 ,0.00 ,0.19 ,2.19 ,2.81 ,0.00 ,0.00 ,,17149824.01,,,,,,,14,65.21,104,,,
PORD11,Papéis,7.99,578405.05,0.83,0.10,1.23 ,3.67 ,7.04 ,14.25 ,1.22 ,1.17 ,1.19 ,13.01 ,0.75 ,1.99 ,28.39 ,356860182.29,9.57,0.83,1.04 ,-90.24 ,-90.14 ,-89.08 ,1,16.81,46779,,0.90  aa,15.00  aa
PPEI11,Indefinido,79.25,573267.68,,4.25,5.00 ,0.00 ,5.00 ,10.34 ,0.00 ,0.83 ,1.48 ,5.00 ,13.57 ,19.25 ,19.25 ,,,,,,,,0,33.00,0,1.00  aa,0.10  aa,
PQAG11,Imóveis Industriais e Logísticos,54.61,1804696.47,1.00,0.48,0.00 ,1.66 ,4.24 ,9.49 ,0.55 ,0.71 ,0.79 ,8.63 ,0.00 ,0.00 ,,775553662.12,55.43,0.99,0.85 ,-3.20 ,-2.38 ,7.24 ,1,48.71,460,,0.20  aa,
PQDP11,Shoppings,2532.85,514663.73,0.74,17.30,0.74 ,2.11 ,4.99 ,10.80 ,0.70 ,0.83 ,0.90 ,9.78 ,-2.23 ,-1.50 ,38.22 ,351418688.87,3307.35,0.77,0.56 ,5.54 ,6.13 ,2.60 ,1,20.17,3245,,0.23  aa,
PRIF11,Indefinido,101.60,68525.00,,1.00,0.00 ,0.00 ,1.03 ,2.95 ,0.00 ,0.34 ,0.98 ,2.95 ,0.00 ,0.00 ,,,,,,,,,0,103.58,0,,,
PRSV11,Lajes Corporativas,35.00,1865.63,0.24,14.10,0.00 ,0.00 ,0.00 ,0.00 ,0.00 ,0.00 ,0.00 ,0.00 ,0.00 ,0.00 ,,32247107.19,364.23,0.10,0.44 ,-0.03 ,0.41 ,-3.81 ,1,94.10,807,,0.38  aa,
PRTS11,Shoppings,17396.42,3807590990.00,235.11,0.05,0.00 ,0.00 ,0.00 ,0.00 ,0.00 ,0.00 ,0.00 ,0.00 ,0.00 ,0.00 ,,118155565.38,,,,,,,14,19.80,8102,,,
PSEC11,Fundo de Fundos,62.92,1765262.09,0.85,0.70,1.15 ,3.35 ,6.66 ,14.11 ,1.12 ,1.11 ,1.18 ,12.76 ,-4.89 ,-3.80 ,24.42 ,1353879492.82,,,,,,,0,17.74,82761,,0.93  aa,20.00  aa
PULV11,Papéis,8.72,61949.00,0.88,0.71,0.00 ,1.07 ,4.60 ,12.13 ,0.36 ,0.77 ,1.01 ,12.13 ,0.00 ,0.00 ,,120562664.39,,,,,,,14,52.79,972,,1.50  aa,20.00  aa
PVBI11,Lajes Corporativas,78.64,4950691.36,0.73,0.45,0.61 ,1.79 ,3.78 ,8.10 ,0.60 ,0.63 ,0.68 ,7.31 ,-5.56 ,-4.99 ,13.80 ,2925483771.93,107.83,0.73,0.42 ,4.29 ,4.73 ,13.66 ,7,20.13,163327,0.80  aa,0.20  aa,
QAGR11,agro,41.00,258464.62,0.77,0.46,0.97 ,3.23 ,6.33 ,12.35 ,1.08 ,1.06 ,1.03 ,4.28 ,17.02 ,18.16 ,15.11 ,305270267.01,60.57,0.68,0.76 ,8.47 ,9.29 ,8.23 ,12,9.70,17348,,1.00  aa,
QAMI11,Papéis,84.68,67019.00,1.33,1.00,1.17 ,0.00 ,0.00 ,0.00 ,0.00 ,0.00 ,0.00 ,11.32 ,6.69 ,7.94 ,14.22 ,118155565.38,92.80,0.91,1.08 ,1.42 ,2.51 ,14.58 ,14,112.81,8102,,,
QIRI11,Papéis,78.04,6867.57,1.22,89.64,0.00 ,0.00 ,0.00 ,0.00 ,0.00 ,0.00 ,0.00 ,6.90 ,0.00 ,0.00 ,,118155565.38,89.61,0.87,100.03 ,-0.41 ,99.21 ,116.58 ,14,9.65,8102,,,
QNTS11,Indefinido,,,,0.85,0.00 ,0.00 ,0.00 ,0.00 ,0.00 ,0.00 ,0.00 ,0.00 ,0.00 ,0.00 ,,236587619.00,,,,,,,2,,135,,,
RBCO11,Lajes Corporativas,,,,0.50,0.00 ,0.00 ,0.00 ,0.00 ,0.00 ,0.00 ,0.00 ,0.00 ,0.00 ,0.00 ,,,90.22,,0.22 ,1.03 ,1.25 ,-7.08 ,0,,0,,,
RBDS11,Fundo de Desenvolvimento,2.00,59.63,0.11,2.35,12.63 ,0.00 ,0.00 ,0.00 ,0.00 ,0.00 ,0.00 ,12.63 ,0.00 ,0.00 ,,2407157.25,22.98,0.09,0.00 ,0.00 ,0.00 ,0.00 ,14,125.89,127,,,20.00  aa
RBFF11,Fundo de Fundos,49.25,236711.14,0.79,0.51,1.04 ,3.11 ,6.11 ,12.74 ,1.04 ,1.02 ,1.06 ,11.65 ,-4.06 ,-3.06 ,18.28 ,233366238.54,62.24,0.79,0.82 ,-2.49 ,-1.69 ,5.20 ,14,23.28,25434,,0.78  aa,20.00  aa
RBGS11,Shoppings,28.45,,0.45,0.18,0.62 ,0.00 ,0.00 ,0.00 ,0.00 ,0.00 ,0.00 ,0.62 ,-1.90 ,-1.29 ,-1.29 ,118155565.38,90.78,0.31,0.18 ,0.00 ,0.18 ,1.17 ,14,,8102,,,
RBHG11,Papéis,62.11,219553.64,0.72,0.80,1.26 ,3.67 ,7.26 ,14.79 ,1.22 ,1.21 ,1.23 ,13.59 ,-3.80 ,-2.59 ,2.61 ,187175582.41,86.34,0.72,0.93 ,-6.23 ,-5.36 ,4.73 ,14,21.62,8134,0.68  aa,0.12  aa,
RBHY11,Papéis,76.50,142234.14,0.83,1.05,1.39 ,4.14 ,8.20 ,16.70 ,1.38 ,1.37 ,1.39 ,15.34 ,0.60 ,2.00 ,19.56 ,172900838.23,91.31,0.84,1.15 ,-2.99 ,-1.87 ,11.42 ,14,17.63,3267,0.88  aa,0.12  aa,10.00  aa
RBIF11,Indefinido,72.79,119946.50,,0.95,1.31 ,3.93 ,7.84 ,16.16 ,1.31 ,1.31 ,1.35 ,14.88 ,-1.21 ,0.08 ,24.16 ,,,,,,,,0,22.02,0,0.80  aa,,
RBIR11,Fundo de Desenvolvimento,92.63,230909.64,1.01,3.93,4.25 ,8.51 ,12.22 ,21.08 ,2.84 ,2.04 ,1.76 ,18.38 ,-5.17 ,-1.14 ,49.42 ,140200644.82,,,,,,,14,39.15,1601,,2.00  aa,20.00  aa
RBLG11,Imóveis Industriais e Logísticos,53.25,832.00,0.81,0.61,0.00 ,0.00 ,2.27 ,9.29 ,0.00 ,0.38 ,0.77 ,6.80 ,0.00 ,0.00 ,,41884652.92,65.31,0.82,0.93 ,-35.00 ,-34.39 ,-32.00 ,1,110.21,243,,1.00  aa,20.00  aa
RBOP11,Lajes Corporativas,209.95,15634.77,0.30,3.50,0.97 ,0.00 ,0.00 ,0.97 ,0.00 ,0.00 ,0.97 ,16.71 ,-0.40 ,0.57 ,101.33 ,69511525.68,,,,,,,2,49.46,2823,,1.10  aa,20.00  aa
RBRD11,Varejo,39.99,104502.09,0.62,0.55,1.36 ,3.85 ,7.80 ,16.41 ,1.28 ,1.30 ,1.37 ,15.21 ,0.50 ,1.87 ,48.57 ,120394289.99,65.02,0.62,0.77 ,-1.77 ,-1.01 ,-3.01 ,4,22.24,7433,,0.17  aa,
RBRF11,Fundo de Fundos,6.53,2739709.00,0.78,0.33,0.00 ,0.91 ,3.57 ,11.00 ,0.91 ,0.60 ,0.92 ,9.23 ,0.00 ,0.00 ,,1172603582.62,8.57,0.76,1.40 ,-89.53 ,-89.38 ,-89.32 ,1,16.87,111834,0.80  aa,0.20  aa,20.00  aa
RBRI11,Fundo de Desenvolvimento,755.79,3023.00,1.25,114.56,12.12 ,37.79 ,42.91 ,84.48 ,12.60 ,7.15 ,7.04 ,74.38 ,39.71 ,56.64 ,308.80 ,84194326.60,,,,,,,1,484.50,130,1.50  aa,0.20  aa,
RBRL11,Imóveis Industriais e Logísticos,85.62,621371.00,0.81,0.75,0.87 ,2.67 ,5.44 ,12.41 ,0.89 ,0.91 ,1.03 ,11.17 ,1.75 ,2.64 ,54.99 ,703934480.85,105.27,0.81,0.71 ,-1.86 ,-1.16 ,6.89 ,6,19.95,13346,1.00  aa,0.18  aa,20.00  aa
RBRM11,Fundo de Desenvolvimento,94794.81,,17.88,5302.02,0.00 ,0.00 ,0.00 ,0.00 ,0.00 ,0.00 ,0.00 ,0.00 ,0.00 ,0.00 ,,2860101.93,,,,,,,14,,54,,,
RBRP11,Lajes Corporativas,51.15,856590.27,0.66,0.40,0.77 ,2.33 ,4.78 ,10.94 ,0.78 ,0.80 ,0.91 ,9.78 ,-1.41 ,-0.65 ,22.48 ,936325963.09,76.88,0.67,0.52 ,-5.90 ,-5.41 ,-1.67 ,6,20.92,59530,1.00  aa,0.18  aa,20.00  aa
RBRR11,Papéis,83.84,3852457.27,0.90,0.70,0.83 ,2.72 ,6.01 ,13.15 ,0.91 ,1.00 ,1.10 ,12.05 ,-2.32 ,-1.51 ,31.47 ,1395212677.81,92.66,0.90,0.86 ,-1.50 ,-0.65 ,2.26 ,14,13.25,131076,0.80  aa,0.20  aa,20.00  aa
RBRS11,Fundo de Desenvolvimento,39.06,22587.74,0.43,0.34,0.77 ,1.52 ,4.16 ,5.00 ,0.51 ,0.69 ,0.42 ,5.00 ,-20.92 ,-20.31 ,-5.39 ,73329930.42,95.92,0.41,0.35 ,1.94 ,2.31 ,8.43 ,4,55.38,922,,,
RBRX11,Indefinido,7.72,1058519.09,0.80,0.09,1.13 ,3.40 ,6.88 ,13.62 ,1.13 ,1.15 ,1.14 ,12.42 ,2.43 ,3.59 ,35.50 ,1279157520.46,,,,,,,14,17.14,11763,1.30  aa,,20.00  aa
RBRY11,Papéis,96.25,4964332.91,0.98,1.25,1.29 ,3.90 ,7.68 ,15.23 ,1.30 ,1.28 ,1.27 ,13.92 ,1.27 ,2.57 ,53.42 ,1247855629.91,97.72,0.98,1.28 ,-2.17 ,-0.92 ,4.20 ,14,14.19,65865,1.10  aa,0.20  aa,20.00  aa
RBTS11,Fundo de Desenvolvimento,370.00,496.00,0.92,39.81,0.00 ,0.00 ,0.00 ,51.51 ,0.00 ,0.00 ,4.29 ,26.82 ,0.00 ,0.00 ,,19083724.60,380.02,0.97,1.63 ,-65.26 ,-64.69 ,-58.05 ,14,298.43,127,,1.32  aa,17.50  aa
RBVA11,Varejo,9.81,1989166.50,0.93,0.09,0.93 ,2.93 ,6.15 ,12.94 ,0.98 ,1.03 ,1.08 ,11.90 ,4.42 ,5.39 ,26.26 ,1650872529.94,10.57,0.93,0.85 ,-90.34 ,-90.25 ,-88.40 ,82,16.27,87506,,0.65  aa,
RBVO11,Papéis,5.32,1143.43,0.95,5.66,106.30 ,0.00 ,0.00 ,106.30 ,0.00 ,0.00 ,8.86 ,168.13 ,-80.93 ,-60.65 ,146.57 ,2882596.37,,,0.00 ,-100.00 ,0.00 ,0.00 ,14,9.58,6943,0.65  aa,0.10  aa,20.00  aa
RCFF11,Fundo de Fundos,94.00,1504.00,0.96,3.55,3.76 ,0.00 ,3.76 ,38.52 ,0.00 ,0.63 ,3.85 ,9.17 ,-3.73 ,-0.12 ,59.38 ,31616325.06,98.56,0.95,3.60 ,7.75 ,11.63 ,12.01 ,14,73.46,129,0.50  aa,0.20  aa,
RCRB11,Lajes Corporativas,127.18,707057.23,0.64,0.94,0.73 ,2.17 ,3.58 ,8.24 ,0.72 ,0.60 ,0.69 ,7.23 ,0.56 ,1.29 ,24.90 ,727115081.91,197.01,0.65,0.48 ,-4.98 ,-4.53 ,4.80 ,9,28.55,24693,,0.70  aa,
RDCI11,Indefinido,,,,1.44,0.00 ,0.00 ,0.00 ,0.00 ,0.00 ,0.00 ,0.00 ,0.00 ,0.00 ,0.00 ,,239349819.70,,,,,,,14,,118,,,
RDIV11,Outros,100.00,7735786.00,1.17,8.00,0.00 ,0.00 ,0.00 ,0.00 ,0.00 ,0.00 ,0.00 ,0.00 ,0.00 ,0.00 ,,224175682.05,,,,,,,0,240.33,141,1.50  aa,0.20  aa,20.00  aa
RECD11,Papéis,8.40,373.06,1.03,0.09,1.04 ,2.95 ,27.96 ,36.37 ,0.98 ,4.66 ,3.03 ,36.37 ,-1.54 ,-0.52 ,45.53 ,44613612.67,,,,,,,0,215.28,329,,,
RECM11,Papéis,8.59,8631.95,0.86,0.12,1.39 ,4.19 ,8.46 ,16.02 ,1.40 ,1.41 ,1.46 ,15.07 ,0.35 ,1.74 ,18.48 ,81759472.42,,,,,,,0,72.21,783,,,
RECR11,Papéis,79.14,2924239.73,0.88,0.80,1.03 ,2.92 ,6.57 ,15.70 ,0.97 ,1.10 ,1.31 ,14.20 ,-2.20 ,-1.20 ,40.32 ,2352297956.32,88.96,0.89,0.83 ,-6.68 ,-5.90 ,7.10 ,1,17.01,172184,,0.20  aa,
RECT11,Lajes Corporativas,35.20,361881.27,0.38,0.45,1.27 ,3.51 ,7.04 ,14.78 ,1.17 ,1.17 ,1.23 ,13.35 ,4.42 ,5.75 ,60.54 ,776720647.99,90.91,0.39,0.41 ,-2.96 ,-2.56 ,-0.47 ,9,25.06,50788,,0.17  aa,
REIT11,Papéis,82.10,1642.00,0.27,2.91,0.00 ,0.00 ,0.00 ,2.76 ,0.00 ,0.00 ,0.23 ,2.76 ,0.00 ,0.00 ,,8036781.42,,,,,,,1,39.31,61,,,
RELG11,Imóveis Industriais e Logísticos,61.81,54912.32,0.71,0.80,1.24 ,3.62 ,6.82 ,14.39 ,1.21 ,1.14 ,1.20 ,12.82 ,-3.99 ,-2.80 ,43.35 ,116698567.30,87.44,0.71,0.91 ,-28.39 ,-27.73 ,-21.61 ,5,35.88,4092,1.00  aa,0.18  aa,
RENV11,Serviços Financeiros Diversos,5.13,24306.68,0.33,0.08,1.46 ,3.47 ,4.19 ,7.22 ,1.16 ,0.70 ,0.90 ,4.53 ,-1.62 ,-0.18 ,-40.29 ,14735750.11,,,,,,,14,146.46,536,1.13  aa,0.12  aa,20.00  aa
RFOF11,Fundo de Fundos,63.84,173508.00,0.92,0.65,0.00 ,2.07 ,5.21 ,12.40 ,0.69 ,0.87 ,1.03 ,11.17 ,0.00 ,0.00 ,,53824263.06,70.16,0.91,0.93 ,-12.23 ,-11.42 ,-10.35 ,14,25.69,3284,,,
RIFF11,Indefinido,7.54,224928.23,,0.01,0.08 ,0.00 ,1.34 ,9.56 ,0.00 ,0.22 ,0.80 ,8.05 ,-1.45 ,-1.37 ,22.73 ,,,,,,,,0,32.70,0,,0.84  aa,20.00  aa
RINV11,Indefinido,102.65,360053.68,1.02,1.05,1.01 ,3.06 ,6.14 ,12.98 ,1.02 ,1.02 ,1.08 ,11.81 ,1.92 ,2.95 ,29.85 ,332009556.28,,,,,,,14,11.75,4025,,1.00  aa,15.00  aa
RMAI11,Lajes Corporativas,51.00,44300.25,0.47,0.45,0.75 ,2.25 ,3.64 ,7.76 ,0.75 ,0.61 ,0.65 ,7.76 ,2.20 ,2.97 ,4.55 ,343425711.35,109.32,0.47,0.41 ,1.35 ,1.77 ,4.04 ,2,55.80,1060,,,
RNDP11,Papéis,40.50,14794.00,1.01,40.38,99.67 ,0.00 ,0.00 ,147.76 ,0.00 ,0.00 ,12.31 ,145.40 ,-5.64 ,88.42 ,309.72 ,4329855.96,,,0.00 ,-100.00 ,0.00 ,0.00 ,14,57.57,1292,,,
RNGO11,Lajes Corporativas,50.94,75468.82,0.60,0.29,0.57 ,1.70 ,3.97 ,9.47 ,0.57 ,0.66 ,0.79 ,8.54 ,-2.61 ,-2.06 ,35.64 ,224090237.22,83.74,0.61,0.35 ,-3.35 ,-3.01 ,1.48 ,4,18.18,7250,,0.20  aa,
ROOF11,Fundo de Desenvolvimento,309.00,309.00,1.03,19.36,0.00 ,0.00 ,0.00 ,17.77 ,0.00 ,0.00 ,1.48 ,15.90 ,0.00 ,0.00 ,,26520469.41,,,,,,,36,62.33,80,,,
RPRI11,Papéis,84.57,440143.59,0.85,0.90,1.05 ,3.30 ,7.22 ,15.18 ,1.10 ,1.20 ,1.27 ,13.96 ,-0.69 ,0.36 ,26.22 ,343357362.79,,,,,,,14,14.99,4332,,1.60  aa,
RRCI11,Papéis,78.20,397479.45,0.86,0.85,1.05 ,2.16 ,5.69 ,13.51 ,0.72 ,0.95 ,1.13 ,12.13 ,5.88 ,6.99 ,48.56 ,43998800.58,91.33,0.86,0.93 ,-2.92 ,-2.02 ,9.17 ,14,21.12,1532,,1.00  aa,20.00  aa
RSPD11,Fundo de Desenvolvimento,900.00,42702.20,1.02,28.19,0.00 ,0.00 ,4.69 ,12.11 ,0.00 ,0.78 ,1.01 ,10.21 ,0.00 ,0.00 ,,131825979.42,1130.10,0.80,0.98 ,-1.08 ,-0.11 ,-0.11 ,14,169.14,139,,,
RURA11,Indefinido,8.28,2222967.64,0.80,0.11,1.34 ,3.94 ,7.73 ,14.17 ,1.31 ,1.29 ,1.18 ,13.32 ,-0.84 ,0.48 ,32.72 ,1649956552.28,10.31,0.80,1.07 ,0.00 ,0.00 ,0.00 ,0,14.13,85730,,1.00  aa,20.00  aa
RVBI11,Fundo de Fundos,60.23,604022.78,0.85,0.70,1.15 ,3.35 ,6.66 ,14.11 ,1.12 ,1.11 ,1.18 ,12.76 ,-4.89 ,-3.80 ,24.42 ,1353879492.82,73.58,0.82,0.95 ,-12.43 ,-11.59 ,-6.08 ,14,18.57,82761,0.80  aa,0.13  aa,20.00  aa
RZAG11,Indefinido,9.12,1282829.45,0.95,0.13,1.36 ,4.10 ,8.42 ,17.77 ,1.37 ,1.40 ,1.48 ,16.20 ,-0.86 ,0.48 ,53.86 ,663024769.86,9.74,0.94,1.28 ,1.91 ,3.21 ,16.08 ,0,12.38,83990,,1.15  aa,10.00  aa
RZAK11,Papéis,81.02,1276560.27,0.92,1.10,1.33 ,4.04 ,8.34 ,18.77 ,1.35 ,1.39 ,1.56 ,17.03 ,-0.97 ,0.34 ,49.85 ,772326684.59,87.69,0.92,1.25 ,-6.42 ,-5.25 ,4.96 ,14,11.09,44991,,1.25  aa,15.00  aa
RZAT11,Imóveis Industriais e Logísticos,86.59,562799.73,0.85,0.85,0.96 ,3.04 ,6.68 ,14.59 ,1.01 ,1.11 ,1.22 ,13.25 ,-2.06 ,-1.12 ,35.98 ,426694959.31,,,,,,,13,15.38,34822,,1.00  aa,20.00  aa
RZEO11,Indefinido,187.78,3610.00,1.01,2.22,0.00 ,0.00 ,0.00 ,22.02 ,0.00 ,0.00 ,3.67 ,19.47 ,0.00 ,0.00 ,,592476056.45,190.27,0.99,0.50 ,0.00 ,0.00 ,0.00 ,0,38.54,155,,1.15  aa,20.00  aa
RZLC11,Papéis,1010.78,971647.21,1.02,13.70,1.35 ,2.58 ,6.39 ,12.96 ,0.86 ,1.07 ,1.08 ,12.01 ,0.00 ,0.00 ,,49676668.32,,,,,,,0,51.01,101,,,
RZTR11,Misto,95.57,3102879.82,0.99,1.00,1.08 ,3.25 ,6.65 ,14.61 ,1.08 ,1.11 ,1.22 ,13.18 ,-0.22 ,0.86 ,31.85 ,1823252776.14,96.72,0.99,1.03 ,-0.73 ,0.30 ,11.81 ,16,11.78,146683,1.25  aa,,20.00  aa
RZZR11,Imóveis Industriais e Logísticos,135.00,37822.71,0.77,1.21,0.89 ,2.63 ,4.31 ,9.55 ,0.88 ,0.72 ,0.80 ,8.77 ,-4.59 ,-3.74 ,-7.47 ,960043616.39,,,,,,,10,78.20,526,,0.25  aa,
RZZV11,Misto,1073.35,,0.87,7.22,0.00 ,0.00 ,0.00 ,0.00 ,0.00 ,0.00 ,0.00 ,0.00 ,0.00 ,0.00 ,,180122501.68,,,,,,,0,,131,,,
SALI11,Misto,,,,0.90,0.00 ,0.00 ,0.00 ,0.00 ,0.00 ,0.00 ,0.00 ,0.00 ,0.00 ,0.00 ,,7487463.11,,,,,,,5,,2,,,
SAPI11,Misto,8.78,196324.14,0.89,0.11,1.27 ,3.88 ,7.95 ,16.09 ,1.29 ,1.33 ,1.34 ,14.86 ,2.51 ,3.81 ,42.35 ,153031440.65,,,,,,,14,19.66,3368,,1.00  aa,
SARE11,Misto,4.80,348855.00,0.96,0.03,0.57 ,0.00 ,1.13 ,4.75 ,0.00 ,0.19 ,0.40 ,4.18 ,-1.50 ,-0.94 ,36.24 ,462448811.57,7.75,0.62,0.34 ,-91.79 ,-91.76 ,-91.52 ,2,23.01,26587,,1.25  aa,
SCPF11,Shoppings,2.51,731.36,0.25,0.05,1.07 ,0.00 ,0.00 ,0.00 ,0.00 ,0.00 ,0.00 ,1.46 ,-8.68 ,-7.70 ,-11.74 ,44737993.60,11.84,0.21,0.38 ,1.11 ,1.49 ,-3.03 ,1,73.70,4331,,4.00  aa,
SDIL11,Imóveis Industriais e Logísticos,96.50,1030917.86,1.01,0.75,0.76 ,2.49 ,5.22 ,10.27 ,0.83 ,0.87 ,0.86 ,6.12 ,2.04 ,2.82 ,10.51 ,612048658.06,98.33,0.98,0.83 ,-0.22 ,0.61 ,9.86 ,5,14.97,63292,,0.84  aa,
SEED11,Indefinido,98.34,200.00,1.07,1.10,0.00 ,0.00 ,0.00 ,6.99 ,0.00 ,0.00 ,0.58 ,5.89 ,0.00 ,0.00 ,,150475082.39,,,,,,,14,29.45,131,,,
SEQR11,Misto,49.22,62853.68,0.54,0.58,1.15 ,3.51 ,7.18 ,15.00 ,1.17 ,1.20 ,1.25 ,13.69 ,1.66 ,2.83 ,31.39 ,154954784.99,93.03,0.53,0.63 ,-0.78 ,-0.16 ,5.69 ,4,17.78,4586,,1.24  aa,20.00  aa
SHOP11,Shoppings,3184.99,2892589342.29,100.70,6.75,0.00 ,0.00 ,0.00 ,0.00 ,0.00 ,0.00 ,0.00 ,0.00 ,0.00 ,0.00 ,,74129568.95,,,,,,,1,46031.75,90,,,
SHPH11,Shoppings,905.00,99950.38,0.90,4.50,0.51 ,1.54 ,5.58 ,9.14 ,0.51 ,0.93 ,0.76 ,8.62 ,-8.66 ,-8.19 ,26.53 ,615720625.28,1011.12,0.90,0.49 ,13.08 ,13.64 ,19.23 ,1,43.61,2089,,0.20  aa,
SHPP11,Shoppings,10.84,719.20,1.05,0.05,0.43 ,0.97 ,2.95 ,2.95 ,0.97 ,0.74 ,0.74 ,2.95 ,0.00 ,0.00 ,,449501751.66,,,,,,,0,46.19,127,,,
SHSO11,Indefinido,,,,0.42,0.00 ,0.00 ,0.00 ,0.00 ,0.00 ,0.00 ,0.00 ,0.00 ,0.00 ,0.00 ,,118155565.38,,,,,,,14,,8102,,,
SIGR11,Indefinido,99.90,100.00,10.61,1.30,0.00 ,0.00 ,0.00 ,0.00 ,0.00 ,0.00 ,0.00 ,1.32 ,0.00 ,0.00 ,,188815870.53,,,,,,,14,1.55,9566,,,
SJAU11,Imóveis Industriais e Logísticos,0.47,9997.05,0.34,20.13,231.65 ,0.00 ,231.65 ,848.21 ,0.00 ,115.83 ,424.11 ,848.21 ,58.29 ,424.96 ,424.96 ,11332556.57,,,,,,,14,3501.65,417,,,
SMRE11,Incorporações,68.99,236457.73,0.69,1.02,0.00 ,2.63 ,6.49 ,13.79 ,0.88 ,1.08 ,1.15 ,13.79 ,0.00 ,0.00 ,,105114290.95,,,,,,,14,49.68,1310,0.78  aa,0.22  aa,
SNAG11,Papéis,10.13,1410522.27,0.97,0.13,1.27 ,3.77 ,7.24 ,14.58 ,1.26 ,1.21 ,1.22 ,13.45 ,5.91 ,7.25 ,32.30 ,627775506.60,10.34,0.98,1.16 ,-89.79 ,-89.67 ,-89.33 ,0,12.76,115813,8.00  aa,0.07  aa,
SNCI11,Papéis,80.95,526307.05,0.83,1.00,1.22 ,3.60 ,7.03 ,14.44 ,1.20 ,1.17 ,1.20 ,13.10 ,-1.61 ,-0.41 ,25.80 ,408674694.91,97.30,0.83,1.03 ,-0.10 ,0.92 ,10.91 ,14,18.07,36484,0.70  aa,0.15  aa,
SNEL11,Fundo de Desenvolvimento,8.40,1602564.05,1.02,0.10,1.17 ,3.50 ,7.09 ,14.47 ,1.17 ,1.18 ,1.21 ,13.22 ,-0.35 ,0.82 ,21.43 ,336785393.27,,,,,,,14,10.71,56343,1.08  aa,0.12  aa,20.00  aa
SNFF11,Fundo de Fundos,72.69,557766.55,0.86,1.10,1.50 ,4.03 ,7.08 ,13.34 ,1.34 ,1.18 ,1.11 ,12.34 ,1.63 ,3.16 ,15.70 ,337742800.25,84.00,0.87,1.31 ,-5.10 ,-3.85 ,-2.25 ,14,14.55,26680,,0.73  aa,10.00  aa
SNFZ11,Misto,9.91,979819.55,0.99,0.10,1.00 ,3.06 ,5.80 ,9.70 ,1.02 ,0.97 ,0.81 ,9.11 ,2.89 ,3.92 ,17.88 ,61440526.30,9.91,1.00,1.01 ,0.00 ,0.00 ,0.00 ,0,20.51,4428,0.87  aa,0.13  aa,20.00  aa
SNID11,Indefinido,10.67,134341.77,,0.13,1.22 ,3.55 ,7.14 ,14.32 ,1.18 ,1.19 ,1.19 ,13.14 ,3.09 ,4.35 ,43.25 ,,,,,,,,0,19.57,0,0.85  aa,0.10  aa,
SNLG11,Imóveis Industriais e Logísticos,1.55,133968.82,3.14,0.84,8400.00 ,0.00 ,0.00 ,8633.92 ,0.00 ,0.00 ,719.49 ,8496.77 ,-96.77 ,174.19 ,457.52 ,1274564.82,,,,,,,6,2211.00,8602,,1.00  aa,
SNME11,Indefinido,9.48,113531.23,1.01,0.15,1.54 ,4.24 ,7.75 ,15.21 ,1.41 ,1.29 ,1.27 ,14.08 ,1.24 ,2.80 ,26.97 ,70408669.65,,,,,,,2,18.54,4314,0.79  aa,0.20  aa,20.00  aa
SOFF11,Misto,115.00,77836.60,1.12,1.00,0.00 ,0.00 ,0.00 ,0.00 ,0.00 ,0.00 ,0.00 ,0.00 ,0.00 ,0.00 ,,188714470.21,,,,,,,0,37.86,302,,,
SOLR11,Imóveis Comerciais - Outros,1051.35,4931882.00,1.21,4.77,0.00 ,0.00 ,0.00 ,0.00 ,0.00 ,0.00 ,0.00 ,0.00 ,0.00 ,0.00 ,,56978407.26,,,,,,,1,121.75,1,,,
SPDE11,Indefinido,1266.67,2533.30,0.97,6.89,0.00 ,0.00 ,0.00 ,8.45 ,0.00 ,0.00 ,0.70 ,5.91 ,0.00 ,0.00 ,,119567799.47,,,,,,,14,42.16,120,,,
SPMO11,Indefinido,144.00,335334.00,1.07,0.43,0.00 ,0.00 ,0.00 ,0.00 ,0.00 ,0.00 ,0.00 ,0.00 ,0.00 ,0.00 ,,243989906.09,,,,,,,14,25.50,14,,,
SPTW11,Lajes Corporativas,36.10,61357.68,0.62,0.42,1.16 ,3.54 ,7.28 ,15.42 ,1.18 ,1.21 ,1.29 ,14.10 ,-0.52 ,0.63 ,30.34 ,105578428.57,58.72,0.61,0.72 ,5.35 ,6.10 ,21.83 ,1,18.60,18173,,0.25  aa,
SPVJ11,Shoppings,,,,0.16,0.00 ,0.00 ,0.00 ,0.00 ,0.00 ,0.00 ,0.00 ,0.00 ,0.00 ,0.00 ,,148984437.22,23.60,,0.63 ,-79.70 ,-79.57 ,-76.26 ,14,,24,,0.20  aa,
SPXS11,Indefinido,8.41,311096.73,0.89,0.11,1.28 ,3.81 ,7.48 ,15.06 ,1.27 ,1.25 ,1.26 ,13.75 ,0.95 ,2.24 ,27.83 ,191450658.67,,,,,,,14,19.88,20144,,0.80  aa,20.00  aa
SRVD11,Indefinido,3.00,233.91,17.65,0.20,2.29 ,0.00 ,0.00 ,0.00 ,0.00 ,0.00 ,0.00 ,3.30 ,-9.79 ,-7.73 ,-7.73 ,15951697.83,1.19,2.53,16.87 ,-0.11 ,16.74 ,25.64 ,14,375.98,106,,,
STRX11,Fundo de Desenvolvimento,140.16,142.00,0.99,0.89,0.00 ,0.64 ,0.64 ,3.87 ,0.64 ,0.64 ,0.32 ,3.40 ,0.00 ,0.00 ,,229012568.92,141.93,0.99,0.64 ,-4.31 ,-3.69 ,7.98 ,3,12.86,111,,,
SURE11,Indefinido,,,,0.59,0.00 ,0.00 ,0.00 ,0.00 ,0.00 ,0.00 ,0.00 ,0.00 ,0.00 ,0.00 ,,114030061.18,,,,,,,0,,1,,,
TCPF11,Misto,39.53,,0.40,1.31,0.00 ,0.00 ,0.00 ,0.00 ,0.00 ,0.00 ,0.00 ,0.00 ,0.00 ,0.00 ,,29654143.90,,,,,,,14,,52,,,
TELM11,Indefinido,10.00,7329.64,1.02,0.12,1.20 ,2.29 ,3.32 ,8.89 ,0.76 ,0.55 ,0.81 ,8.19 ,-0.50 ,0.70 ,3.58 ,21119787.64,,,,,,,2,83.14,116,,,
TEPP11,Lajes Corporativas,83.86,1057436.64,0.85,0.74,0.92 ,2.73 ,6.36 ,13.18 ,0.91 ,1.06 ,1.10 ,12.14 ,-3.79 ,-2.90 ,21.19 ,413634922.57,97.97,0.86,0.76 ,2.35 ,3.12 ,15.10 ,5,14.83,25794,0.90  aa,0.13  aa,
TGAR11,Fundo de Desenvolvimento,86.95,4926670.55,0.79,1.00,1.17 ,3.53 ,7.02 ,14.67 ,1.18 ,1.17 ,1.22 ,13.36 ,0.12 ,1.29 ,11.04 ,2553640494.58,108.35,0.80,0.92 ,-15.21 ,-14.42 ,-4.58 ,9,22.68,151603,1.28  aa,0.22  aa,30.00  aa
TJKB11,Indefinido,255.00,22556.14,0.98,2.90,1.15 ,3.45 ,6.97 ,14.53 ,1.15 ,1.16 ,1.21 ,12.01 ,1.41 ,2.58 ,5.39 ,303227115.35,,,,,,,9,65.80,441,,0.60  aa,
TMPS11,Fundo de Fundos,80.19,199855.00,0.85,0.85,1.06 ,3.17 ,6.30 ,15.17 ,1.06 ,1.05 ,1.26 ,12.96 ,-0.74 ,0.31 ,23.62 ,92060114.16,,,,,,,14,17.60,1922,,0.90  aa,20.00  aa
TOPP11,Imóveis Comerciais - Outros,69.24,448733.05,0.65,0.84,1.21 ,3.66 ,7.31 ,14.92 ,1.22 ,1.22 ,1.24 ,13.58 ,2.29 ,3.53 ,27.46 ,481650865.17,,,,,,,2,24.65,4618,,,
TORD11,Misto,2.20,29443.09,0.06,0.01,0.33 ,0.97 ,3.78 ,4.37 ,0.97 ,0.63 ,0.36 ,4.37 ,-2.90 ,-2.58 ,-90.11 ,205743610.25,13.94,0.16,0.36 ,8.23 ,8.62 ,12.48 ,2,34.83,47960,,1.50  aa,20.00  aa
TRBL11,Imóveis Industriais e Logísticos,63.40,540578.59,0.74,0.60,0.95 ,2.82 ,5.80 ,11.73 ,0.94 ,0.97 ,0.98 ,10.78 ,-5.16 ,-4.26 ,7.18 ,660604110.38,,,,,,,5,27.93,47554,,0.84  aa,
TRNT11,Lajes Corporativas,94.00,16338.62,0.53,0.07,0.06 ,0.00 ,0.00 ,0.00 ,0.00 ,0.00 ,0.00 ,0.71 ,0.00 ,0.00 ,,706533140.10,197.64,0.48,0.04 ,0.38 ,0.42 ,-0.87 ,1,36.79,523,,0.75  aa,
TRXB11,Fundo de Desenvolvimento,158.98,1521832.45,1.57,1.60,1.00 ,4.39 ,7.65 ,21.03 ,1.46 ,1.28 ,1.75 ,16.71 ,1.79 ,2.81 ,62.76 ,378440197.25,,,,,,,12,77.48,526,,,
TRXF11,Imóveis Comerciais - Outros,100.47,8271818.50,1.00,0.93,0.92 ,2.81 ,6.20 ,13.78 ,0.94 ,1.03 ,1.15 ,12.77 ,2.87 ,3.81 ,24.93 ,3272941892.55,100.73,1.00,0.92 ,-4.48 ,-3.59 ,11.87 ,52,12.32,204479,1.00  aa,,20.00  aa
TRXY11,Outros,9.02,50919.45,0.97,0.11,1.22 ,3.56 ,7.26 ,14.11 ,1.19 ,1.21 ,1.41 ,14.11 ,-2.70 ,-1.52 ,15.57 ,146764575.04,,,,,,,0,28.57,834,,1.00  aa,20.00  aa
TSER11,Lajes Corporativas,97.00,194.00,1.00,0.98,0.00 ,0.00 ,0.00 ,4.97 ,0.00 ,0.00 ,0.41 ,4.97 ,0.00 ,0.00 ,,144356799.19,,,,,,,1,16.70,19,,,
TVRI11,Agências de Bancos,94.40,1118395.32,0.90,1.05,1.12 ,3.36 ,6.78 ,14.21 ,1.12 ,1.13 ,1.18 ,13.00 ,-1.07 ,0.04 ,30.95 ,1655862762.01,,,,,,,57,13.91,60841,,0.28  aa,
URHF11,Outros,72.05,5455.45,0.78,1.15,1.51 ,4.38 ,8.72 ,17.76 ,1.46 ,1.45 ,1.48 ,16.40 ,-7.89 ,-6.50 ,1.57 ,10585915.78,,,,,,,14,99.48,241,,1.25  aa,20.00  aa
URPR11,Papéis,31.62,1068327.23,0.32,0.35,1.04 ,3.23 ,6.36 ,15.43 ,1.08 ,1.06 ,1.29 ,13.81 ,-11.14 ,-10.22 ,-28.96 ,1175196011.53,100.15,0.32,0.40 ,1.36 ,1.76 ,25.96 ,14,27.01,65855,0.95  aa,0.25  aa,20.00  aa
VANG11,Indefinido,102.51,3832438.00,,1.00,0.00 ,0.00 ,0.00 ,5.97 ,0.00 ,0.00 ,0.66 ,4.98 ,0.00 ,0.00 ,,,,,,,,,0,47.63,0,,,
VCJR11,Papéis,76.41,1885655.18,0.81,1.00,1.29 ,3.46 ,7.10 ,15.67 ,1.15 ,1.18 ,1.31 ,14.44 ,-2.00 ,-0.74 ,22.29 ,1375339510.10,93.41,0.82,0.87 ,-0.89 ,-0.03 ,12.74 ,14,17.47,27393,,1.60  aa,
VCRA11,Indefinido,62.80,484808.59,0.61,1.06,1.75 ,4.80 ,8.51 ,18.42 ,1.60 ,1.42 ,1.54 ,16.94 ,-2.60 ,-0.90 ,21.75 ,470167131.03,102.35,0.61,0.93 ,-0.03 ,0.89 ,2.37 ,0,19.47,9901,,1.30  aa,
VCRI11,Papéis,6.98,222741.05,0.74,0.09,1.27 ,3.75 ,7.81 ,15.86 ,1.25 ,1.30 ,1.32 ,14.57 ,-3.14 ,-1.91 ,24.14 ,193118005.60,9.40,0.74,0.96 ,-0.53 ,0.42 ,2.21 ,14,19.35,13705,,0.95  aa,20.00  aa
VCRR11,Imóveis Residenciais,68.94,588512.41,0.54,0.50,0.73 ,2.26 ,4.63 ,10.32 ,0.75 ,0.77 ,0.86 ,9.29 ,1.69 ,2.43 ,28.12 ,252435147.58,126.22,0.55,0.40 ,-1.58 ,-1.19 ,13.21 ,4,24.84,3256,,0.80  aa,15.00  aa
VGHF11,Misto,7.10,3425957.14,0.82,0.07,0.92 ,3.11 ,6.81 ,14.54 ,1.04 ,1.14 ,1.21 ,13.26 ,-1.92 ,-1.02 ,24.15 ,1406419077.53,8.54,0.83,0.94 ,-6.77 ,-5.90 ,6.18 ,14,16.81,392995,0.90  aa,,20.00  aa
VGIA11,Indefinido,9.68,1818535.95,0.99,0.15,1.57 ,4.39 ,8.67 ,17.73 ,1.46 ,1.45 ,1.48 ,16.13 ,-2.55 ,-1.02 ,62.74 ,842445502.85,9.74,0.99,1.44 ,2.22 ,3.69 ,12.13 ,0,14.73,169226,1.15  aa,,10.00  aa
VGII11,Tecidos Vestuário e Calçados,101.41,699932.00,1.01,4.82,5.33 ,0.00 ,0.00 ,9.63 ,0.00 ,0.00 ,0.80 ,5.33 ,0.00 ,5.33 ,5.33 ,52190763.62,,,,,,,14,18.18,3,,,
VGIP11,Papéis,76.99,1883694.68,0.86,0.65,0.86 ,2.81 ,7.77 ,15.19 ,0.94 ,1.30 ,1.27 ,13.91 ,-5.80 ,-4.99 ,34.33 ,1047432958.40,88.86,0.87,0.83 ,-1.75 ,-0.93 ,7.69 ,14,20.15,83717,,1.00  aa,20.00  aa
VGIR11,Papéis,9.38,5065186.91,0.95,0.13,1.38 ,4.08 ,8.19 ,16.13 ,1.36 ,1.37 ,1.34 ,14.73 ,-1.46 ,-0.10 ,39.35 ,1433226508.99,9.81,0.96,1.33 ,1.76 ,3.11 ,-88.65 ,1,11.57,260772,0.80  aa,0.20  aa,20.00  aa
VGRI11,Misto,7.77,620772.45,0.73,0.12,1.46 ,4.21 ,8.58 ,20.80 ,1.40 ,1.43 ,1.73 ,18.67 ,-5.31 ,-3.93 ,40.16 ,373557837.68,,,,,,,5,21.10,20780,,1.30  aa,
VIDS11,Fundo de Desenvolvimento,915.64,,1.16,16.06,0.00 ,0.00 ,0.00 ,0.00 ,0.00 ,0.00 ,0.00 ,0.00 ,0.00 ,0.00 ,,74846591.83,,,,,,,14,0.42,199,,,
VIFI11,Fundo de Fundos,6.96,30.26,0.87,0.07,1.01 ,0.00 ,0.00 ,4.03 ,0.00 ,0.00 ,0.34 ,3.00 ,-7.57 ,-6.64 ,5.15 ,64507809.24,7.97,0.87,0.88 ,-9.94 ,-9.15 ,-72.22 ,14,21.52,5521,,0.95  aa,20.00  aa
VIGT11,,41.98,677726.41,,0.20,0.51 ,1.29 ,2.52 ,4.20 ,0.43 ,0.42 ,0.35 ,4.20 ,5.35 ,5.88 ,-26.62 ,,,,,,,,0,40.94,0,,1.50  aa,0.00  aa
VILG11,Imóveis Industriais e Logísticos,95.39,3072354.59,0.81,0.72,0.79 ,2.46 ,4.99 ,10.24 ,0.82 ,0.83 ,0.85 ,9.38 ,2.93 ,3.75 ,39.77 ,1701198503.44,113.43,0.84,0.63 ,1.03 ,1.67 ,7.96 ,14,17.79,142747,,,
VINO11,Lajes Corporativas,5.15,631534.82,0.50,0.05,1.00 ,2.97 ,6.65 ,13.10 ,0.99 ,1.11 ,1.09 ,12.00 ,-2.72 ,-1.75 ,24.36 ,832572191.70,10.05,0.51,0.50 ,-81.64 ,-81.55 ,-80.46 ,9,23.34,138674,,1.10  aa,20.00  aa
VISC11,Shoppings,108.57,5224722.55,0.88,0.81,0.76 ,2.27 ,4.64 ,9.70 ,0.76 ,0.77 ,0.81 ,8.82 ,-3.10 ,-2.36 ,29.42 ,3550362017.69,123.15,0.88,0.66 ,-0.55 ,0.11 ,15.02 ,30,16.62,337631,1.05  aa,,
VIUR11,Misto,5.73,172361.41,0.65,0.07,1.20 ,3.60 ,7.23 ,15.12 ,1.20 ,1.21 ,1.26 ,13.84 ,-1.76 ,-0.58 ,22.42 ,235424164.81,8.74,0.66,0.77 ,-5.00 ,-4.27 ,-90.02 ,7,22.67,44202,,0.95  aa,20.00  aa
VJFD11,Papéis,155.02,3889.59,0.95,0.82,0.00 ,0.00 ,0.00 ,2.90 ,0.00 ,0.00 ,0.24 ,2.42 ,0.00 ,0.00 ,,799604071.92,163.98,0.95,0.50 ,20.51 ,21.11 ,28.10 ,39,4.23,96,,,
VLIQ11,Indefinido,,,,5.04,0.00 ,0.00 ,0.00 ,0.00 ,0.00 ,0.00 ,0.00 ,0.00 ,0.00 ,0.00 ,,118155565.38,,,,,,,14,,8102,,,
VLOL11,Lajes Corporativas,88.00,160238.13,1.38,16.30,0.00 ,0.00 ,0.00 ,0.00 ,0.00 ,0.00 ,0.00 ,1.99 ,0.00 ,0.00 ,,118155565.38,111.06,0.79,0.55 ,-0.14 ,0.40 ,14.11 ,14,9.89,8102,,,
VOTS11,Papéis,75.69,4128.83,0.82,0.62,0.00 ,1.02 ,3.54 ,9.39 ,0.34 ,0.59 ,0.78 ,8.35 ,0.00 ,0.00 ,,76816141.90,92.78,0.82,0.83 ,-0.55 ,0.28 ,9.29 ,14,48.43,547,,,
VPPR11,Lajes Corporativas,15.21,62076.09,0.40,0.07,0.53 ,0.00 ,0.00 ,1.01 ,0.00 ,0.00 ,0.08 ,0.53 ,-10.74 ,-10.27 ,-10.27 ,282062858.23,,,,,,,2,14.23,34617,,0.95  aa,20.00  aa
VRTA11,Papéis,77.25,1427568.05,0.92,0.85,1.09 ,3.28 ,6.53 ,13.26 ,1.09 ,1.09 ,1.11 ,12.16 ,-1.90 ,-0.83 ,20.39 ,1305988281.04,83.76,0.92,1.01 ,-8.13 ,-7.20 ,1.20 ,14,15.58,108636,,1.00  aa,
VRTM11,Misto,6.74,448631.36,0.73,0.09,1.31 ,3.91 ,7.81 ,16.34 ,1.30 ,1.30 ,1.36 ,14.96 ,-1.44 ,-0.15 ,22.45 ,435304755.13,,,,,,,8,14.86,11794,,0.90  aa,0.20  aa
VSEC11,Papéis,0.21,2.50,0.00,2.05,0.00 ,0.00 ,0.00 ,0.00 ,0.00 ,0.00 ,0.00 ,138.00 ,0.00 ,0.00 ,,118155565.38,,,,,,,14,904.16,8102,,0.70  aa,20.00  aa
VSHO11,Shoppings,73.35,37375.59,0.64,0.70,0.94 ,2.40 ,5.47 ,11.63 ,0.80 ,0.91 ,0.97 ,10.52 ,0.15 ,1.09 ,30.26 ,241712510.33,115.17,0.64,0.52 ,15.90 ,16.50 ,21.90 ,3,16.40,3006,0.75  aa,,
VSLH11,Papéis,2.35,112656.32,0.23,0.03,1.15 ,3.35 ,6.60 ,13.88 ,1.12 ,1.10 ,1.16 ,12.55 ,-3.45 ,-2.34 ,-5.15 ,301780202.65,10.11,0.23,0.29 ,-2.69 ,-2.42 ,16.19 ,14,19.65,65498,,0.95  aa,20.00  aa
VTBL11,multiestratégia,,,,1.54,0.00 ,0.00 ,0.00 ,0.00 ,0.00 ,0.00 ,0.00 ,0.00 ,0.00 ,0.00 ,,,,,,,,,0,,0,,,
VTLT11,Imóveis Industriais e Logísticos,88.98,1142448.92,0.96,1.03,1.18 ,3.57 ,6.99 ,14.16 ,1.19 ,1.17 ,1.18 ,13.02 ,0.83 ,2.02 ,22.03 ,196502433.44,92.91,0.96,1.11 ,-7.76 ,-6.74 ,0.17 ,1,15.43,5585,0.95  aa,,
VTPL11,Papéis,64.25,66.00,0.66,1.13,0.00 ,0.00 ,0.00 ,0.00 ,0.00 ,0.00 ,0.00 ,0.00 ,0.00 ,0.00 ,,138866931.27,,,,,,,2,24.99,125,,,
VVCO11,Lajes Corporativas,14.97,4996609.38,1.00,11.16,0.00 ,0.00 ,0.00 ,0.00 ,0.00 ,0.00 ,0.00 ,0.00 ,0.00 ,0.00 ,,148245354.65,,,,,,,4,16.05,2546,,1.20  aa,20.00  aa
VVCR11,Papéis,9.30,1277907.59,0.93,0.10,1.12 ,2.73 ,6.04 ,13.05 ,0.91 ,1.01 ,1.09 ,12.01 ,-10.10 ,-9.09 ,16.08 ,76213956.85,,,,,,,14,27.72,2127,,1.15  aa,
VVMR11,Lajes Corporativas,84.94,202532.09,0.80,0.20,0.00 ,0.48 ,0.93 ,2.61 ,0.48 ,0.93 ,0.22 ,1.47 ,0.00 ,0.00 ,,300179914.21,,,,,,,5,27.25,573,,,
VVPR11,Misto,101.50,1249061.55,1.59,0.89,0.89 ,0.00 ,0.00 ,0.00 ,0.00 ,0.00 ,0.00 ,7.45 ,0.40 ,1.30 ,14.44 ,118155565.38,98.03,1.04,0.74 ,-0.10 ,0.64 ,0.09 ,14,3.43,8102,,,
VVRI11,Indefinido,89.49,311448.50,1.00,0.75,0.00 ,1.55 ,2.71 ,8.11 ,0.52 ,0.45 ,0.68 ,5.54 ,0.00 ,0.00 ,,71720810.38,,,,,,,2,102.14,152,,,
VXXV11,Fundo de Desenvolvimento,683.00,683.00,1.12,273.35,0.00 ,0.00 ,0.00 ,0.00 ,0.00 ,0.00 ,0.00 ,0.00 ,0.00 ,0.00 ,,292357909.65,,,,,,,1,2.85,3,,,
WHGR11,Indefinido,8.68,381271.50,0.90,0.10,1.11 ,3.36 ,6.09 ,13.52 ,1.12 ,1.02 ,1.13 ,13.52 ,-0.33 ,0.77 ,28.22 ,299273115.92,,,,,,,1,15.67,14657,,1.00  aa,20.00  aa
WPLZ11,Shoppings,46.75,4466.05,0.71,0.37,0.75 ,2.25 ,6.48 ,10.44 ,0.75 ,1.08 ,0.87 ,9.86 ,0.80 ,1.55 ,9.75 ,78180223.26,66.82,0.70,0.55 ,-23.90 ,-23.47 ,-31.24 ,1,44.31,1561,,0.55  aa,
WSEC11,,1.41,8833.81,0.96,1.46,0.00 ,76.31 ,83.44 ,187.51 ,25.44 ,13.91 ,15.63 ,196.22 ,0.00 ,0.00 ,,3603090.71,,,,,,,14,1352.30,918,,1.00  aa,20.00  aa
WTSP11B,Misto,36.00,3852.00,0.68,0.05,0.09 ,0.81 ,26.17 ,27.19 ,0.81 ,4.36 ,2.27 ,0.81 ,0.00 ,0.00 ,,104295912.94,84.21,0.43,0.06 ,16.18 ,16.25 ,12.98 ,2,6.67,210,,,
XPCA11,Indefinido,8.07,679147.27,0.84,0.11,1.38 ,4.13 ,8.38 ,15.47 ,1.38 ,1.40 ,1.29 ,14.76 ,-0.74 ,0.63 ,64.81 ,439463120.20,9.65,0.84,1.14 ,1.68 ,2.84 ,15.66 ,0,14.59,94171,,1.00  aa,10.00  aa
XPCI11,Papéis,80.30,1876652.82,0.91,0.90,1.08 ,3.32 ,7.00 ,14.05 ,1.11 ,1.17 ,1.17 ,12.91 ,-1.54 ,-0.47 ,33.63 ,769502140.47,88.43,0.91,1.04 ,-3.70 ,-2.70 ,5.90 ,14,18.44,71334,,1.00  aa,
XPCM11,Lajes Corporativas,7.99,18029.82,0.28,0.02,0.20 ,0.00 ,0.00 ,0.00 ,0.00 ,0.00 ,0.00 ,0.20 ,-0.87 ,-0.67 ,-0.67 ,69694869.72,29.04,0.28,0.07 ,-34.13 ,-34.09 ,-44.99 ,1,41.42,2,,0.80  aa,
XPHT11,Hotéis,123.00,230869.59,0.66,0.41,0.93 ,2.91 ,5.33 ,10.11 ,0.97 ,0.89 ,0.84 ,10.11 ,15.85 ,16.93 ,15.37 ,581976733.73,63.13,1.95,0.65 ,-33.00 ,-32.56 ,-26.69 ,14,29.85,1268,,,
XPID11,Indefinido,47.76,195640.68,,0.50,1.01 ,2.95 ,6.11 ,13.69 ,0.98 ,1.02 ,1.14 ,12.44 ,-2.29 ,-1.30 ,0.05 ,,,,,,,,0,24.14,0,,0.95  aa,
XPIE11,Indefinido,56.00,1387263.14,,0.93,1.63 ,3.30 ,5.85 ,15.17 ,1.10 ,0.98 ,1.26 ,18.73 ,-4.55 ,-2.99 ,25.34 ,,,,,,,,0,16.63,0,,1.30  aa,20.00  aa
XPIN11,Imóveis Industriais e Logísticos,75.92,321992.27,0.75,0.85,1.09 ,3.25 ,6.49 ,13.45 ,1.08 ,1.08 ,1.12 ,12.22 ,3.71 ,4.84 ,45.54 ,727807167.30,101.79,0.75,0.84 ,-2.02 ,-1.20 ,0.24 ,81,16.52,41613,,0.75  aa,
XPLG11,Imóveis Industriais e Logísticos,104.13,3149019.14,0.97,0.82,0.81 ,2.44 ,4.95 ,10.34 ,0.81 ,0.83 ,0.86 ,9.44 ,0.67 ,1.49 ,28.28 ,3303771726.66,105.97,0.98,0.77 ,-6.98 ,-6.26 ,4.65 ,19,14.65,336118,0.95  aa,,20.00  aa
XPML11,Shoppings,106.12,13873159.32,0.97,0.92,0.86 ,2.60 ,5.32 ,11.12 ,0.87 ,0.89 ,0.93 ,10.10 ,0.78 ,1.65 ,30.75 ,6368330180.09,108.73,0.98,0.85 ,7.72 ,8.63 ,16.41 ,16,14.48,626958,,0.75  aa,20.00  aa
XPPR11,Lajes Corporativas,12.54,78639.38,0.21,0.07,0.53 ,1.02 ,2.30 ,4.38 ,0.34 ,0.38 ,0.37 ,0.53 ,-9.03 ,-8.55 ,-8.55 ,443953188.51,60.68,0.21,0.12 ,-18.41 ,-18.31 ,-21.40 ,2,21.62,42867,,,
XPSF11,Fundo de Fundos,6.23,435275.73,0.79,0.07,1.03 ,3.14 ,6.20 ,12.91 ,1.05 ,1.03 ,1.08 ,11.73 ,0.64 ,1.67 ,20.17 ,340010161.45,7.85,0.79,0.83 ,-5.99 ,-5.21 ,-90.09 ,14,16.48,56835,,1.00  aa,20.00  aa
XTED11,Lajes Corporativas,8.82,17641.88,0.68,11.16,,,,,,,,,,,,67378204.04,28.02,0.31,0.00 ,-0.36 ,-0.36 ,-3.45 ,1,29.46,4098,1.00  aa,0.20  aa,
YUFI11,Fundo de Desenvolvimento,59.50,5.17,1.30,29.23,0.00 ,0.00 ,0.00 ,2.99 ,0.00 ,0.00 ,0.25 ,2.80 ,0.00 ,0.00 ,,22537357.26,,,,,,,11,42.16,56,,,
YUFI11B,Indefinido,,,,0.63,0.00 ,0.00 ,0.00 ,0.00 ,0.00 ,0.00 ,0.00 ,,0.00 ,0.00 ,0.00 ,,105.53,,0.60 ,-0.01 ,0.59 ,6.32 ,0,,0,,,
ZAGH11,multiestratégia,9.98,43889.68,1.11,0.06,0.60 ,1.79 ,3.65 ,7.22 ,0.60 ,0.61 ,0.60 ,7.22 ,-2.17 ,-1.58 ,-12.98 ,79978632.07,,,,,,,1,69.70,447,,1.50  aa,20.00  aa
ZAVC11,Papéis,10.03,7957.91,0.98,0.13,0.00 ,2.68 ,7.22 ,15.90 ,0.89 ,1.20 ,1.33 ,0.00 ,0.00 ,0.00 ,,36083932.38,,,,,,,1,75.49,521,1.25  aa,,20.00  aa
ZAVI11,Indefinido,92.64,54026.09,0.65,1.10,1.23 ,3.74 ,7.65 ,15.37 ,1.25 ,1.28 ,1.28 ,14.14 ,1.04 ,2.28 ,10.80 ,167317000.26,,,,,,,9,29.04,2382,,1.25  aa,20.00  aa
ZIFI11,Fundo de Desenvolvimento,635.00,5763.67,0.35,3.31,0.00 ,0.00 ,0.00 ,0.00 ,0.00 ,0.00 ,0.00 ,0.00 ,0.00 ,0.00 ,,83684169.53,,,,,,,14,49.46,91,,,
