valor_de_mercado,valor_de_firma,patrimônio_líquido,n_total_de_papeis,ativos,ativo_circulante,dívida_bruta,dívida_líquida,disponibilidade,tag_along,segmento_de_listagem,free_float,setor,segmento,papel
2319282000,37923470000,27406740000,896039000,27626212000,7298785000,37369649000,35604188000,1765461000,100.00,nível 2,50.56,bens industriais,transporte aéreo,azul4
7101744000,11469728000,11160098000,738995000,37221991000,19241455000,5947933000,4367984000,1579949000,100.00,novo mercado,47.83,consumo cíclico,eletrodomésticos,mglu3
128943765000,128943765000,182119883000,5730834000,2540770431000,2272586213000,,,65753371000,100.00,novo mercado,49.60,financeiro,bancos,bbas3
186864597000,182391089000,22408769000,4197317000,41494475000,26776141000,2861803000,4473508000,7335311000,100.00,novo mercado,35.30,bens industriais,motores. compressores e outros,wege3
437894342000,751976342000,422934000000,12888732000,1212038000000,149361000000,376083000000,314082000000,62001000000,100.00,nível 2,60.70,petróleo. gás e biocombustíveis,exploração. refino e distribuição,petr4
6493057000,11596356000,12762531000,1876606000,23822533000,4324426000,6380341000,5103299000,1277042000,100.00,novo mercado,99.78,consumo cíclico,serviços educacionais,cogn3
190580841000,190580841000,175635225000,10592012000,2202774724000,1788672711000,,,225625971000,80.00,nível 1,62.16,financeiro,bancos,bbdc4
76048260000,74572898000,19783548000,5266500000,47335545000,17207699000,14212235000,1475362000,15687597000,100.00,nível 1,99.37,financeiro,serviços financeiros diversos,b3sa3
12912360000,24754360000,5720000000,1353496000,45121000000,15965000000,16298000000,11842000000,4456000000,100.00,nível 1,99.82,consumo não cíclico,alimentos,asai3
9006683000,66859241000,16240566000,10352509000,135725711000,57921048000,72448838000,57852558000,14596280000,100.00,nível 1,11.52,consumo não cíclico,açucar e alcool,raiz4
295852514000,362081514000,218127000000,4539007000,484953000000,87682000000,98622000000,66229000000,32393000000,100.00,novo mercado,94.09,materiais básicos,minerais metálicos,vale3
215776834000,198830430000,92027435000,15761638000,140754995000,41940170000,2894517000,16946404000,19840921000,80.00,tradicional,27.89,consumo não cíclico,cervejas e refrigerantes,abev3
4739000000,12772315000,5263334000,562826000,28463401000,15828896000,8749050000,8033315000,715735000,100.00,novo mercado,66.65,consumo cíclico,incorporações,mrve3
28803060000,47862060000,21201000000,1119000000,60987000000,24313000000,24995000000,19059000000,5936000000,100.00,novo mercado,99.61,petróleo. gás e biocombustíveis,exploração. refino e distribuição,vbbr3
7299391000,7513581000,20751327000,1253079000,35309875000,16354384000,6250187000,214190000,6035997000,0.00,nível 1,53.95,materiais básicos,siderurgia,usim5
12461336000,14574004000,801593000,864170000,5519521000,1091879000,2684455000,2112668000,571787000,novo mercado,99.02,100.00,bens industriais,serviços de apoio e armazenagem,stbp3
412546807000,412546807000,214918000000,10784548000,2969351000000,2785733000000,,,34369000000,80.00,nível 1,52.98,financeiro,bancos,itub4
16035332000,14775041000,10143083000,1059836000,18348667000,10617415000,373879000,1260291000,1634170000,100.00,novo mercado,98.89,consumo cíclico,tecidos. vestuário e calçados,lren3
3726346000,19080722000,2788634000,347931000,29641564000,7260531000,18671281000,15354376000,3316905000,100.00,novo mercado,33.63,consumo cíclico,aluguel de carros,movi3
4021441000,15930973000,2630595000,1081032000,23021635000,6631101000,16507097000,11909532000,4597565000,100.00,nível 1,37.63,bens industriais,material de transporte,vamo3
956575000,1096572000,503499000,525591000,3574566000,2015012000,381712000,139997000,241715000,100.00,novo mercado,100.00,consumo cíclico,viagens e turismo,cvcb3
6520430000,18317699000,1291833000,1000066000,45345889000,28397310000,26690484000,11797269000,14893215000,100.00,novo mercado,42.98,consumo não cíclico,carnes e derivados,beef3
22552704000,76925412000,5901323000,3679070000,125738697000,26885591000,67271111000,54372708000,12898403000,100.00,novo mercado,62.18,petróleo. gás e biocombustíveis,exploração. refino e distribuição,csan3
35887766000,41342861000,54539163000,2000879000,87255733000,33400217000,15328677000,5455095000,9873582000,100.00,nível 1,58.30,materiais básicos,siderurgia,ggbr4
32643200000,65196403000,15545938000,2020000000,67325620000,11613762000,40263608000,32553203000,7710405000,100.00,novo mercado,49.27,bens industriais,exploração de rodovias,motv3
131492783000,135796783000,92412000000,10993810000,113421000000,9710000000,9689000000,4304000000,5385000000,80.00,nível 1,65.74,financeiro,holdings diversificadas,itsa4
13516800000,16815436000,10433784000,384000000,24950414000,14519382000,7496402000,3298636000,4197766000,100.00,novo mercado,66.22,consumo cíclico,incorporações,cyre3
30531142000,46859053000,13805550000,1854868000,51603310000,9099664000,21758055000,16327911000,5430144000,100.00,novo mercado,100.00,bens industriais,transporte ferroviário,rail3
11470712000,46177486000,14141924000,1326093000,100825592000,32836649000,52146950000,34706774000,17440176000,0.00,tradicional,54.26,materiais básicos,siderurgia,csna3
24972720000,39442362000,16387743000,1115849000,45564670000,16297032000,18493316000,14469642000,4023674000,100.00,novo mercado,97.66,petróleo. gás e biocombustíveis,exploração. refino e distribuição,ugpa3
7812421000,9077593000,4444823000,1136271000,9779703000,6022307000,3259077000,1265172000,1993905000,80.00,nível 2,76.12,bens industriais,material rodoviário,pomo4
35313408000,48407754000,28728491000,2861781000,64750143000,13246560000,15411389000,13094346000,2317043000,0.00,nível 1,81.34,utilidade pública,energia elétrica,cmig4
11732721000,31651927000,12275532000,1050377000,48833477000,8819329000,24994888000,19919206000,5075682000,100.00,novo mercado,29.18,utilidade pública,energia elétrica,aure3
35665614000,53561226000,25946993000,896346000,59729709000,13636387000,27307582000,17895612000,9411970000,100.00,novo mercado,89.53,petróleo. gás e biocombustíveis,exploração. refino e distribuição,prio3
6801118000,17251895000,12403468000,464557000,42140541000,8373555000,15881996000,10450777000,5431219000,100.00,novo mercado,99.91,petróleo. gás e biocombustíveis,exploração. refino e distribuição,brav3
5291888000,7862390000,2273440000,1360382000,6901095000,2339830000,3704016000,2570502000,1133514000,100.00,novo mercado,99.93,bens industriais,transporte hidroviário,hbsa3
42486571000,59444021000,25986034000,2982810000,62048417000,13140211000,20928087000,16957450000,3970637000,100.00,nível 2,100.00,utilidade pública,energia elétrica,cple6
272281769000,272281769000,65605493000,11506119000,578439284000,507603323000,,,1437611000,100.00,nível 1,29.94,financeiro,bancos,bpac11
39462625000,42206848000,6995144000,1718007000,23825807000,13753306000,3282613000,2744223000,538390000,100.00,novo mercado,74.49,saúde,medicamentos e outros produtos,radl3
1860120000,4527120000,2688000000,490796000,18148000000,4828000000,4035000000,2667000000,1368000000,100.00,novo mercado,77.40,consumo não cíclico,alimentos,pcar3
47700268000,80569879000,25136785000,1082620000,83076114000,20052901000,43938967000,32869611000,11069356000,100.00,novo mercado,79.72,consumo cíclico,aluguel de carros,rent3
28855192000,28529198000,5077357000,599401000,9219852000,3145240000,1679735000,325994000,2005729000,100.00,novo mercado,87.53,tecnologia da informação,programas e serviços,tots3
72422000,72418000,23642000,31822000,41658000,13921000,,4000,4000,0.00,tradicional,61.28,bens industriais,material rodoviário,rcsl4
272150000,1142091000,201372000,117813000,1466247000,732429000,971265000,869941000,101324000,100.00,nível 1,82.23,telecomunicações,telecomunicações,ifcm3
2364123000,2062393000,2438601000,562886000,3601783000,1290429000,79117000,301730000,380847000,100.00,novo mercado,71.83,tecnologia da informação,programas e serviços,lwsa3
10624107000,19372463000,19368000000,993705000,87319904000,33463871000,18643907000,8748356000,9895551000,100.00,nível 1,70.19,materiais básicos,siderurgia,goau4
190580841000,190580841000,175635225000,10592012000,2202774724000,1788672711000,,,225625971000,100.00,nível 1,62.16,financeiro,bancos,bbdc3
112283822000,123563828000,68438152000,3226546000,123899419000,24248764000,18076567000,11280006000,6796561000,80.00,tradicional,24.64,telecomunicações,telecomunicações,vivt3
61680738000,64411076000,19070634000,740465000,66844714000,36550604000,12117600000,2730338000,9387262000,100.00,novo mercado,99.20,bens industriais,material aeronáutico e de defesa,embr3
2125104000,9193104000,2634000000,653878000,34332000000,14484000000,9323000000,7068000000,2255000000,100.00,novo mercado,99.75,consumo cíclico,eletrodomésticos,bhia3
2190256000,8892834000,3284652000,349724000,18438468000,9943434000,9331911000,6702578000,2629333000,80.00,nível 1,59.71,bens industriais,material rodoviário,rapt4
160025157000,202605387000,109289887000,2588720000,266502447000,52374181000,70835953000,42580230000,28255723000,80.00,nível 1,97.21,utilidade pública,energia elétrica,elet3
18119441000,61182651000,2834441000,857928000,137817432000,53153889000,66039994000,43063210000,22976784000,novo mercado,33.58,100.00,consumo não cíclico,carnes e derivados,mrfg3
437894342000,751976342000,422934000000,12888732000,1212038000000,149361000000,376083000000,314082000000,62001000000,100.00,nível 2,60.70,petróleo. gás e biocombustíveis,exploração. refino e distribuição,petr3
22230856000,48331243000,10239102000,6179682000,62163679000,16586925000,35826069000,26100387000,9725682000,100.00,nível 2,63.92,materiais básicos,papel e celulose,klbn11
67580000000,60324443000,12869841000,2000000000,20441629000,8665648000,,7255557000,7255557000,100.00,novo mercado,31.87,financeiro,seguradoras,bbse3
31979525000,27612942000,10097436000,5485338000,36313111000,16750738000,9235604000,4366583000,13602187000,100.00,nível 1,20.25,materiais básicos,minerais metálicos,cmin3
46560000000,45466511000,13505669000,3000000000,14624520000,1932384000,10707000,1093489000,1104196000,100.00,novo mercado,17.25,financeiro,seguradoras,cxse3
1845468000,1765796000,1716262000,462523000,3944594000,1533165000,434727000,79672000,514399000,100.00,novo mercado,66.53,consumo não cíclico,produtos diversos,petz3
14445010000,17776337000,5722890000,586242000,19095990000,4232675000,6289577000,3331327000,2958250000,0.00,tradicional,52.44,consumo cíclico,atividades esportivas,smft3
79034000,79027000,151852000,197585000,186882000,200000,,7000,7000,0.00,novo mercado,0.00,materiais básicos,petroquímicos,azte3
15266620000,19694384000,6019582000,513163000,12802394000,2208919000,5489680000,4427764000,1061916000,100.00,nível 2,52.93,financeiro,exploração de imóveis,mult3
6069861000,43381861000,3533000000,797207000,87383000000,26273000000,44720000000,37312000000,7408000000,100.00,nível 1,34.97,materiais básicos,petroquímicos,brkm5
7858859000,18487284000,5387222000,622730000,20155344000,3129943000,11760157000,10628425000,1131732000,100.00,novo mercado,68.34,utilidade pública,energia elétrica,srna3
455154000,387952000,544430000,113222000,667687000,164064000,99000,67202000,67301000,100.00,novo mercado,75.33,tecnologia da informação,programas e serviços,cash3
49249051000,96447842000,28549056000,1248075000,126167097000,32667372000,62395067000,47198791000,15196276000,100.00,novo mercado,100.00,utilidade pública,energia elétrica,eqtl3
60229613000,56555969000,25213227000,2420804000,57371375000,14085946000,2854983000,3673644000,6528627000,100.00,novo mercado,33.40,telecomunicações,telecomunicações,tims3
7537059000,9305880000,4177323000,1214491000,7791679000,1940835000,3367008000,1768821000,1598187000,100.00,tradicional,55.81,financeiro,exploração de imóveis,igti11
9037303000,12889287000,48650310000,502630000,74469343000,12323388000,13364160000,3851984000,9512176000,100.00,novo mercado,58.28,saúde,serviços médicos. hospitalares. análises e diagnósticos,hapv3
106085818000,105776918000,26332327000,2289292000,110033257000,58054564000,42879071000,308900000,43187971000,100.00,nível 1,50.01,saúde,serviços médicos. hospitalares. análises e diagnósticos,rdor3
3622283000,7878913000,3134368000,289088000,9712518000,2417178000,5312600000,4256630000,1055970000,100.00,novo mercado,93.61,consumo cíclico,serviços educacionais,yduq3
8716753000,11709974000,5395011000,547191000,13584226000,4864095000,5505859000,2993221000,2512638000,100.00,novo mercado,84.87,saúde,serviços médicos. hospitalares. análises e diagnósticos,flry3
4960029000,8496878000,6287795000,681322000,15658342000,5310579000,5730860000,3536849000,2194011000,100.00,novo mercado,43.12,consumo cíclico,incorporações,jhsf3
6889753000,6357728000,9123786000,393096000,9217327000,532286000,,532025000,532025000,80.00,nível 1,71.57,financeiro,holdings diversificadas,brap4
5388123000,5456685000,3536831000,308245000,8917834000,4251549000,1249021000,68562000,1180459000,100.00,novo mercado,32.93,consumo cíclico,tecidos. vestuário e calçados,ceab3
154248000,212130000,159350000,592755000,1046494000,214002000,65073000,57882000,7191000,0.00,tradicional,59.67,bens industriais,construção pesada,azev4
1421618000,5256646000,2354428000,403868000,10090277000,2547889000,5511491000,3835028000,1676463000,100.00,novo mercado,63.64,consumo cíclico,serviços educacionais,anim3
59792763000,129181416000,45118402000,1264117000,164416918000,42575229000,92962205000,69388653000,23573552000,100.00,novo mercado,50.69,materiais básicos,papel e celulose,suzb3
98302389000,121578960000,42710275000,683509000,95987457000,17040851000,34926444000,23276571000,11649873000,100.00,novo mercado,49.74,utilidade pública,água e saneamento,sbsp3
14591286000,11682059000,13419243000,504190000,26343579000,3792999000,,2909227000,2909227000,100.00,novo mercado,92.76,financeiro,exploração de imóveis,alos3
30200394000,35851928000,16846413000,1682473000,64292562000,32863984000,20745520000,5651534000,15093986000,novo mercado,48.41,0.10,consumo não cíclico,carnes e derivados,brfs3
30854061000,46382179000,19852577000,1584697000,54448940000,9169745000,19465459000,15528118000,3937341000,100.00,novo mercado,99.68,utilidade pública,energia elétrica,enev3
4349001000,9448613000,6744052000,820566000,18023149000,5341161000,6606268000,5099612000,1506656000,100.00,novo mercado,36.77,materiais básicos,madeira,dxco3
36595987000,83597987000,36192000000,1213797000,113489000000,21511000000,53313000000,47002000000,6311000000,100.00,novo mercado,16.07,utilidade pública,energia elétrica,neoe3
4137728000,3930512000,3154380000,327611000,5591369000,4110059000,1047917000,207216000,1255133000,100.00,novo mercado,34.93,telecomunicações,telecomunicações,intb3
70472000,10109982000,15495962000,330121000,18729654000,4601185000,11188856000,10039510000,1149346000,100.00,nível 1,90.04,telecomunicações,telecomunicações,oibr3
4653306000,49498675000,3151220000,873040000,84174712000,28585482000,57435801000,44845369000,12590432000,100.00,novo mercado,26.00,financeiro,holdings diversificadas,simh3
1535037000,3408092000,1271345000,346509000,4633471000,1384316000,2498284000,1873055000,625229000,100.00,nível 1,49.46,bens industriais,construção pesada,arml3
154248000,212130000,159350000,592755000,1046494000,214002000,65073000,57882000,7191000,0.00,tradicional,59.67,bens industriais,construção pesada,azev3
14962958000,20957365000,8612454000,380253000,16780052000,2283900000,6627486000,5994407000,633079000,100.00,novo mercado,49.56,utilidade pública,água e saneamento,csmg3
126489111000,126489111000,123852072000,7498531000,1263370224000,1126051979000,,,21583905000,100.00,nível 1,9.88,financeiro,bancos,sanb11
4321346000,3305072000,4050731000,902160000,4524891000,2761241000,83703000,1016274000,1099977000,100.00,novo mercado,29.67,consumo cíclico,calçados,grnd3
7900815000,8217986000,2935852000,236197000,4699193000,3028181000,551533000,317170000,234362000,100.00,novo mercado,53.31,consumo cíclico,acessórios,viva3
13085433000,15169718000,3896679000,674854000,14372185000,7582263000,4861431000,2084285000,2777146000,100.00,nível 1,58.62,bens industriais,serviços diversos,ggps3
407701000,436330000,448152000,195072000,3666739000,2656845000,559508000,28629000,530879000,100.00,novo mercado,95.63,consumo não cíclico,produtos diversos,ljqq3
3079573000,6244986000,4729060000,651072000,13876752000,4603207000,4374226000,3165413000,1208813000,100.00,nível 1,31.40,bens industriais,máquinas e equipamentos industriais,cbav3
3106898000,3414954000,1227284000,123094000,6190365000,3739146000,1224917000,308056000,916861000,100.00,novo mercado,98.69,consumo cíclico,incorporações,tend3
6796222000,27495693000,4207984000,696334000,35119596000,5231617000,24815049000,20699471000,4115578000,100.00,novo mercado,47.92,bens industriais,exploração de rodovias,ecor3
348012000,1877010000,1461831000,133851000,6584084000,2744379000,1855296000,1528998000,326298000,100.00,novo mercado,49.01,consumo cíclico,incorporações,hbor3
42486571000,59444021000,25986034000,2982810000,62048417000,13140211000,20928087000,16957450000,3970637000,100.00,nível 2,100.00,utilidade pública,energia elétrica,cple3
8273967000,10474251000,2759275000,442931000,6369022000,1080592000,2593939000,2200284000,393655000,100.00,novo mercado,43.34,bens industriais,serviços de apoio e armazenagem,port3
16190236000,23465247000,12254236000,633420000,25153665000,6287208000,9138773000,7275011000,1863762000,100.00,novo mercado,64.65,saúde,medicamentos e outros produtos,hype3
26879652000,58432103000,18484512000,2289424000,82858461000,19805340000,41047221000,31552451000,9494770000,100.00,nível 2,71.31,utilidade pública,energia elétrica,engi11
1025254000,2357254000,4737000000,200244000,16154000000,7514000000,1907000000,1332000000,575000000,0.10,nível 1,69.88,consumo cíclico,produtos diversos,amer3
3257185000,4724222000,4563499000,293440000,7897842000,1388394000,2400752000,1467037000,933715000,100.00,nível 1,93.96,petróleo. gás e biocombustíveis,exploração. refino e distribuição,recv3
9707325000,9924894000,2445693000,520500000,12415734000,5613159000,2667075000,217569000,2449506000,100.00,novo mercado,62.51,consumo cíclico,incorporações,dirr3
6153396000,8480448000,8347712000,206489000,15516275000,6874456000,3062571000,2327052000,735519000,100.00,novo mercado,56.14,consumo cíclico,tecidos. vestuário e calçados,azza3
4083535000,1081028000,5327120000,82263000,15662546000,6351611000,,5164564000,5164564000,100.00,novo mercado,99.48,financeiro,seguradoras,irbr3
650392000,1579949000,1325596000,284014000,3906812000,1367698000,1386794000,929557000,457237000,0.10,novo mercado,98.05,saúde,serviços médicos. hospitalares. análises e diagnósticos,qual3
5939809000,5939809000,11099341000,408974000,158835626000,150437964000,,,2106316000,100.00,nível 1,50.61,financeiro,bancos,brsr6
7381439000,13341873000,5265743000,443329000,20525452000,8994607000,7681012000,5960434000,1720578000,100.00,novo mercado,43.81,consumo não cíclico,agricultura,slce3
3367526000,5624635000,2978675000,244555000,9069848000,4783598000,2964454000,2257109000,707345000,100.00,novo mercado,60.31,consumo cíclico,produtos diversos,sbfg3
12372338000,13810846000,10193327000,2209346000,23696093000,12388045000,2621401000,1438508000,1182893000,100.00,novo mercado,21.00,consumo não cíclico,produtos diversos,gmat3
1793606000,1781579000,755919000,179720000,1552761000,1016654000,351835000,12027000,363862000,100.00,novo mercado,98.19,bens industriais,máquinas e equipamentos industriais,kepl3
22230856000,48331243000,10239102000,6179682000,62163679000,16586925000,35826069000,26100387000,9725682000,100.00,nível 2,63.92,materiais básicos,papel e celulose,klbn4
53222632000,76092562000,22670094000,1152254000,82448147000,18520635000,28760433000,22869930000,5890503000,100.00,novo mercado,16.29,utilidade pública,energia elétrica,cpfe3
30066251000,16951476000,14914977000,646586000,53349034000,31940624000,,13114775000,13114775000,100.00,novo mercado,28.23,financeiro,seguradoras,pssa3
2541112000,2462256000,984234000,66002000,1392114000,720668000,166808000,78856000,245664000,100.00,novo mercado,48.48,bens industriais,transporte rodoviário,tgma3
19517901000,31916232000,20907007000,658883000,45643761000,7065287000,14818493000,12398331000,2420162000,0.00,nível 1,64.18,utilidade pública,energia elétrica,isae4
960030000,990872000,3036006000,820539000,5284916000,3678559000,501179000,30842000,470337000,100.00,nível 1,47.06,tecnologia da informação,computadores e equipamentos,mlas3
1150861000,5538999000,971212000,661414000,8221357000,3067331000,4861344000,4388138000,473206000,100.00,nível 1,46.26,saúde,medicamentos e outros produtos,onco3
4419782000,4584737000,5132994000,220989000,7008353000,2960185000,1398136000,164955000,1233181000,100.00,novo mercado,44.05,consumo cíclico,incorporações,eztc3
3272181000,3346445000,989580000,204256000,3827834000,3308194000,1050040000,74264000,975776000,100.00,novo mercado,26.62,financeiro,intermediação imobiliária,plpl3
10850455000,12226151000,12030707000,1511205000,26002141000,7487443000,7255705000,1375696000,5880009000,100.00,nível 2,79.97,utilidade pública,água e saneamento,sapr11
11035797000,10585580000,1385221000,291875000,5631997000,3406837000,1322986000,450217000,1773203000,100.00,novo mercado,43.72,consumo cíclico,incorporações,cury3
2116114000,9003529000,5622126000,372555000,25743932000,5831189000,9528927000,6887415000,2641512000,100.00,novo mercado,99.81,utilidade pública,energia elétrica,ligt3
4614203000,12479418000,6971483000,332435000,22657138000,7742415000,10995120000,7865215000,3129905000,100.00,novo mercado,41.10,consumo não cíclico,açucar e alcool,smto3
7922932000,9849075000,4693380000,498297000,12381553000,7973507000,4095819000,1926143000,2169676000,100.00,nível 1,22.52,consumo não cíclico,agricultura,tten3
477774000,3278465000,2014758000,322820000,9063534000,4695573000,3606651000,2800691000,805960000,100.00,nível 1,56.46,saúde,serviços médicos. hospitalares. análises e diagnósticos,vveo3
6522612000,5893257000,1290301000,545825000,2248918000,756071000,,629355000,629355000,100.00,novo mercado,45.96,saúde,serviços médicos. hospitalares. análises e diagnósticos,odpv3
2861416000,8718669000,7821124000,1255007000,21098462000,6553909000,8403145000,5857253000,2545892000,0.00,tradicional,19.32,saúde,serviços médicos. hospitalares. análises e diagnósticos,dasa3
8439253000,8055192000,4301192000,683062000,6236192000,3129477000,657013000,384061000,1041074000,0.00,nível 1,27.74,consumo cíclico,calçados,alpa4
15055078000,24309979000,7645339000,1033496000,21812048000,3387108000,10328105000,9254901000,1073204000,100.00,nível 2,63.44,utilidade pública,energia elétrica,taee11
615412000,1154498000,1596434000,141800000,4446008000,2939235000,1344625000,539086000,805539000,100.00,novo mercado,51.71,tecnologia da informação,computadores e equipamentos,posi3
14340492000,14340492000,7601995000,1269070000,68744875000,61536241000,,,1562000,100.00,nível 1,22.21,financeiro,bancos,bpan4
2540134000,2540134000,4592164000,599088000,48255437000,40191210000,,,438583000,100.00,nível 1,27.45,financeiro,bancos,bmgb4
5690718000,5690718000,6700376000,244656000,61006535000,55350917000,,,798360000,100.00,nível 2,30.59,financeiro,bancos,abcb4
5131776000,5971074000,5544320000,499200000,135582330000,8506180000,1906966000,839298000,1067668000,0.00,nível 1,16.41,consumo cíclico,tecidos. vestuário e calçados,guar3
6661303000,8308419000,2409762000,270016000,6892506000,3374197000,2642384000,1647116000,995268000,80.00,nível 1,33.14,bens industriais,material rodoviário,fras3
7299391000,7513581000,20751327000,1253079000,35309875000,16354384000,6250187000,214190000,6035997000,80.00,nível 1,53.95,materiais básicos,siderurgia,usim3
2838772000,4480760000,2851844000,581715000,9267606000,5134852000,1748250000,1641988000,106262000,100.00,novo mercado,31.17,saúde,medicamentos e outros produtos,pgmn3
2033500000,5754455000,3429756000,350000000,11340162000,6364479000,5628146000,3720955000,1907191000,100.00,novo mercado,27.08,consumo não cíclico,alimentos diversos,caml3
749484000,906136000,731111000,152644000,2362140000,359810000,463173000,156652000,306521000,100.00,novo mercado,22.82,financeiro,exploração de imóveis,syne3
35215441000,59550625000,12304166000,815927000,56544112000,8217512000,28960846000,24335184000,4625662000,100.00,novo mercado,31.28,utilidade pública,energia elétrica,egie3
1581774000,5587982000,4198648000,153719000,14452673000,6592673000,5631160000,4006208000,1624952000,100.00,novo mercado,84.74,consumo cíclico,automóveis e motocicletas,mypk3
5121000000,4990264000,1553734000,357374000,2918196000,1911024000,887804000,130736000,1018540000,0.00,tradicional,56.37,bens industriais,motores. compressores e outros,shul4
10850455000,12226151000,12030707000,1511205000,26002141000,7487443000,7255705000,1375696000,5880009000,100.00,nível 2,79.97,utilidade pública,água e saneamento,sapr4
205018000,4562000,303794000,205018000,437004000,261912000,,209580000,209580000,100.00,nível 1,72.16,consumo cíclico,tecidos. vestuário e calçados,enju3
883306000,4321083000,1989207000,303541000,7445998000,2616614000,4944248000,3437777000,1506471000,100.00,nível 1,31.69,consumo não cíclico,açucar e alcool,jall3
383962000,890340000,989206000,105774000,2253318000,1722403000,610291000,506378000,103913000,100.00,novo mercado,54.06,consumo cíclico,incorporações,mtre3
357961000,623001000,901644000,286369000,2285744000,380213000,468677000,265040000,203637000,100.00,novo mercado,98.66,consumo cíclico,restaurante e similares,meal3
11742576000,20995928000,8999649000,988880000,31477777000,6087093000,12477539000,9253352000,3224187000,100.00,nível 2,34.43,utilidade pública,energia elétrica,alup11
1956955000,3035833000,1433844000,230501000,3780942000,1262957000,1760331000,1078878000,681453000,100.00,tradicional,44.27,materiais básicos,papel e celulose,rani3
5662269000,6101395000,2503075000,275536000,4218625000,2758060000,1006358000,439126000,567232000,100.00,novo mercado,35.08,consumo cíclico,calçados,vulc3
667987000,1245570000,1294475000,139297000,2489835000,1405120000,774417000,577583000,196834000,100.00,nível 2,59.85,bens industriais,armas e munições,tasa4
1209779000,1608791000,1390680000,135322000,4098781000,2746695000,1328893000,399012000,929881000,100.00,novo mercado,43.03,consumo não cíclico,agricultura,soja3
296000,404491000,3405289000,29691000,504069000,323269000,432118000,404195000,27923000,100.00,novo mercado,99.95,consumo cíclico,incorporações,pdgr3
2120519000,1664506000,1135953000,85608000,1728851000,1196766000,19170000,456013000,475183000,100.00,novo mercado,93.58,tecnologia da informação,programas e serviços,bmob3
160025157000,202605387000,109289887000,2588720000,266502447000,52374181000,70835953000,42580230000,28255723000,0.00,nível 1,97.21,utilidade pública,energia elétrica,elet6
2889759000,4275432000,1678716000,234178000,4479354000,1705796000,2299111000,1385673000,913438000,0.10,novo mercado,72.98,bens industriais,serviços diversos,mils3
5001109000,6072126000,1424701000,82950000,4224165000,1453296000,2106730000,1071017000,1035713000,100.00,novo mercado,55.82,utilidade pública,água e saneamento,orvr3
61392000,1408807000,1989335000,11162000,4984012000,2896419000,1561017000,1347415000,213602000,100.00,novo mercado,99.82,consumo cíclico,incorporações,gfsa3
1607705000,2319010000,1462815000,333548000,4400937000,1562929000,1390848000,711305000,679543000,100.00,nível 1,28.41,bens industriais,máquinas e equipamentos de construção e agrícolas,matd3
2570206000,2816688000,1811089000,84909000,5489810000,2711155000,808879000,246482000,562397000,0.00,novo mercado,62.91,consumo cíclico,incorporações,mdne3
412546807000,412546807000,214918000000,10784548000,2969351000000,2785733000000,,,34369000000,80.00,nível 1,52.98,financeiro,bancos,itub3
1796000000,2094108000,1980739000,200000000,5008874000,3576334000,1110764000,298108000,812656000,100.00,novo mercado,97.15,consumo cíclico,incorporações,even3
1878632000,4169555000,3081649000,144177000,9867685000,6087552000,3939547000,2290923000,1648624000,100.00,novo mercado,99.76,bens industriais,material rodoviário,tupy3
3016114000,2304739000,3387880000,353175000,4231635000,1689216000,169341000,711375000,880716000,0.00,nível 1,45.83,materiais básicos,siderurgia,fesa4
1359211000,1448152000,697848000,159907000,2413891000,561323000,383199000,88941000,294258000,100.00,novo mercado,47.07,financeiro,corretoras de seguros,wizc3
3192549000,3275137000,1542626000,199534000,4015727000,3122026000,894499000,82588000,811911000,100.00,novo mercado,37.00,consumo cíclico,incorporações,lavv3
1947826000,2181300000,1270411000,362049000,2364537000,2364537000,559319000,233474000,325845000,100.00,nível 1,24.96,telecomunicações,telecomunicações,fiqe3
2405980000,2830508000,1656113000,364542000,4778536000,1125208000,1264104000,424528000,839576000,100.00,nível 1,12.39,consumo cíclico,serviços educacionais,csed3
408628000,1887655000,1957033000,103188000,5000718000,503276000,1606141000,1479027000,127114000,100.00,nível 1,47.14,financeiro,intermediação imobiliária,hbre3
2206545000,2440938000,2350165000,179393000,3621064000,1969159000,545170000,234393000,310777000,100.00,nível 1,16.55,saúde,serviços médicos. hospitalares. análises e diagnósticos,blau3
1328406000,1835733000,1328928000,128721000,3358031000,948585000,787939000,507327000,280612000,100.00,novo mercado,40.60,consumo cíclico,serviços educacionais,seer3
757343000,961064000,490187000,46720000,1555688000,932157000,693815000,203721000,490094000,100.00,novo mercado,94.42,bens industriais,serviços diversos,prnr3
1537406000,3174219000,1576325000,438007000,4135697000,686860000,1968760000,1636813000,331947000,100.00,nível 1,20.04,telecomunicações,telecomunicações,brst3
1456825000,2216234000,1449627000,406934000,4328790000,984773000,1108801000,759409000,349392000,100.00,novo mercado,38.45,consumo cíclico,restaurante e similares,zamp3
1573681000,2739217000,964633000,199959000,3156836000,1190629000,1818073000,1165536000,652537000,100.00,nível 1,37.82,utilidade pública,água e saneamento,opct3
1589692000,8119997000,1836166000,286431000,12459067000,4655462000,8222789000,6530305000,1692484000,100.00,novo mercado,22.06,bens industriais,transporte rodoviário,jslg3
2303890000,2303890000,1248701000,227126000,29292312000,24887688000,,,239188000,100.00,nível 2,24.22,financeiro,bancos,pine4
4578507000,5491127000,876909000,135539000,3939110000,2517164000,1500992000,912620000,588372000,100.00,novo mercado,39.00,consumo cíclico,automóveis e motocicletas,leve3
773510000,923944000,1097545000,206269000,2692113000,1971586000,515240000,150434000,364806000,100.00,novo mercado,92.04,consumo cíclico,incorporações,melk3
,16786570000,809605000,314987000,16954314000,16811591000,,,16786570000,100.00,nível 2,44.99,financeiro,bancos,brbi11
1439112000,2451761000,1264170000,150377000,3583121000,2145644000,1404790000,1012649000,392141000,100.00,tradicional,47.41,saúde,medicamentos e outros produtos,pnvl3
22230856000,48331243000,10239102000,6179682000,62163679000,16586925000,35826069000,26100387000,9725682000,100.00,nível 2,63.92,materiais básicos,papel e celulose,klbn3
1790579000,1848774000,1721545000,81836000,2874061000,1451786000,605031000,58195000,546836000,100.00,novo mercado,95.08,bens industriais,serviços diversos,vlid3
1631037000,2096542000,1586440000,186617000,3497705000,3011533000,1057556000,465505000,592051000,100.00,novo mercado,38.37,consumo cíclico,incorporações,tris3
476535000,1509314000,194535000,140986000,3567099000,1266473000,1285250000,1032779000,252471000,100.00,novo mercado,100.00,bens industriais,produtos para construção,ptbl3
1021455000,1550032000,1385550000,123812000,5636171000,3957027000,792119000,528577000,263542000,100.00,novo mercado,73.46,saúde,medicamentos e outros produtos,pfrm3
2170121000,4102793000,3832178000,87859000,7160498000,1267511000,2525455000,1932672000,592783000,100.00,novo mercado,57.32,financeiro,exploração de imóveis,logg3
72422000,72418000,23642000,31822000,41658000,13921000,,4000,4000,0.00,tradicional,61.28,bens industriais,material rodoviário,rcsl3
415636000,1024781000,864732000,361423000,2252060000,1069357000,849349000,609145000,240204000,100.00,nível 1,52.20,financeiro,outros,espa3
7812421000,9077593000,4444823000,1136271000,9779703000,6022307000,3259077000,1265172000,1993905000,100.00,nível 2,76.12,bens industriais,material rodoviário,pomo3
8847900000,8180508000,8306225000,339000000,13074971000,6333425000,1867522000,667392000,2534914000,100.00,novo mercado,19.58,consumo não cíclico,alimentos diversos,mdia3
37660000,1022920000,758373000,53801000,1232160000,186900000,1007110000,985260000,21850000,100.00,novo mercado,99.89,tecnologia da informação,programas e serviços,seql3
363781000,1012747000,1250095000,373114000,2978270000,240890000,710556000,648966000,61590000,100.00,nível 2,23.69,utilidade pública,energia elétrica,rnew4
2558740000,2707498000,530276000,153218000,901331000,612629000,169416000,148758000,20658000,0.00,nível 2,5.66,consumo cíclico,vestuário,tfco4
456526000,3115318000,2074395000,37886000,8475776000,4704345000,3080285000,2658792000,421493000,100.00,novo mercado,0.00,consumo cíclico,automóveis e motocicletas,amob3
253450000,1974850000,208276000,62120000,1954226000,737170000,1750788000,1721400000,29388000,100.00,nível 1,57.08,bens industriais,máquinas e equipamentos industriais,aeri3
114514000,5357398000,6658139000,120541000,1559819000,342941000,5280123000,5242884000,37239000,100.00,novo mercado,100.00,materiais básicos,artefatos de cobre,pmam3
10850455000,12226151000,12030707000,1511205000,26002141000,7487443000,7255705000,1375696000,5880009000,100.00,nível 2,79.97,utilidade pública,água e saneamento,sapr3
2011568000,3102726000,2103468000,102683000,3825853000,1188400000,1327380000,1091158000,236222000,100.00,novo mercado,62.15,consumo não cíclico,agricultura,agro3
1685205000,3349495000,2834844000,134172000,6116293000,1142399000,2449670000,1664290000,785380000,100.00,novo mercado,0.00,consumo cíclico,serviços educacionais,vtru3
575070000,1378206000,295428000,513456000,2130537000,630263000,855315000,803136000,52179000,0.10,novo mercado,46.13,consumo cíclico,tecidos. vestuário e calçados,amar3
1748255000,2875732000,1402261000,115625000,3734989000,652423000,1480179000,1127477000,352702000,100.00,nível 1,31.01,telecomunicações,telecomunicações,desk3
688438000,832271000,617380000,150314000,929749000,567373000,219862000,143833000,76029000,100.00,nível 1,31.87,consumo não cíclico,agricultura,vitt3
862060000,779414000,1040572000,109310000,1609481000,1042072000,230880000,82646000,313526000,100.00,tradicional,99.67,materiais básicos,petroquímicos,dexp3
752819000,1359118000,1229154000,93170000,2576312000,1537432000,810719000,606299000,204420000,100.00,novo mercado,53.55,bens industriais,máquinas e equipamentos industriais,romi3
401190000,339807000,310829000,42275000,396486000,204663000,2290000,61383000,63673000,0.00,tradicional,49.84,consumo cíclico,calçados,camb3
6977207000,8579417000,2470314000,113173000,7633811000,3062409000,3318008000,1602210000,1715798000,0.00,tradicional,55.28,materiais básicos,químicos diversos,unip6
15055078000,24309979000,7645339000,1033496000,21812048000,3387108000,10328105000,9254901000,1073204000,100.00,nível 2,63.44,utilidade pública,energia elétrica,taee4
100122000,599113000,319278000,73619000,1147146000,339408000,572618000,498991000,73627000,100.00,novo mercado,61.24,consumo cíclico,incorporações,tcsa3
131492783000,135796783000,92412000000,10993810000,113421000000,9710000000,9689000000,4304000000,5385000000,80.00,nível 1,65.74,financeiro,holdings diversificadas,itsa3
35313408000,48407754000,28728491000,2861781000,64750143000,13246560000,15411389000,13094346000,2317043000,80.00,nível 1,81.34,utilidade pública,energia elétrica,cmig3
251430000,395735000,845709000,61776000,1415197000,625499000,180024000,144305000,35719000,100.00,nível 1,98.69,bens industriais,produtos para construção,eter3
174966000,167625000,36928000,47609000,51611000,18457000,,7341000,7341000,0.00,tradicional,11.43,financeiro,outros,fict3
918011000,2091231000,357066000,217024000,2589107000,553231000,1510795000,1173220000,337575000,100.00,novo mercado,40.85,bens industriais,serviços diversos,alpk3
7537059000,9305880000,4177323000,1214491000,7791679000,1940835000,3367008000,1768821000,1598187000,0.00,tradicional,55.81,financeiro,exploração de imóveis,igti3
241989000,154344000,260103000,147554000,413852000,133433000,,87645000,87645000,100.00,tradicional,70.66,financeiro,intermediação imobiliária,lpsb3
6660381000,6518813000,2143130000,1502786000,10020083000,6769895000,2020170000,141568000,2161738000,0.00,tradicional,100.00,consumo cíclico,eletrodomésticos,whrl4
126489111000,126489111000,123852072000,7498531000,1263370224000,1126051979000,,,21583905000,100.00,nível 1,9.88,financeiro,bancos,sanb4
126489111000,126489111000,123852072000,7498531000,1263370224000,1126051979000,,,21583905000,100.00,nível 1,9.88,financeiro,bancos,sanb3
484421000,6840831000,1093325000,1670418000,16918392000,7328510000,11041297000,6356410000,4684887000,100.00,novo mercado,33.34,utilidade pública,água e saneamento,ambp3
252002000,270616000,909871000,50602000,1933426000,627571000,32260000,18614000,13646000,0.10,novo mercado,32.87,saúde,medicamentos e outros produtos,dmvf3
363781000,1012747000,1250095000,373114000,2978270000,240890000,710556000,648966000,61590000,100.00,nível 2,23.69,utilidade pública,energia elétrica,rnew3
15055078000,24309979000,7645339000,1033496000,21812048000,3387108000,10328105000,9254901000,1073204000,100.00,nível 2,63.44,utilidade pública,energia elétrica,taee3
147567000,94324000,7433374000,67691000,10287823000,9817361000,,53243000,53243000,0.00,tradicional,33.27,petróleo. gás e biocombustíveis,exploração. refino e distribuição,rpmg3
1667608000,2170731000,2803899000,92619000,4753032000,1761982000,843823000,503123000,340700000,0.00,nível 1,56.01,materiais básicos,madeira,euca4
6889753000,6357728000,9123786000,393096000,9217327000,532286000,,532025000,532025000,80.00,nível 1,71.57,financeiro,holdings diversificadas,brap3
55432000,237739000,293687000,50855000,313039000,305396000,725000,293172000,293897000,100.00,novo mercado,30.40,bens industriais,serviços diversos,reag3
6069861000,43381861000,3533000000,797207000,87383000000,26273000000,44720000000,37312000000,7408000000,100.00,nível 1,34.97,materiais básicos,petroquímicos,brkm3
416690000,437383000,437339000,64106000,711330000,479712000,90828000,20693000,70135000,100.00,novo mercado,38.44,consumo cíclico,acessórios,tecn3
10624107000,19372463000,19368000000,993705000,87319904000,33463871000,18643907000,8748356000,9895551000,100.00,nível 1,70.19,materiais básicos,siderurgia,goau3
35887766000,41342861000,54539163000,2000879000,87255733000,33400217000,15328677000,5455095000,9873582000,100.00,nível 1,58.30,materiais básicos,siderurgia,ggbr3
102515000,370580000,123306000,79469000,629813000,360527000,296293000,268065000,28228000,0.00,tradicional,44.31,financeiro,serviços financeiros diversos,pdtc3
285088000,546911000,944000,260509000,921921000,497143000,377859000,261823000,116036000,0.00,tradicional,100.00,consumo não cíclico,produtos de limpeza,bobr4
38907000,210337000,113324000,43716000,488897000,133022000,172815000,171430000,1385000,100.00,novo mercado,82.71,petróleo. gás e biocombustíveis,equipamentos e serviços,lupa3
282457000,368383000,332505000,22500000,630349000,252398000,97561000,85926000,11635000,0.00,tradicional,59.77,bens industriais,máquinas e equipamentos industriais,ealt4
591464000,954664000,1066928000,118292000,3027413000,811048000,486951000,363200000,123751000,100.00,novo mercado,6.19,saúde,serviços médicos. hospitalares. análises e diagnósticos,aalr3
226695000,116728000,443784000,9140000,578959000,206222000,17071000,109967000,127038000,100.00,novo mercado,43.09,tecnologia da informação,programas e serviços,ngrd3
667987000,1245570000,1294475000,139297000,2489835000,1405120000,774417000,577583000,196834000,100.00,nível 2,59.85,bens industriais,armas e munições,tasa3
80625000,151395000,183135000,66086000,383724000,109065000,110975000,70770000,40205000,100.00,novo mercado,43.14,consumo cíclico,móveis,ucas3
935955000,775771000,1691717000,94828000,3775486000,2804943000,457539000,160184000,617723000,100.00,novo mercado,29.32,telecomunicações,telecomunicações,alld3
806740000,755395000,509731000,41800000,746484000,238696000,49383000,51345000,100728000,100.00,novo mercado,44.32,bens industriais,serviços diversos,csud3
26879652000,58432103000,18484512000,2289424000,82858461000,19805340000,41047221000,31552451000,9494770000,100.00,nível 2,71.31,utilidade pública,energia elétrica,engi3
3143633000,8848626000,5211994000,119202000,15771597000,3302854000,5813285000,5704993000,108292000,0.00,tradicional,36.51,utilidade pública,energia elétrica,coce5
803495000,847650000,652360000,96226000,853156000,49361000,65859000,44155000,21704000,100.00,novo mercado,54.36,consumo não cíclico,agricultura,land3
224584000,142305000,1129615000,53857000,2874004000,2035996000,53285000,82279000,135564000,100.00,novo mercado,10.02,materiais básicos,fertilizantes e defensivos,fher3
178893000,153480000,183145000,40021000,217265000,109786000,7000,25413000,25420000,100.00,nível 1,25.54,telecomunicações,telecomunicações,trad3
194635000,10612000,642573000,64663000,1445578000,724575000,,205248000,205248000,nível 1,32.77,100.00,telecomunicações,telecomunicações,lvtc3
40986000,11763000,102766000,6741000,396264000,238082000,61954000,52750000,114704000,100.00,novo mercado,49.34,consumo cíclico,produção de eventos e shows,show3
57383000,970211000,1791043000,48951000,440271000,154150000,924788000,912828000,11960000,0.00,tradicional,85.14,bens industriais,máquinas e equipamentos industriais,inep3
908441000,461343000,1553866000,93597000,4171620000,2061528000,8310000,1369785000,1378095000,0.00,tradicional,3.43,telecomunicações,telecomunicações,telb4
4428606000,4379535000,7028044000,56058000,59112008000,2817940000,,,49071000,0.00,tradicional,2.99,financeiro,bancos,baza3
70472000,10109982000,15495962000,330121000,18729654000,4601185000,11188856000,10039510000,1149346000,80.00,nível 1,90.04,telecomunicações,telecomunicações,oibr4
38011000,47621000,43263000,13244000,136774000,100668000,15426000,9610000,5816000,100.00,tradicional,24.56,materiais básicos,fertilizantes e defensivos,nutr3
1336041000,2082324000,1504490000,57737000,2868062000,737791000,1059833000,746283000,313550000,0.10,nível 1,38.65,financeiro,exploração de imóveis,scar3
2705037000,2705037000,2447735000,347504000,39131799000,28263479000,,,9134720000,100.00,tradicional,4.59,financeiro,bancos,bees3
175560000,1392371000,859637000,44000000,2557301000,191822000,1289042000,1216811000,72231000,100.00,novo mercado,42.11,bens industriais,exploração de rodovias,tpis3
96217000,1043420000,185458000,16969000,2215352000,917238000,1004715000,947203000,57512000,100.00,nível 1,37.28,consumo não cíclico,agricultura,agxy3
7689434000,14822434000,2019000000,193759000,13007000000,3697000000,7915000000,7133000000,782000000,0.00,tradicional,0.32,utilidade pública,energia elétrica,ektr4
647803000,432855000,957426000,20585000,1313242000,588627000,,214948000,214948000,100.00,tradicional,55.95,consumo cíclico,tecidos. vestuário e calçados,cgra4
11742576000,20995928000,8999649000,988880000,31477777000,6087093000,12477539000,9253352000,3224187000,100.00,nível 2,34.43,utilidade pública,energia elétrica,alup4
951311000,978484000,284098000,126841000,485027000,258688000,101670000,27173000,74497000,0.00,tradicional,56.32,saúde,medicamentos e outros produtos,biom3
4010293000,3763740000,3984960000,486181000,74509301000,68245397000,,,246553000,0.00,tradicional,10.32,financeiro,bancos,bsli3
11742576000,20995928000,8999649000,988880000,31477777000,6087093000,12477539000,9253352000,3224187000,100.00,nível 2,34.43,utilidade pública,energia elétrica,alup3
57383000,970211000,1791043000,48951000,440271000,154150000,924788000,912828000,11960000,0.00,tradicional,85.14,bens industriais,máquinas e equipamentos industriais,inep4
62860000,59870000,40889000,14860000,56747000,6445000,,2990000,2990000,0.00,tradicional,12.92,financeiro,holdings diversificadas,epar3
560882000,868159000,1054905000,114000000,1686015000,529703000,344132000,307277000,36855000,100.00,novo mercado,96.56,consumo cíclico,tecidos. vestuário e calçados,vste3
30309000,37942000,82564000,38366000,236917000,103514000,21179000,7633000,13546000,100.00,novo mercado,99.37,consumo cíclico,incorporações,vivr3
5736733000,5736733000,2256855000,104831000,31519505000,23510817000,,,5813282000,0.00,tradicional,46.32,financeiro,bancos,bmeb4
272281769000,272281769000,65605493000,11506119000,578439284000,507603323000,,,1437611000,100.00,nível 1,29.94,financeiro,bancos,bpac5
2190256000,8892834000,3284652000,349724000,18438468000,9943434000,9331911000,6702578000,2629333000,80.00,nível 1,59.71,bens industriais,material rodoviário,rapt3
91521000,163465000,248748000,13321000,223847000,95575000,114255000,71944000,42311000,100.00,nível 1,29.51,financeiro,outros,dotz3
3657129000,5078418000,1065783000,107058000,3991899000,1095752000,1690632000,1421289000,269343000,100.00,novo mercado,24.26,bens industriais,transporte hidroviário,logn3
4010293000,3763740000,3984960000,486181000,74509301000,68245397000,,,246553000,0.00,tradicional,10.32,financeiro,bancos,bsli4
2303890000,2303890000,1248701000,227126000,29292312000,24887688000,,,239188000,100.00,nível 2,24.22,financeiro,bancos,pine3
908441000,461343000,1553866000,93597000,4171620000,2061528000,8310000,1369785000,1378095000,0.00,tradicional,3.43,telecomunicações,telecomunicações,telb3
160586000,119941000,253700000,6072000,422220000,238371000,14019000,40645000,54664000,0.00,tradicional,23.31,bens industriais,material rodoviário,rsul4
304620000,446085000,529743000,48046000,1063020000,594884000,386759000,141464000,245294000,80.00,tradicional,66.52,consumo cíclico,fios e tecidos,ptnt4
6327000,7404628000,8925364000,3148000,1488554000,26718000,7413068000,7398301000,14767000,100.00,novo mercado,50.58,petróleo. gás e biocombustíveis,equipamentos e serviços,osxb3
2705037000,2705037000,2447735000,347504000,39131799000,28263479000,,,9134720000,100.00,tradicional,4.59,financeiro,bancos,bees4
294948000,837161000,189334000,195330000,1343130000,515416000,729796000,542213000,187583000,100.00,novo mercado,21.36,consumo cíclico,incorporações,avll3
6660381000,6518813000,2143130000,1502786000,10020083000,6769895000,2020170000,141568000,2161738000,0.00,tradicional,100.00,consumo cíclico,eletrodomésticos,whrl3
12823850000,17319352000,5073528000,2213527000,22144919000,9299616000,9928082000,4495502000,5432580000,0.00,tradicional,2.12,utilidade pública,energia elétrica,eqpa3
4004162000,8124203000,3951434000,38571000,13512155000,3738057000,4530087000,4120041000,410046000,0.10,nível 2,75.46,utilidade pública,energia elétrica,clsc4
17246000,303951000,88903000,12318000,748692000,673985000,290428000,286705000,3723000,0.00,tradicional,0.82,consumo cíclico,incorporações,jfen3
58783000,35832000,220729000,11091000,300222000,179758000,7327000,94616000,101943000,100.00,nível 1,99.66,consumo cíclico,utensílios domésticos,west3
272281769000,272281769000,65605493000,11506119000,578439284000,507603323000,,,1437611000,100.00,nível 1,29.94,financeiro,bancos,bpac3
1830964000,1253240000,1076041000,72081000,1480516000,795141000,,577724000,577724000,0.00,tradicional,19.85,utilidade pública,energia elétrica,cebr3
26879652000,58432103000,18484512000,2289424000,82858461000,19805340000,41047221000,31552451000,9494770000,100.00,nível 2,71.31,utilidade pública,energia elétrica,engi4
1246222000,1536291000,712492000,53949000,1459883000,969505000,496627000,290069000,206558000,100.00,novo mercado,42.94,saúde,medicamentos e outros produtos,ofsa3
178228000,721425000,30957000,5783000,750073000,324066000,576310000,543197000,33113000,0.00,tradicional,49.03,materiais básicos,artefatos de ferro e aço,mgel4
363781000,1012747000,1250095000,373114000,2978270000,240890000,710556000,648966000,61590000,nível 2,23.69,100.00,utilidade pública,energia elétrica,rnew11
11055200000,26861200000,8568000000,262096000,33379000000,5865000000,16926000000,15806000000,1120000000,0.00,tradicional,1.01,utilidade pública,energia elétrica,ceeb3
1830964000,1253240000,1076041000,72081000,1480516000,795141000,,577724000,577724000,0.00,tradicional,19.85,utilidade pública,energia elétrica,cebr5
18646000,194844000,230512000,25260000,632088000,192847000,209949000,176198000,33751000,0.00,tradicional,56.36,consumo cíclico,fios e tecidos,ctsa4
8843000,7078000,83100000,2655000,26064000,12252000,418000,1765000,2183000,100.00,novo mercado,39.11,financeiro,exploração de imóveis,nexp3
608725000,512833000,586901000,29018000,907091000,567957000,8003000,95892000,103895000,0.00,tradicional,28.36,materiais básicos,químicos diversos,crpg5
647803000,432855000,957426000,20585000,1313242000,588627000,,214948000,214948000,100.00,tradicional,55.95,consumo cíclico,tecidos. vestuário e calçados,cgra3
3071004000,2823613000,1262988000,36947000,2195449000,641537000,,247391000,247391000,0.00,tradicional,60.06,utilidade pública,energia elétrica,emae4
5939809000,5939809000,11099341000,408974000,158835626000,150437964000,,,2106316000,80.00,nível 1,50.61,financeiro,bancos,brsr3
8439253000,8055192000,4301192000,683062000,6236192000,3129477000,657013000,384061000,1041074000,80.00,nível 1,27.74,consumo cíclico,calçados,alpa3
6977207000,8579417000,2470314000,113173000,7633811000,3062409000,3318008000,1602210000,1715798000,80.00,tradicional,55.28,materiais básicos,químicos diversos,unip3
3174000,3173000,6470000,918000,774000,1000,,1000,1000,0.00,tradicional,3.89,financeiro,outros,mapt4
213084000,154368000,135885000,5222000,194595000,106473000,,58716000,58716000,0.00,tradicional,28.89,consumo não cíclico,carnes e derivados,bauh4
368495000,266189000,191451000,71001000,428604000,222959000,,102306000,102306000,0.00,tradicional,42.32,consumo não cíclico,carnes e derivados,mnpr3
17019377000,24084531000,2026137000,132520000,14874943000,4283060000,8619304000,7065154000,1554150000,0.00,nível 1,0.86,utilidade pública,gás,cgas5
200018000,128887000,182965000,9800000,300735000,224454000,21643000,71131000,92774000,0.00,tradicional,34.89,saúde,equipamentos,balm4
705381000,705381000,868624000,21548000,13173269000,12481707000,,,81942000,100.00,tradicional,8.54,financeiro,bancos,bgip4
19517901000,31916232000,20907007000,658883000,45643761000,7065287000,14818493000,12398331000,2420162000,80.00,nível 1,64.18,utilidade pública,energia elétrica,isae3
13379450000,28392867000,4160955000,2110323000,32780951000,8486338000,18209921000,15013417000,3196504000,0.00,tradicional,0.25,utilidade pública,energia elétrica,rede3
612694000,5921882000,3777377000,68254000,8602979000,2686529000,6321008000,5309188000,1011820000,80.00,nível 1,0.26,utilidade pública,energia elétrica,ceed3
3328458000,3396092000,1756413000,94433000,3558826000,745717000,656372000,67634000,588738000,0.00,tradicional,3.81,utilidade pública,energia elétrica,gepa4
38517000,390175000,972058000,20272000,503144000,252399000,379602000,351658000,27944000,100.00,novo mercado,94.94,consumo cíclico,incorporações,rsid3
7689434000,14822434000,2019000000,193759000,13007000000,3697000000,7915000000,7133000000,782000000,0.00,tradicional,0.32,utilidade pública,energia elétrica,ektr3
453035000,399624000,1087490000,84682000,1091335000,55100000,,53411000,53411000,0.00,nível 1,24.65,financeiro,serviços financeiros diversos,rpad3
658266000,626545000,909591000,18908000,1291302000,246071000,159131000,31721000,190852000,0.00,tradicional,49.58,financeiro,holdings diversificadas,peab4
18646000,194844000,230512000,25260000,632088000,192847000,209949000,176198000,33751000,0.00,tradicional,56.36,consumo cíclico,fios e tecidos,ctsa3
93362000,61804000,34482000,18372000,519672000,98841000,5000,31558000,31563000,0.00,tradicional,13.95,consumo cíclico,hotelaria,hoot4
304620000,446085000,529743000,48046000,1063020000,594884000,386759000,141464000,245294000,80.00,tradicional,66.52,consumo cíclico,fios e tecidos,ptnt3
862060000,779414000,1040572000,109310000,1609481000,1042072000,230880000,82646000,313526000,100.00,tradicional,99.67,materiais básicos,petroquímicos,dexp4
92354000,552058000,165979000,43769000,1178144000,620193000,487617000,459704000,27913000,100.00,novo mercado,34.36,consumo cíclico,incorporações,rdni3
608725000,512833000,586901000,29018000,907091000,567957000,8003000,95892000,103895000,0.00,tradicional,28.36,materiais básicos,químicos diversos,crpg3
1667608000,2170731000,2803899000,92619000,4753032000,1761982000,843823000,503123000,340700000,80.00,nível 1,56.01,materiais básicos,madeira,euca3
857585000,443915000,894480000,12251000,2028270000,1211400000,720460000,413670000,1134130000,0.00,tradicional,4.60,financeiro,holdings diversificadas,moar3
1830964000,1253240000,1076041000,72081000,1480516000,795141000,,577724000,577724000,0.00,tradicional,19.85,utilidade pública,energia elétrica,cebr6
282457000,368383000,332505000,22500000,630349000,252398000,97561000,85926000,11635000,0.00,tradicional,59.77,bens industriais,máquinas e equipamentos industriais,ealt3
557577000,504417000,328504000,2947000,395876000,227332000,2508000,53160000,55668000,tradicional,31.65,0.00,materiais básicos,artefatos de ferro e aço,tkno3
9828415000,14680326000,8691594000,340000000,22754315000,5653877000,9348217000,4851911000,4496306000,0.00,tradicional,1.84,bens industriais,transporte ferroviário,mrsa5b
16025000,12489000,51172000,11900000,67033000,59597000,20754000,28514000,49268000,0.00,tradicional,75.75,bens industriais,produtos para construção,haga4
6977207000,8579417000,2470314000,113173000,7633811000,3062409000,3318008000,1602210000,1715798000,0.00,tradicional,55.28,materiais básicos,químicos diversos,unip5
17019377000,24084531000,2026137000,132520000,14874943000,4283060000,8619304000,7065154000,1554150000,0.00,nível 1,0.86,utilidade pública,gás,cgas3
522058000,377528000,469617000,8789000,579784000,446427000,28131000,144529000,172661000,0.00,tradicional,34.76,bens industriais,máquinas e equipamentos de construção e agrícolas,mtsa4
121976000,87193000,64217000,2457000,117185000,68084000,,34783000,34783000,0.00,tradicional,13.02,bens industriais,engenharia consultiva,sond5
177586000,693097000,137573000,9921000,1435498000,602721000,520090000,515511000,4579000,0.00,tradicional,67.22,consumo cíclico,acessórios,mndl3
727702000,1050790000,826271000,36414000,1533872000,902412000,427748000,323088000,104660000,0.00,tradicional,15.11,bens industriais,material de transporte,wlmm4
226290000,216690000,251557000,8543000,543484000,236013000,3634000,9600000,13234000,0.00,tradicional,3.25,consumo cíclico,produção de eventos e shows,aheb3
130260000,512897000,290830000,10000000,956576000,394616000,390842000,382637000,8205000,80.00,nível 1,61.57,consumo cíclico,fios e tecidos,cedo4
2364000,2364000,9000,2814000,806000,797000,,,,0.00,tradicional,100.00,financeiro,gestão de recursos e investimentos,ppla11
16025000,12489000,51172000,11900000,67033000,59597000,20754000,28514000,49268000,0.00,tradicional,75.75,bens industriais,produtos para construção,haga3
223509000,593234000,35502000,6205000,712914000,471967000,428604000,369725000,58879000,0.00,tradicional,12.86,consumo cíclico,fios e tecidos,ctka4
42486571000,59444021000,25986034000,2982810000,62048417000,13140211000,20928087000,16957450000,3970637000,100.00,nível 2,100.00,utilidade pública,energia elétrica,cple5
3016114000,2304739000,3387880000,353175000,4231635000,1689216000,169341000,711375000,880716000,80.00,nível 1,45.83,materiais básicos,siderurgia,fesa3
130260000,512897000,290830000,10000000,956576000,394616000,390842000,382637000,8205000,80.00,nível 1,61.57,consumo cíclico,fios e tecidos,cedo3
557577000,504417000,328504000,2947000,395876000,227332000,2508000,53160000,55668000,0.00,tradicional,31.65,materiais básicos,artefatos de ferro e aço,tkno4
292277000,543858000,661094000,9133000,1654100000,110498000,263050000,251581000,11469000,0.00,tradicional,63.98,financeiro,exploração de imóveis,hbts5
121976000,87193000,64217000,2457000,117185000,68084000,,34783000,34783000,0.00,tradicional,13.02,bens industriais,engenharia consultiva,sond6
222827000,70323000,258956000,454000,330810000,280216000,3622000,152504000,156126000,0.00,tradicional,22.00,consumo cíclico,bicicletas,bmks3
12762000,182867000,245464000,1600000,517009000,214167000,178881000,170105000,8776000,0.00,nível 1,76.94,bens industriais,máquinas e equipamentos industriais,bdll4
770406000,778960000,773997000,23932000,1517221000,1093845000,402218000,8554000,393664000,0.00,tradicional,34.71,materiais básicos,artefatos de ferro e aço,pati3
58523000,322826000,626989000,12425000,622657000,192008000,279884000,264303000,15581000,0.00,tradicional,40.01,consumo cíclico,automóveis e motocicletas,plas3
24366000,118728000,11432000,2058000,314708000,121725000,105604000,94362000,11242000,0.00,tradicional,49.10,bens industriais,material rodoviário,mwet4
45752000,236186000,592373000,8083000,354604000,134913000,115061000,281939000,397000000,0.00,tradicional,68.43,consumo cíclico,brinquedos e jogos,estr4
770406000,778960000,773997000,23932000,1517221000,1093845000,402218000,8554000,393664000,0.00,tradicional,34.71,materiais básicos,artefatos de ferro e aço,pati4
41866000,38023000,167560000,20784000,232840000,47041000,18771000,3843000,22614000,0.00,tradicional,30.35,bens industriais,transporte hidroviário,luxm4
435150000,498933000,690209000,75645000,987965000,561325000,149319000,63783000,85536000,0.00,tradicional,12.49,consumo cíclico,fios e tecidos,dohl4
103394000,323343000,2105099000,12774000,570899000,330386000,240174000,219949000,20225000,0.00,tradicional,66.36,materiais básicos,materiais diversos,snsy5
3424156000,8071489000,8414675000,380039000,19928602000,4011233000,4840300000,4647333000,192967000,0.00,nível 1,0.19,utilidade pública,energia elétrica,cbee3
34100000,73419000,126741000,6621000,19510000,1682000,39330000,39319000,11000,0.00,tradicional,1.07,bens industriais,máquinas e equipamentos industriais,nord3
5400000,2066094000,1318093000,1928000,1135857000,144432000,2132948000,2060694000,72254000,100.00,novo mercado,74.05,financeiro,exploração de imóveis,gshp3
1320058000,2028886000,364200000,6286000,1902690000,1284780000,822513000,708828000,113685000,novo mercado,64.39,100.00,bens industriais,máquinas e equipamentos industriais,frio3
12823850000,17319352000,5073528000,2213527000,22144919000,9299616000,9928082000,4495502000,5432580000,0.00,tradicional,2.12,utilidade pública,energia elétrica,eqpa6
107458000,104375000,144393000,4825000,654117000,631293000,,,3083000,0.00,tradicional,8.46,financeiro,bancos,bmin4
5252246000,8149130000,4032651000,164184000,9963995000,2401899000,3530000000,2896884000,633116000,0.00,nível 1,1.30,utilidade pública,energia elétrica,eqma3b
492060000,481392000,255243000,63084000,376972000,120228000,27422000,10668000,38090000,0.00,tradicional,1.33,utilidade pública,energia elétrica,aflt3
12351096000,19215807000,3965235000,218941000,15498538000,3822944000,8203695000,6864711000,1338984000,0.00,tradicional,2.49,utilidade pública,energia elétrica,enmt4
608725000,512833000,586901000,29018000,907091000,567957000,8003000,95892000,103895000,0.00,tradicional,28.36,materiais básicos,químicos diversos,crpg6
6069861000,43381861000,3533000000,797207000,87383000000,26273000000,44720000000,37312000000,7408000000,100.00,nível 1,34.97,materiais básicos,petroquímicos,brkm6
200018000,128887000,182965000,9800000,300735000,224454000,21643000,71131000,92774000,0.00,tradicional,34.89,saúde,equipamentos,balm3
10538172000,10538172000,15521338000,98699000,71183557000,64328755000,,,636569000,0.00,tradicional,0.71,financeiro,bancos,bnbr3
81958000,78489000,673000,11131000,6110000,5587000,,3469000,3469000,0.00,tradicional,2.02,bens industriais,serviços diversos,dtcy3
5736733000,5736733000,2256855000,104831000,31519505000,23510817000,,,5813282000,0.00,tradicional,46.32,financeiro,bancos,bmeb3
835000,669000,165000,171000,83517000,171000,,165000,165000,0.00,nível 1,0.00,bens industriais,transporte hidroviário,psvm11
2992000,2992000,4011000,153000,5073000,3289000,,,,100.00,novo mercado,100.00,consumo cíclico,incorporações,ccty3
9828415000,14680326000,8691594000,340000000,22754315000,5653877000,9348217000,4851911000,4496306000,0.00,tradicional,1.84,bens industriais,transporte ferroviário,mrsa6b
9828415000,14680326000,8691594000,340000000,22754315000,5653877000,9348217000,4851911000,4496306000,0.00,tradicional,1.84,bens industriais,transporte ferroviário,mrsa3b
11055200000,26861200000,8568000000,262096000,33379000000,5865000000,16926000000,15806000000,1120000000,0.00,tradicional,1.01,utilidade pública,energia elétrica,ceeb5
12823850000,17319352000,5073528000,2213527000,22144919000,9299616000,9928082000,4495502000,5432580000,tradicional,2.12,0.00,utilidade pública,energia elétrica,eqpa5
658266000,626545000,909591000,18908000,1291302000,246071000,159131000,31721000,190852000,0.00,tradicional,49.58,financeiro,holdings diversificadas,peab3
5939809000,5939809000,11099341000,408974000,158835626000,150437964000,,,2106316000,100.00,nível 1,50.61,financeiro,bancos,brsr5
3143633000,8848626000,5211994000,119202000,15771597000,3302854000,5813285000,5704993000,108292000,0.00,tradicional,36.51,utilidade pública,energia elétrica,coce3
3328458000,3396092000,1756413000,94433000,3558826000,745717000,656372000,67634000,588738000,0.00,tradicional,3.81,utilidade pública,energia elétrica,gepa3
4004162000,8124203000,3951434000,38571000,13512155000,3738057000,4530087000,4120041000,410046000,100.00,nível 2,75.46,utilidade pública,energia elétrica,clsc3
