p_l,p_receita_psr,p_vp,dy,payout,margem_líquida,margem_bruta,margem_ebit,margem_ebitda,ev_ebitda,ev_ebit,p_ebitda,p_ebit,p_ativo,p_capgiro,p_ativo_circ_liq,vpa,lpa,giro_ativos,roe,roic,roa,dívida_líquida___patrimônio,dívida_líquida___ebitda,dívida_líquida___ebit,dívida_bruta___patrimônio,patrimônio___ativos,passivos___ativos,liquidez_corrente,cagr_receitas_5_anos,cagr_lucros_5_anos,papel
13.96,6.23,3.40,2.20,30.41,44.65,90.57,58.91,62.60,9.94,10.57,9.96,10.58,1.43,6.62,2.20,3.75,0.91,0.23,24.40,13.40,10.24,0.00,0.01,0.01,0.74,0.42,0.58,2.62,2.94,3.02,b3sa3
27.46,4.30,7.94,1.97,51.71,15.67,33.39,19.68,21.98,19.08,21.31,19.57,21.85,4.29,15.19,12.09,5.34,1.54,1.00,28.93,26.54,16.49,0.20,0.49,0.55,0.13,0.54,0.44,1.78,18.82,23.36,wege3
6.12,1.01,0.54,1.86,11.27,16.49,68.20,22.32,55.40,3.28,8.14,1.82,4.52,0.29,4.58,0.35,6.70,0.59,0.28,8.84,6.47,5.15,0.43,1.46,3.62,0.51,0.53,0.42,1.53,5.03,,cogn3
16.73,0.17,0.58,3.53,58.49,1.01,30.66,4.37,7.84,3.51,6.29,2.15,3.85,0.17,1.50,0.36,15.00,0.52,1.04,3.48,7.47,1.04,0.37,1.36,2.44,0.56,0.30,0.70,1.29,5.60,0.31,mglu3
7.74,0.42,0.67,8.13,62.35,5.48,34.96,2.96,0.00,,14.33,,14.33,0.05,3.40,0.47,31.76,2.77,0.12,8.71,0.90,0.77,,,,,0.07,0.92,1.02,18.92,7.14,bbas3
0.86,0.05,0.04,0.00,0.00,5.57,29.19,17.10,30.98,5.26,9.53,0.15,0.28,0.04,0.07,0.05,29.06,1.31,0.78,4.49,42.77,4.35,1.22,4.89,8.86,1.32,0.97,1.97,0.34,29.62,,azul4
9.62,0.85,1.14,7.40,54.45,8.83,31.68,8.22,0.00,,9.56,,10.33,0.09,0.71,0.49,16.43,1.95,0.11,11.89,10.09,0.98,,,,,0.08,0.92,1.19,24.03,4.85,bbdc4
5.01,0.79,0.97,17.22,93.28,15.69,49.10,27.00,35.79,4.09,5.42,2.20,2.91,0.33,8.96,0.37,30.97,6.00,0.42,19.38,12.74,6.62,0.80,1.81,2.40,0.93,0.34,0.66,0.76,12.63,65.59,petr4
1.36,0.04,0.60,0.00,1.45,2.84,4.48,0.68,4.43,6.06,39.35,0.87,5.67,0.07,0.54,0.13,1.57,0.69,1.85,44.05,1.21,5.22,3.56,5.19,33.68,4.46,0.12,0.88,1.45,,,raiz4
2.78,0.41,0.77,0.00,0.00,14.61,27.82,3.61,1.27,92.29,32.50,31.91,11.24,0.15,0.66,0.32,9.16,2.55,0.36,27.79,4.30,5.28,1.46,60.38,21.26,1.52,0.19,0.78,1.68,8.10,,mrve3
12.66,0.15,2.08,1.27,15.73,1.21,16.67,5.36,7.59,4.11,5.83,2.02,2.86,0.26,8.14,0.40,4.14,0.68,1.72,16.47,17.94,2.08,2.17,2.10,2.97,2.96,0.13,0.87,1.11,16.18,9.94,asai3
15.30,3.75,15.55,2.19,250.20,24.53,57.10,44.73,53.11,8.27,9.82,7.07,8.39,2.26,76.40,2.81,0.93,0.94,0.60,101.58,32.41,14.75,2.64,1.20,1.42,3.35,0.15,0.85,1.18,29.01,,stbp3
12.91,2.08,2.06,8.73,112.34,16.08,51.50,25.06,32.90,5.83,7.66,6.31,8.28,1.34,48.58,1.88,5.87,0.94,0.65,15.95,19.15,10.68,0.16,0.48,0.63,0.03,0.65,0.34,1.11,9.46,5.30,abev3
4.70,0.15,1.27,4.53,25.20,3.11,4.61,4.72,5.15,5.09,5.56,2.83,3.09,0.44,2.11,0.74,18.63,5.03,3.03,26.99,14.07,9.39,1.01,2.26,2.46,1.22,0.35,0.65,2.09,17.30,7.49,vbbr3
9.95,1.37,1.35,7.32,71.45,13.81,34.24,20.82,29.11,5.81,8.12,4.72,6.60,0.58,16.95,0.73,47.19,6.38,0.42,13.52,12.24,5.65,0.31,1.09,1.52,0.45,0.43,0.55,1.22,0.10,2.28,vale3
2.15,0.25,0.32,0.00,0.00,11.77,8.40,4.72,0.04,668.55,6.07,591.93,5.37,0.19,0.54,0.35,16.56,2.50,0.75,15.07,10.18,8.94,0.01,18.84,0.17,0.30,0.59,0.33,4.21,10.55,,usim5
9.71,0.66,2.09,0.00,0.00,6.83,95.23,9.09,24.13,3.36,8.91,2.75,7.29,0.26,2.99,0.63,0.89,0.19,0.39,21.49,11.28,2.67,0.46,0.61,1.62,1.17,0.12,0.88,0.87,18.74,,cvcb3
8.20,0.16,4.87,0.00,0.00,1.91,19.01,7.07,9.00,5.29,6.73,1.74,2.22,0.16,1.00,0.41,1.43,0.85,1.00,59.34,10.98,1.87,9.92,3.55,4.52,18.71,0.03,0.95,1.34,17.96,,beef3
13.63,0.92,1.35,8.20,112.51,6.72,73.73,68.79,91.66,4.53,6.04,1.00,1.33,0.16,1.35,0.21,2.41,0.24,0.17,9.90,12.80,1.15,4.77,3.53,4.71,6.33,0.12,0.88,1.80,20.43,7.54,vamo3
8.20,15.27,1.42,9.01,75.84,186.37,25.32,206.48,221.89,7.11,7.64,6.88,7.40,1.11,19.53,1.26,8.15,1.41,0.07,17.33,16.97,13.72,0.05,0.22,0.24,0.13,0.78,0.18,2.00,7.21,16.35,itsa4
0.98,0.26,1.60,0.00,0.00,26.95,31.48,6.62,16.88,8.81,22.44,1.56,3.99,0.09,0.95,0.12,3.85,6.29,0.35,163.24,2.81,7.90,7.40,7.24,18.46,9.29,0.06,0.74,1.83,26.38,,csan3
11.39,1.01,1.51,5.37,60.50,8.86,61.17,10.75,19.03,4.90,8.66,5.30,9.39,0.83,3.33,2.01,9.72,1.29,0.82,13.28,13.18,7.30,0.12,0.41,0.72,0.06,0.55,0.45,1.74,15.41,4.53,lren3
10.26,0.21,1.11,2.21,22.47,2.01,30.93,20.55,36.50,3.64,6.47,0.56,1.00,0.10,1.32,0.13,7.31,0.79,0.48,10.81,12.82,0.96,6.06,3.08,5.47,7.36,0.09,0.91,0.77,28.42,21.31,movi3
9.88,1.15,2.03,7.29,72.29,11.60,36.48,12.35,0.00,,8.78,,9.28,0.15,0.79,2.35,19.34,3.97,0.13,20.54,21.01,1.52,,,,,0.07,0.92,1.25,16.28,23.81,itub4
6.85,1.34,1.18,3.56,37.96,19.60,32.58,23.51,24.81,7.11,7.50,5.41,5.71,0.49,1.24,1.13,25.48,4.39,0.37,17.22,10.91,8.55,0.37,1.70,1.79,0.70,0.42,0.54,3.36,17.59,1.81,cyre3
15.73,1.00,0.87,0.51,8.55,6.34,19.44,13.73,23.50,11.85,20.28,4.24,7.26,0.22,4.73,0.27,12.08,0.67,0.22,5.52,3.51,1.18,1.56,7.60,13.01,1.95,0.26,0.71,1.36,,,aure3
44.97,2.09,2.16,5.14,233.05,4.64,46.24,30.84,49.12,6.47,10.31,4.25,6.77,0.57,8.55,0.70,7.23,0.35,0.27,4.81,11.34,1.31,1.13,2.22,3.53,1.58,0.26,0.73,1.62,14.81,16.76,rail3
15.25,1.51,2.16,3.12,47.47,9.89,38.35,29.61,37.07,8.20,10.27,4.07,5.09,0.49,6.56,0.59,7.28,1.03,0.33,14.16,11.10,3.29,2.20,4.14,5.18,2.65,0.23,0.77,1.88,16.32,89.82,motv3
4.91,0.76,1.12,13.22,60.85,15.50,18.32,22.09,25.52,4.40,5.08,2.98,3.44,0.50,524.07,0.64,9.95,2.27,0.66,22.84,17.09,10.26,0.43,1.15,1.33,0.54,0.45,0.55,1.00,10.71,17.82,cmig4
8.35,1.13,2.42,7.06,58.25,13.49,24.70,15.90,17.71,6.90,7.69,6.36,7.09,1.06,3.80,2.67,3.67,1.06,0.94,28.97,14.89,12.84,0.32,0.85,0.95,0.79,0.44,0.55,1.87,20.08,68.13,pomo4
5.44,0.28,0.88,6.05,32.32,5.05,26.35,10.30,19.25,5.19,9.71,1.43,2.67,0.12,1.37,0.19,10.48,1.70,0.44,16.24,6.05,1.68,2.33,3.77,7.04,3.71,0.14,0.83,1.35,8.25,,csna3
11.64,0.55,0.69,3.46,39.71,4.73,12.41,8.66,13.69,4.76,7.52,4.02,6.36,0.44,1.75,0.71,27.08,1.61,0.80,5.95,6.70,3.80,0.17,0.96,1.52,0.33,0.63,0.37,2.89,9.54,6.69,ggbr4
14.08,3.77,2.96,2.20,30.19,26.76,19.74,30.29,0.00,,16.32,,12.43,0.35,23.39,2.63,16.61,3.50,0.09,21.05,22.82,2.46,,,,,0.12,0.88,0.98,30.59,32.53,bpac11
4.34,0.67,0.56,0.00,0.00,15.44,28.96,29.34,46.82,4.01,6.41,1.43,2.28,0.16,3.35,0.19,26.37,3.38,0.23,12.81,7.83,3.59,1.00,2.58,4.12,1.38,0.28,0.72,1.37,118.45,,brav3
27.86,0.83,5.11,1.85,49.10,2.99,29.41,5.59,9.70,9.36,16.24,8.58,14.89,1.48,9.02,3.49,3.88,0.71,1.78,18.34,21.25,5.37,0.46,0.78,1.35,0.55,0.29,0.71,1.40,15.34,20.00,radl3
8.00,0.17,1.45,3.56,28.71,2.11,7.10,3.95,4.65,5.95,7.01,3.63,4.27,0.51,3.08,0.81,14.41,2.61,3.03,18.13,2.85,6.78,0.93,2.33,2.74,1.18,0.35,0.60,1.82,11.20,27.23,ugpa3
13.43,1.71,1.60,4.79,76.86,12.75,21.84,19.62,25.74,9.23,12.11,6.65,8.72,0.67,28.49,0.84,8.58,1.02,0.39,11.89,8.79,4.99,0.66,2.76,3.63,0.78,0.42,0.58,1.13,4.89,4.97,cple6
1.01,0.09,0.71,0.00,0.00,9.40,27.44,1.00,5.07,4.57,23.12,1.87,9.45,0.10,6.11,0.14,5.21,3.67,1.04,70.51,5.38,9.78,1.03,2.70,13.68,1.73,0.14,0.86,0.95,17.87,,pcar3
3.05,2.26,1.24,0.00,0.00,73.88,34.70,26.83,54.84,6.44,13.16,4.12,8.41,0.58,10.23,0.70,29.21,11.81,0.26,40.45,6.47,19.10,0.70,2.32,4.75,0.88,0.47,0.53,1.54,49.74,87.83,prio3
18.50,1.09,1.69,4.81,82.25,5.88,28.53,20.59,33.52,5.75,9.37,3.24,5.28,0.53,9.93,0.67,23.54,2.15,0.49,9.12,9.74,2.86,1.31,2.51,4.09,1.63,0.31,0.69,1.33,30.87,17.26,rent3
73.69,1.54,0.80,3.10,231.69,2.09,47.60,9.18,18.73,7.26,14.80,8.24,16.81,0.58,10.17,0.83,4.89,0.05,0.37,1.09,3.54,0.78,0.10,0.98,2.00,0.03,0.72,0.28,1.23,24.03,8.74,lwsa3
0.19,0.01,0.22,0.00,0.00,6.32,30.66,3.58,7.25,4.34,8.79,0.17,0.34,0.01,0.06,0.02,16.19,18.76,0.84,115.92,0.65,5.32,5.55,4.17,8.45,6.78,0.05,0.95,0.71,0.46,,bhia3
9.57,0.16,0.56,3.21,30.02,1.63,12.41,8.64,13.62,2.11,3.33,1.14,1.80,0.12,0.49,0.20,19.50,1.13,0.80,5.81,13.02,3.80,0.47,0.97,1.52,0.93,0.22,0.37,2.89,9.54,6.74,goau4
30.33,4.60,5.32,1.51,46.04,15.17,69.48,17.86,23.91,18.95,25.38,19.25,25.77,2.91,14.28,4.50,8.17,1.43,0.63,17.55,14.48,9.83,0.08,0.30,0.40,0.35,0.55,0.42,2.36,16.88,24.47,tots3
19.14,1.94,1.64,3.46,126.35,10.12,44.08,15.54,41.26,5.15,13.67,4.69,12.46,0.88,239.17,1.11,21.10,1.81,0.46,8.57,9.75,4.61,0.16,0.46,1.21,0.30,0.54,0.46,0.98,5.98,4.08,vivt3
8.19,0.72,0.97,7.84,54.45,8.83,31.68,8.22,0.00,,9.56,,8.79,0.08,0.61,0.42,16.43,1.95,0.11,11.89,10.09,0.98,,,,,0.08,0.92,1.19,24.03,4.85,bbdc3
7.52,1.77,1.33,0.00,0.00,23.60,24.52,4.07,26.07,12.93,82.79,6.81,43.56,0.43,2.06,0.65,2.90,0.51,0.24,17.73,0.58,5.68,1.20,6.13,39.23,1.70,0.32,0.68,2.49,2.50,,hbsa3
0.05,0.01,0.06,0.00,0.00,24.94,30.28,5.87,1.97,47.22,15.85,0.67,0.23,0.01,0.05,0.02,1.92,2.26,0.65,117.38,9.11,16.12,4.32,46.54,15.63,4.82,0.14,1.14,1.51,,,ifcm3
1.96,65.49,0.53,0.00,0.00,3349.72,23.52,4962.33,5145.59,1.27,1.32,1.27,1.32,0.43,9.48,0.43,0.77,0.21,0.01,27.29,53.74,22.17,0.00,0.00,0.00,0.00,0.81,0.19,0.02,,,azte3
2.97,10.34,2.68,0.00,0.00,347.62,3.27,281.31,263.71,4.04,3.79,3.92,3.68,1.52,8.00,2.28,0.74,0.67,0.15,90.06,72.88,54.35,0.00,0.00,0.00,0.00,0.57,1.57,0.64,26.48,,rcsl4
30.51,1.64,3.59,0.08,2.43,5.37,18.57,11.14,14.71,12.02,15.87,11.14,14.71,0.99,7.44,2.15,24.57,2.89,0.60,11.75,13.33,3.18,0.28,0.88,1.17,0.66,0.28,0.70,1.33,15.17,,embr3
5.32,0.83,1.03,16.21,93.28,15.69,49.10,27.00,35.79,4.09,5.42,2.33,3.09,0.35,9.50,0.40,30.97,6.00,0.42,19.38,12.74,6.62,0.80,1.81,2.40,0.93,0.34,0.66,0.76,12.63,65.59,petr3
10.65,1.09,2.18,5.99,64.23,10.26,38.55,23.12,36.52,6.74,10.65,2.99,4.73,0.37,2.79,0.49,8.25,1.69,0.34,20.50,9.35,3.82,2.74,3.75,5.92,3.53,0.17,0.78,2.11,11.26,,klbn11
10.34,0.16,0.67,4.32,45.45,1.53,25.85,9.11,12.35,5.83,7.90,1.28,1.74,0.12,0.44,0.24,8.74,0.56,0.74,6.45,8.66,2.53,2.37,4.55,6.17,2.93,0.18,0.75,2.04,19.16,11.93,rapt4
7.30,,6.21,12.88,95.60,0.00,0.00,0.00,0.00,,5.70,,6.58,3.05,22.61,5.72,5.25,4.46,0.00,84.97,77.21,41.71,0.83,,0.88,0.00,0.49,0.51,1.40,100.00,18.29,bbse3
6.40,0.11,6.39,26.72,171.07,1.78,12.80,3.71,8.36,4.60,10.35,1.36,3.07,0.13,1.87,0.21,3.30,3.30,1.16,99.86,4.81,2.78,15.19,3.23,7.29,23.30,0.02,0.86,1.22,18.74,3.29,mrfg3
21.49,3.26,1.20,7.99,144.52,15.17,45.23,42.34,52.11,8.37,10.30,6.26,7.70,0.52,6.15,0.63,45.86,2.56,0.16,5.58,9.73,2.41,0.34,1.78,2.19,0.59,0.43,0.57,1.86,8.48,0.75,elet3
106.11,0.50,1.02,7.81,824.59,0.47,46.97,2.85,8.28,6.19,17.98,6.00,17.44,0.45,2.97,0.70,3.64,0.03,0.91,0.96,4.16,0.42,0.03,0.19,0.55,0.25,0.44,0.56,1.72,19.18,,petz3
10.40,,3.38,7.82,81.38,0.00,0.00,0.00,0.00,,9.26,,9.49,3.12,70.70,3.55,4.44,1.44,0.00,32.52,31.19,30.05,0.08,,0.23,0.00,0.92,0.08,1.59,100.00,19.67,cxse3
27.65,2.28,2.60,2.56,63.43,8.25,42.37,23.11,47.57,5.85,12.03,4.79,9.87,0.79,11.83,1.01,9.62,0.90,0.35,9.41,12.00,2.89,0.57,1.05,2.17,1.06,0.31,0.69,1.45,,,smft3
14.92,1.72,3.59,4.67,205.13,11.52,54.65,23.44,29.81,4.88,6.20,5.76,7.33,0.92,4.44,1.74,1.68,0.40,0.54,24.04,21.08,6.17,0.55,0.89,1.13,1.00,0.26,0.74,1.78,6.94,11.25,cmin3
0.99,0.07,1.51,0.00,0.00,7.47,6.52,1.65,4.60,11.75,32.73,1.60,4.46,0.06,1.09,0.09,4.77,7.29,0.85,152.67,9.65,7.13,9.53,10.14,28.24,12.24,0.04,1.04,1.21,5.83,,brkm5
11.18,5.34,2.44,4.91,32.70,47.77,81.07,66.12,71.39,9.75,10.53,7.48,8.08,1.17,33.88,1.37,11.37,2.49,0.22,21.85,14.78,10.48,0.74,2.27,2.45,0.87,0.48,0.52,1.31,20.09,6.01,mult3
107.75,1.47,1.45,0.00,0.00,1.37,34.40,24.27,39.51,8.79,14.31,3.73,6.07,0.39,48.29,0.46,8.64,0.12,0.26,1.35,6.88,0.37,1.96,5.06,8.23,2.15,0.27,0.73,1.06,37.02,6.36,srna3
16.77,2.33,2.42,7.37,97.11,13.92,53.17,22.60,49.63,4.51,9.89,4.70,10.33,1.07,43.35,1.40,10.38,1.50,0.46,14.43,20.34,6.37,0.10,0.20,0.44,0.12,0.44,0.56,0.91,8.57,14.49,tims3
10.64,1.32,0.98,0.00,0.00,12.40,15.24,15.24,19.04,5.98,7.47,6.93,8.66,0.79,8.43,1.03,4.69,0.43,0.60,9.22,4.61,7.31,0.13,0.95,1.19,0.00,0.81,0.18,1.69,25.68,19.55,cash3
12.47,0.92,1.63,2.18,26.96,7.38,27.54,20.36,26.04,7.08,9.06,3.53,4.52,0.39,9.28,0.50,22.43,2.93,0.42,13.05,11.90,3.85,1.63,3.55,4.54,1.97,0.24,0.72,1.24,22.57,5.42,eqtl3
23.96,1.87,3.88,1.91,45.31,7.79,19.84,15.96,19.30,9.42,11.39,9.67,11.69,0.93,2.74,1.94,11.08,1.80,0.50,16.22,11.73,3.99,0.10,0.25,0.30,1.50,0.24,0.74,2.89,30.36,55.80,rdor3
3.90,2.45,0.74,5.94,22.24,62.89,58.86,92.95,96.72,4.45,4.63,2.53,2.64,0.29,1.34,0.45,8.79,1.68,0.12,19.08,12.37,7.35,0.56,1.92,1.99,0.93,0.39,0.59,2.48,9.20,12.21,jhsf3
32.36,8.52,2.36,2.77,66.23,26.33,63.86,53.76,68.83,10.89,13.94,12.38,15.85,1.27,9.47,1.69,10.32,0.75,0.15,7.29,7.55,3.96,0.42,2.22,2.84,0.81,0.54,0.46,2.16,11.33,11.90,igti11
13.15,1.02,1.48,6.73,89.37,7.73,26.92,15.06,25.69,5.59,9.53,3.96,6.75,0.61,3.04,0.92,9.83,1.11,0.60,11.27,9.35,4.46,0.61,1.63,2.78,1.00,0.41,0.58,2.51,21.42,17.83,flry3
133.48,1.87,1.47,0.00,0.00,1.40,30.95,17.72,32.11,8.91,16.16,5.81,10.53,0.54,10.80,0.65,12.30,0.14,0.29,1.10,6.96,0.47,0.79,3.10,5.62,0.98,0.37,0.61,1.42,36.52,24.27,enev3
12.76,0.70,1.25,4.37,55.24,5.49,61.02,16.26,31.24,4.89,9.39,2.24,4.31,0.40,7.66,0.52,10.52,1.03,0.57,9.82,9.90,3.11,1.48,2.64,5.08,1.74,0.32,0.68,1.28,7.13,24.43,yduq3
6.62,,0.82,11.38,71.35,0.00,0.00,0.00,0.00,6.54,6.54,7.07,7.07,0.81,28.72,0.84,22.31,2.75,0.00,12.34,11.54,12.27,0.03,0.29,0.29,0.00,0.99,0.01,6.50,100.00,5.91,brap4
33.42,0.68,0.33,0.00,0.00,2.02,17.31,5.80,11.89,6.95,14.24,5.69,11.66,0.22,2.55,0.26,96.64,0.95,0.32,0.99,1.71,0.64,0.07,1.26,2.58,0.27,0.65,0.35,2.05,22.54,,hapv3
0.56,0.36,0.09,0.00,0.00,65.71,0.65,27.51,9.60,46.14,16.10,3.80,1.33,0.03,0.41,0.04,4.17,0.67,0.09,16.00,8.30,5.69,0.99,42.34,14.77,1.01,0.36,0.64,0.74,53.88,,azev4
18.12,4.77,0.99,4.97,88.89,26.33,74.56,55.52,77.32,4.80,6.68,6.17,8.59,0.51,5.33,0.59,24.77,1.36,0.11,5.48,11.23,3.19,0.22,1.37,1.91,0.00,0.51,0.46,2.91,28.57,33.05,alos3
9.56,0.35,0.57,1.64,15.37,3.62,61.00,23.44,33.82,4.09,5.90,1.03,1.48,0.13,1.04,0.18,5.89,0.35,0.39,5.91,11.37,2.80,1.69,3.07,4.42,2.30,0.24,0.70,2.22,22.23,,anim3
10.23,0.64,1.49,2.34,0.00,6.26,55.09,12.29,14.32,4.70,5.48,4.47,5.21,0.58,3.75,1.09,11.21,1.63,0.90,14.53,18.15,5.66,0.08,0.23,0.27,0.37,0.39,0.61,1.49,14.45,,ceab3
7.91,1.21,1.44,4.08,32.59,15.26,37.73,26.63,47.00,5.52,9.75,2.57,4.53,0.39,2.27,0.52,34.12,6.19,0.32,18.14,7.74,4.93,1.65,2.96,5.22,2.12,0.27,0.73,3.16,10.99,,suzb3
8.07,2.24,2.23,2.83,22.84,27.76,53.06,44.30,49.87,5.65,6.37,4.49,5.06,1.02,32.50,1.19,59.17,16.33,0.45,27.61,18.05,12.58,0.58,1.16,1.31,0.77,0.46,0.54,1.26,17.71,62.90,sbsp3
8.42,0.47,1.79,15.55,130.95,5.61,26.31,11.49,17.02,3.29,4.88,2.78,4.11,0.47,2.70,0.96,10.01,2.13,0.99,21.28,15.80,6.10,0.34,0.52,0.77,1.23,0.26,0.72,1.52,10.13,23.05,brfs3
0.56,0.36,0.09,0.00,0.00,65.71,0.65,27.51,9.60,46.14,16.10,3.80,1.33,0.03,0.41,0.04,4.17,0.67,0.09,16.00,8.30,5.69,0.99,42.34,14.77,1.01,0.36,0.64,0.74,53.88,,azev3
22.21,0.51,0.63,1.03,122.20,2.31,25.33,10.44,25.75,4.40,10.84,1.99,4.92,0.24,4.78,0.33,8.30,0.23,0.46,2.83,6.36,1.18,0.76,2.40,5.92,0.97,0.38,0.61,1.22,7.21,14.12,dxco3
10.52,0.09,1.20,1.54,16.08,0.89,25.94,16.44,26.64,4.40,7.14,0.35,0.57,0.05,0.44,0.07,3.85,0.44,0.51,11.36,11.15,0.22,13.73,4.05,6.57,17.42,0.04,0.92,1.46,34.24,,simh3
7.85,0.67,0.96,2.99,22.85,8.58,27.29,20.32,26.15,6.07,7.81,2.57,3.31,0.30,8.58,0.38,29.82,3.63,0.45,12.18,11.46,3.91,1.30,3.50,4.50,1.47,0.32,0.68,1.23,9.95,8.84,neoe3
9.26,0.73,0.91,6.36,53.66,7.87,35.26,10.73,0.00,,6.79,,6.80,0.09,0.85,0.82,33.03,3.24,0.12,9.82,10.90,1.01,,,,,0.10,0.90,1.13,19.97,1.12,sanb11
8.18,0.85,1.23,4.09,33.64,10.34,29.64,9.41,11.90,6.73,8.51,7.11,8.99,0.69,1.56,2.61,9.63,1.45,0.82,15.01,9.73,8.47,0.07,0.38,0.48,0.33,0.56,0.43,2.54,16.50,7.61,intb3
7.29,0.53,1.46,3.92,28.46,7.21,39.40,35.59,46.76,5.19,6.82,1.12,1.48,0.17,3.40,0.19,5.43,1.08,0.32,19.99,11.11,2.26,5.28,4.07,5.35,6.06,0.12,0.88,0.72,21.24,,ecor3
19.29,0.75,3.35,1.74,33.64,3.91,14.47,8.31,10.39,8.56,10.71,7.25,9.07,0.88,2.99,1.82,5.54,0.96,1.17,17.38,12.61,4.64,0.60,1.31,1.63,1.33,0.26,0.74,2.33,,,ggps3
0.06,0.46,0.01,0.00,0.00,808.94,830.11,402.10,117.11,38.06,11.09,0.40,0.12,0.01,0.03,0.01,46.94,5.58,0.01,11.89,21.71,9.84,0.65,37.64,10.96,0.72,0.83,1.83,0.59,52.36,,oibr3
10.55,1.77,1.70,4.65,36.80,16.78,42.60,24.63,35.36,7.03,10.09,5.01,7.19,0.86,14.66,1.03,22.15,3.57,0.49,16.13,10.75,8.19,0.69,2.02,2.90,0.81,0.51,0.49,1.57,8.66,10.71,csmg3
5.81,1.73,1.17,11.21,64.87,29.72,47.38,19.68,22.80,5.44,6.31,7.57,8.77,1.06,1.89,3.05,4.46,0.90,0.61,20.17,11.68,18.20,0.33,2.13,2.47,0.02,0.90,0.10,6.97,7.54,14.88,grnd3
6.97,0.68,1.31,5.71,38.89,9.73,25.14,17.94,23.62,6.67,8.78,2.87,3.78,0.30,7.12,0.39,39.81,7.46,0.44,18.74,10.48,5.49,1.60,3.51,4.62,2.07,0.23,0.71,1.23,11.55,22.10,engi11
10.61,2.58,2.59,2.17,23.14,24.29,71.05,25.17,30.64,8.75,10.65,8.41,10.24,1.67,3.49,4.52,11.70,2.85,0.65,24.39,19.28,15.72,0.11,0.34,0.42,0.17,0.64,0.36,4.13,21.51,35.65,viva3
12.59,1.61,1.50,4.60,76.86,12.75,21.84,19.62,25.74,9.23,12.11,6.24,8.18,0.63,26.72,0.79,8.58,1.02,0.39,11.89,8.79,4.99,0.66,2.76,3.63,0.78,0.42,0.58,1.13,4.89,4.97,cple3
5.42,0.15,0.82,5.90,31.94,2.68,33.75,2.22,7.13,1.39,4.47,2.04,6.54,0.11,0.38,0.39,2.51,0.38,0.74,15.22,5.61,1.99,0.26,0.65,2.07,1.01,0.13,0.87,1.65,11.38,,ljqq3
18.49,0.40,0.80,0.00,0.00,2.15,11.05,8.33,16.26,4.73,9.24,2.45,4.78,0.26,1.79,0.38,6.70,0.29,0.66,4.32,7.48,2.20,0.75,2.29,4.46,0.90,0.33,0.66,1.86,,,cbav3
7.28,0.78,2.39,2.65,5.43,10.69,29.38,11.13,13.15,6.82,8.06,5.92,6.99,0.48,1.52,1.28,9.58,3.14,0.62,32.79,15.52,6.45,0.36,0.90,1.07,1.01,0.20,0.80,2.03,9.66,13.55,tend3
16.30,0.64,0.97,6.33,35.48,3.94,35.93,22.91,35.77,4.66,7.27,1.79,2.80,0.26,1.39,0.38,3.56,0.21,0.41,5.95,11.21,1.70,1.55,2.86,4.47,2.05,0.27,0.72,2.42,76.73,26.56,arml3
18.78,2.22,1.26,5.00,71.00,11.82,56.70,16.63,21.08,15.48,19.61,10.53,13.34,0.62,11.67,0.82,19.35,1.30,0.28,6.72,2.99,3.26,0.59,4.95,6.27,0.75,0.49,0.51,1.27,11.27,8.75,hype3
6.52,0.68,0.77,0.00,0.00,10.39,13.59,13.68,0.00,,0.61,,4.95,0.25,2.46,0.40,63.31,7.48,0.38,11.82,10.41,3.90,0.86,,5.56,0.00,0.33,0.67,1.39,6.92,,irbr3
10.98,0.45,0.38,2.59,26.95,4.06,33.57,16.48,18.30,9.19,10.21,2.44,2.70,0.09,0.31,0.17,10.92,0.38,0.19,3.44,5.55,2.39,1.05,6.76,7.50,1.19,0.23,0.56,2.31,4.91,20.03,hbor3
0.12,0.08,0.25,0.00,0.00,62.89,29.76,2.71,4.03,3.81,5.67,1.91,2.84,0.07,0.53,0.11,21.85,45.44,0.89,207.93,73.64,56.25,0.25,1.90,2.83,0.43,0.27,0.73,1.49,7.40,,amer3
5.59,1.09,0.83,17.49,97.96,19.55,39.37,27.31,48.80,2.95,5.28,2.24,4.00,0.51,5.88,0.61,15.13,2.24,0.47,14.80,11.29,9.12,0.26,0.72,1.28,0.41,0.62,0.38,2.22,33.79,,recv3
88.55,0.51,0.58,0.20,0.00,0.57,85.28,12.92,35.75,3.17,8.77,1.41,3.91,0.20,2.45,0.29,4.62,0.03,0.40,0.65,7.09,0.44,0.72,1.76,4.86,1.05,0.35,0.65,0.79,5.76,46.86,qual3
7.42,0.51,0.71,2.03,14.94,6.88,54.72,6.76,12.21,5.75,10.37,4.18,7.54,0.38,2.27,0.68,40.39,3.85,0.74,9.53,0.93,5.12,0.27,1.57,2.83,0.36,0.54,0.46,1.61,48.66,74.87,azza3
8.50,1.08,2.40,7.58,63.85,12.68,21.60,17.46,18.76,5.38,5.78,5.74,6.17,1.70,4.73,3.69,15.05,4.24,1.58,28.20,22.86,20.07,0.15,0.36,0.39,0.20,0.71,0.29,3.03,16.90,30.70,tgma3
5.88,0.29,0.50,9.57,54.69,4.86,30.91,5.52,0.00,,5.33,,5.18,0.03,0.65,0.56,26.49,2.27,0.12,8.57,8.58,0.59,,,,,0.07,0.93,1.06,18.37,5.02,brsr6
10.68,1.10,2.19,5.97,64.23,10.26,38.55,23.12,36.52,6.74,10.65,3.00,4.74,0.37,2.80,0.49,1.65,0.34,0.34,20.50,9.35,3.82,2.74,3.75,5.92,3.53,0.17,0.78,2.11,11.26,,klbn4
12.44,2.26,3.90,6.79,93.77,18.19,37.81,22.06,23.98,9.43,10.25,9.44,10.26,0.74,2.48,1.36,4.23,1.33,0.33,31.32,17.50,6.92,0.00,0.01,0.01,0.96,0.19,0.79,2.93,20.38,39.77,dirr3
11.95,0.80,1.36,3.44,41.15,6.70,29.16,18.88,22.96,6.38,7.75,3.48,4.24,0.40,2.16,0.71,11.68,1.33,0.50,11.36,12.94,3.30,1.13,2.89,3.52,1.35,0.29,0.70,1.73,17.80,2.63,slce3
9.83,0.41,1.36,3.88,30.25,4.14,22.93,6.92,8.04,5.45,6.34,5.05,5.88,0.68,2.05,1.62,4.62,0.64,1.68,13.84,17.33,7.04,0.11,0.40,0.46,0.21,0.50,0.49,2.34,22.50,14.59,gmat3
6.37,0.36,0.94,4.59,28.86,5.61,44.52,8.31,10.98,5.65,7.46,3.25,4.30,0.34,2.09,0.74,12.93,1.90,0.95,14.69,11.82,5.34,0.69,2.39,3.16,0.82,0.36,0.64,1.43,27.98,,sbfg3
7.67,0.26,0.30,0.00,0.00,3.34,24.22,0.49,2.17,13.89,62.10,11.79,52.71,0.17,0.48,0.51,3.62,0.14,0.65,3.89,1.40,2.16,0.05,2.10,9.39,0.22,0.56,0.44,2.04,,,mlas3
12.75,2.15,7.54,5.41,80.25,16.90,39.14,22.18,22.91,9.19,9.49,9.40,9.71,1.93,6.37,4.60,4.56,2.69,0.90,59.14,34.97,16.79,0.17,0.21,0.22,0.98,0.26,0.70,2.10,32.38,434.23,cury3
9.27,0.89,1.91,9.24,85.20,9.57,26.76,14.50,16.96,5.18,6.06,5.23,6.12,0.91,2.79,2.68,4.06,0.83,1.03,20.58,14.86,9.83,0.02,0.05,0.06,0.47,0.48,0.52,1.98,18.48,17.26,kepl3
8.86,1.09,2.23,6.73,54.25,12.29,31.48,24.89,29.88,5.52,6.63,3.64,4.37,0.60,21.13,0.76,18.64,4.69,0.56,25.17,16.77,7.20,1.15,1.88,2.26,1.35,0.27,0.72,0.88,7.33,9.01,cpfe3
5.05,2.01,0.80,9.46,47.90,39.74,39.29,58.41,58.84,6.37,6.42,3.41,3.43,0.37,2.98,0.44,31.27,4.93,0.19,15.76,12.90,7.52,0.60,2.55,2.57,0.68,0.47,0.52,5.95,17.19,0.47,isae4
9.94,0.83,2.14,5.15,31.93,8.36,100.00,8.64,9.78,5.77,6.53,8.49,9.61,0.61,9.68,1.36,22.40,4.83,0.73,21.54,13.04,6.22,0.69,2.72,3.08,0.00,0.28,0.71,1.13,14.93,13.43,pssa3
1.50,0.23,0.49,0.00,0.00,15.06,30.91,6.50,1.08,85.98,14.34,20.90,3.49,0.14,1.44,0.20,4.31,1.40,0.60,32.51,6.63,10.00,1.52,65.08,10.85,1.86,0.28,0.70,1.40,,,onco3
742.68,0.17,0.36,6.74,4982.90,0.02,24.66,6.57,8.59,4.06,5.30,1.97,2.57,0.14,0.45,0.39,11.27,0.01,0.82,0.05,7.18,0.13,0.38,2.09,2.73,0.81,0.38,0.61,1.93,9.32,51.10,posi3
0.87,0.14,0.36,0.00,0.00,15.69,16.48,6.79,13.25,4.32,8.43,1.03,2.00,0.08,2.38,0.10,15.00,6.23,0.57,41.56,4.36,8.88,1.16,3.29,6.43,1.72,0.21,0.79,1.15,2.52,27.40,ligt3
8.39,1.08,3.29,6.94,57.48,12.84,33.16,17.90,18.20,6.29,6.39,5.92,6.02,0.98,1.60,6.14,4.46,1.75,0.91,39.24,26.06,13.79,0.20,0.36,0.37,0.81,0.30,0.68,3.74,16.51,18.30,plpl3
8.10,2.40,0.80,7.86,61.70,29.61,37.76,25.19,26.07,9.98,10.33,9.20,9.53,0.57,1.43,1.03,22.70,2.23,0.24,9.83,5.79,7.42,0.07,0.78,0.81,0.31,0.71,0.27,9.37,12.21,4.68,eztc3
7.95,0.54,1.74,1.24,9.70,6.79,17.69,7.76,8.49,8.17,8.94,6.36,6.96,0.67,2.63,1.99,9.00,1.96,1.24,21.82,9.23,8.44,0.49,1.81,1.98,0.91,0.39,0.61,1.63,,,tten3
4.42,1.46,0.87,6.47,19.95,33.17,56.64,36.81,45.31,4.93,6.07,3.23,3.98,0.41,19.78,0.47,38.99,7.68,0.28,19.69,12.82,9.08,0.45,1.67,2.06,0.57,0.47,0.53,1.21,7.83,17.82,sapr11
9.32,0.65,0.69,6.36,58.82,6.96,23.13,19.76,41.05,4.07,8.45,1.58,3.28,0.22,1.21,0.31,20.86,1.54,0.34,7.40,8.33,2.34,1.09,2.49,5.17,1.49,0.32,0.68,2.50,11.41,9.86,smto3
1.08,0.09,0.17,0.00,0.00,8.70,28.55,9.06,18.67,3.02,6.22,0.50,1.04,0.06,0.89,0.09,10.11,1.61,0.69,15.91,5.20,5.96,0.86,2.52,5.18,1.04,0.38,0.62,1.37,14.63,,dasa3
0.29,0.04,0.23,0.00,3.02,12.72,11.50,5.63,4.23,6.72,5.06,0.86,0.64,0.05,0.20,0.09,5.54,4.53,1.25,81.75,12.64,15.87,1.60,5.87,4.41,2.05,0.19,0.81,1.74,,,vveo3
11.79,0.48,0.88,1.20,21.56,4.05,59.87,8.46,12.94,4.27,6.54,3.69,5.64,0.36,1.76,0.95,11.07,0.82,0.75,7.45,9.38,3.04,0.14,0.59,0.90,0.36,0.41,0.59,1.48,10.24,,guar3
27.92,1.67,1.76,1.01,26.72,5.97,46.65,5.85,11.31,14.30,27.65,14.74,28.50,1.17,4.31,2.29,6.05,0.38,0.70,6.29,4.74,4.18,0.04,0.37,0.71,0.17,0.67,0.33,2.25,5.29,15.31,alpa4
19.37,0.81,1.76,2.37,44.89,4.20,37.68,3.52,0.00,,23.16,,23.16,0.20,4.37,1.82,5.92,0.54,0.24,9.08,5.18,1.04,,,,,0.11,0.89,1.05,11.11,1.05,bpan4
12.39,3.06,5.56,7.59,95.46,24.70,36.68,32.49,34.90,8.32,8.93,8.77,9.42,3.39,36.96,4.45,2.34,1.05,1.11,44.90,40.15,27.37,0.29,0.46,0.49,0.00,0.61,0.39,0.72,5.87,10.02,odpv3
7.28,3.02,1.71,7.83,46.48,41.44,61.77,70.52,71.26,7.27,7.34,4.23,4.28,0.61,21.29,0.71,22.10,5.20,0.20,23.53,15.95,8.33,1.24,3.06,3.09,1.35,0.35,0.65,1.24,3.95,4.57,taee11
2.12,0.25,0.32,0.00,0.00,11.77,8.40,4.72,0.04,668.55,6.07,582.01,5.28,0.19,0.53,0.35,16.56,2.50,0.75,15.07,10.18,8.94,0.01,18.84,0.17,0.30,0.59,0.33,4.21,10.55,,usim3
7.60,0.25,0.52,8.09,77.13,3.34,40.50,1.57,0.00,,16.17,,16.17,0.05,2.13,0.29,7.67,0.52,0.19,6.80,1.03,0.69,,,,,0.09,0.91,0.97,17.74,1.35,bmgb4
18.46,1.28,2.84,2.68,49.22,6.95,33.43,14.24,18.68,9.01,11.81,6.87,9.01,0.94,3.54,1.79,8.09,1.25,0.73,15.40,11.99,5.18,0.88,2.14,2.80,1.23,0.33,0.67,2.24,23.68,13.56,fras3
5.11,0.59,0.84,8.76,43.82,11.58,21.67,12.42,0.00,,4.77,,4.77,0.09,0.10,0.99,26.90,4.44,0.15,16.51,17.15,1.75,,,,,0.11,0.89,19.77,9.71,27.53,abcb4
6.10,0.11,0.39,4.64,39.74,1.73,12.17,6.76,10.19,3.45,5.19,1.03,1.56,0.11,0.60,0.21,28.09,1.79,1.07,6.37,8.96,2.50,0.91,2.41,3.63,1.30,0.29,0.68,1.68,12.71,,mypk3
2.85,0.18,0.40,0.00,0.00,6.23,33.85,0.90,11.15,2.64,32.62,1.59,19.66,0.15,20.60,0.19,3.27,0.46,0.85,14.05,0.58,5.31,0.26,1.05,12.96,0.58,0.38,0.62,0.97,12.88,,meal3
13.53,0.16,0.79,6.78,90.96,1.19,31.86,5.06,8.86,3.02,5.28,1.81,3.18,0.24,1.21,0.53,4.78,0.28,1.50,5.85,13.57,1.79,0.52,1.20,2.10,0.61,0.30,0.69,1.58,14.82,11.17,pgmn3
4.38,1.45,0.86,6.69,19.95,33.17,56.64,36.81,45.31,4.93,6.07,3.21,3.95,0.41,19.64,0.46,7.80,1.54,0.28,19.69,12.82,9.08,0.45,1.67,2.06,0.57,0.47,0.53,1.21,7.83,17.82,sapr4
6.34,0.85,1.13,6.98,48.94,13.40,25.67,14.04,17.52,14.20,17.72,4.85,6.05,0.61,1.41,1.71,4.24,0.76,0.72,17.83,11.24,9.61,0.06,0.28,0.35,0.54,0.54,0.46,3.04,13.90,13.73,shul4
6.47,2.37,0.73,9.15,815.39,36.56,52.55,51.05,64.62,2.50,3.16,3.66,4.63,0.28,1.39,0.39,6.80,0.77,0.12,11.34,7.52,4.51,0.23,1.16,1.47,0.45,0.38,0.35,3.39,7.91,0.61,syne3
10.81,2.73,2.64,5.19,39.31,25.27,50.13,53.16,63.36,7.15,8.52,4.31,5.14,0.61,12.48,0.73,15.09,3.69,0.22,24.44,13.97,5.89,1.74,2.84,3.39,2.20,0.23,0.75,1.42,0.58,2.35,egie3
11.69,0.16,0.56,5.30,62.41,1.40,19.93,4.93,7.09,6.76,9.73,2.30,3.31,0.17,0.90,0.39,9.80,0.47,1.04,4.79,5.07,1.45,1.08,4.46,6.42,1.64,0.30,0.70,1.51,9.53,18.69,caml3
6.65,0.33,0.38,14.18,94.03,5.04,25.24,12.96,9.34,8.14,5.86,3.59,2.58,0.17,0.35,0.91,9.38,0.54,0.49,5.79,7.34,3.48,0.49,4.55,3.28,0.67,0.43,0.55,2.35,22.63,10.35,mtre3
5.29,0.40,0.49,4.17,21.67,7.56,35.63,9.15,12.00,6.71,8.79,3.33,4.37,0.24,0.94,0.58,10.06,0.94,0.61,9.29,6.64,4.62,0.48,3.23,4.24,0.63,0.50,0.50,1.81,2.44,14.79,tasa4
14.89,0.38,0.42,0.00,0.00,2.56,21.69,12.87,48.99,3.98,15.17,0.78,2.96,0.11,0.53,0.17,6.55,0.18,0.29,2.82,3.10,0.75,1.73,3.20,12.20,2.49,0.27,0.73,2.53,7.42,,jall3
10.33,2.48,1.25,2.78,28.29,24.01,69.38,65.43,69.56,6.69,7.12,3.56,3.79,0.34,3.08,0.43,26.00,3.15,0.14,12.11,13.01,5.85,1.06,3.02,3.21,1.49,0.27,0.62,2.13,6.78,2.27,alup11
7.53,1.83,2.56,11.82,89.33,24.37,41.45,21.52,25.13,7.47,8.73,7.30,8.52,1.80,4.09,5.67,8.58,2.92,0.98,33.99,24.36,23.91,0.06,0.17,0.20,0.15,0.70,0.30,2.82,22.76,90.94,vulc3
5.31,1.22,1.45,8.53,45.24,22.92,41.62,25.61,37.01,5.14,7.43,3.29,4.76,0.55,2.45,0.81,5.93,1.61,0.45,27.20,10.45,10.26,0.81,1.85,2.67,1.25,0.38,0.62,3.08,10.38,33.05,rani3
13.54,0.71,1.02,1.47,19.84,5.23,13.35,7.95,10.10,8.48,10.77,7.01,8.90,0.38,0.79,1.29,10.00,0.75,0.54,7.49,6.45,4.82,0.21,1.47,1.87,0.63,0.38,0.45,3.21,26.95,19.74,soja3
8.80,0.69,0.60,0.00,0.00,7.80,56.11,10.79,2.96,2.07,0.57,23.23,6.36,0.43,1.14,1.02,1.51,0.10,0.63,6.77,9.71,4.92,0.65,25.30,6.93,0.00,0.73,0.27,2.95,27.24,,enju3
0.77,0.08,0.04,0.00,0.00,9.98,8.21,3.09,1.82,85.18,50.05,4.24,2.49,0.01,0.06,0.04,179.36,8.67,0.19,4.83,2.61,0.72,0.71,80.94,47.56,0.81,0.39,0.61,1.62,1.88,,gfsa3
9.25,1.05,0.75,7.13,62.74,11.38,17.41,4.02,14.25,6.75,23.92,7.39,26.21,0.59,1.97,1.02,9.54,0.77,0.56,8.09,2.21,6.38,0.20,1.98,7.01,0.09,0.79,0.21,3.46,8.10,31.26,fesa4
0.00,0.00,0.00,0.00,0.00,339.10,20.50,67.87,67.58,4.21,4.19,0.00,0.00,0.00,0.00,0.00,115.52,15.96,0.27,13.82,6.03,93.39,0.12,4.20,4.19,0.12,6.67,7.81,0.33,7.67,,pdgr3
58.18,4.64,3.25,0.00,0.00,7.97,45.52,23.59,42.04,13.37,23.82,11.03,19.65,1.13,5.79,1.70,16.91,0.95,0.24,5.59,6.33,1.39,0.69,2.34,4.17,1.36,0.35,0.63,2.36,20.34,17.87,orvr3
22.83,3.46,1.27,8.26,144.52,15.17,45.23,42.34,52.11,8.37,10.30,6.65,8.18,0.55,6.53,0.67,45.86,2.56,0.16,5.58,9.73,2.41,0.34,1.78,2.19,0.59,0.43,0.57,1.86,8.48,0.75,elet6
7.02,1.16,1.35,4.70,32.42,16.47,33.03,16.84,17.87,6.99,7.41,6.47,6.87,0.50,1.63,1.01,19.91,3.83,0.43,19.22,12.95,7.09,0.11,0.52,0.55,0.29,0.37,0.63,2.54,30.91,,mdne3
10.01,1.76,1.97,4.01,39.25,17.58,63.21,33.84,48.37,5.13,7.34,3.64,5.20,0.80,4.50,1.18,6.54,1.29,0.45,19.69,14.34,7.98,0.81,1.50,2.14,1.15,0.40,0.59,2.21,27.63,,mils3
7.30,1.00,2.10,3.01,42.97,13.63,61.85,44.23,53.63,1.99,2.41,1.86,2.25,0.55,33.72,0.71,4.02,1.16,0.55,28.76,39.91,13.79,0.15,0.13,0.16,0.63,0.26,0.48,0.93,11.04,11.06,wizc3
71.36,0.87,0.79,0.00,0.00,1.21,27.05,2.20,2.44,40.34,44.59,35.55,39.30,0.29,0.48,1.25,9.48,0.11,0.34,1.11,0.16,1.80,0.11,4.78,5.29,0.59,0.37,0.58,4.80,5.42,11.62,even3
48.01,0.17,0.57,10.76,577.71,0.36,16.05,2.99,6.82,6.22,14.19,2.53,5.78,0.18,0.48,0.47,21.94,0.26,1.02,1.18,2.41,0.35,0.82,3.69,8.41,1.28,0.31,0.69,2.41,19.49,,tupy3
14.38,0.62,1.01,1.47,21.46,4.34,58.26,15.70,25.74,3.48,5.71,2.43,3.98,0.39,5.38,0.55,10.21,0.72,0.63,7.03,14.68,2.74,0.44,1.06,1.73,0.63,0.39,0.61,1.35,11.22,10.95,seer3
9.69,1.60,1.36,5.69,54.67,16.54,50.88,26.25,47.28,3.85,6.94,3.39,6.11,0.75,8.72,0.99,3.50,0.49,0.47,14.08,12.25,7.73,0.19,0.46,0.83,0.44,0.55,0.45,1.56,,,fiqe3
15.30,1.22,1.71,7.66,117.01,7.99,24.08,8.22,12.45,7.40,11.22,9.81,14.87,1.19,2.85,3.60,12.96,1.45,0.97,11.17,6.68,7.92,0.42,2.41,3.65,0.02,0.70,0.30,2.65,56.13,26.25,bmob3
10.84,0.67,0.97,1.78,19.24,6.17,29.06,17.20,22.36,4.59,5.97,2.99,3.89,0.32,1.39,0.50,4.35,0.39,0.48,8.94,10.15,3.13,0.52,1.59,2.07,0.96,0.33,0.66,3.09,24.05,11.19,matd3
8.83,1.02,1.81,8.16,72.29,11.60,36.48,12.35,0.00,,8.78,,8.29,0.13,0.71,2.10,19.34,3.97,0.13,20.54,21.01,1.52,,,,,0.07,0.92,1.25,16.28,23.81,itub3
7.14,1.65,1.88,7.44,51.90,23.08,34.87,27.13,27.28,7.50,7.54,6.04,6.08,0.77,1.40,2.96,7.84,2.06,0.47,26.35,18.07,12.39,0.45,1.46,1.47,0.54,0.41,0.53,3.84,37.79,31.90,lavv3
179.50,0.84,1.67,0.00,0.00,0.47,25.33,12.29,28.64,5.34,12.46,2.94,6.85,0.54,4.99,0.79,4.58,0.04,0.65,0.93,7.45,0.31,1.36,2.40,5.61,1.69,0.33,0.67,1.54,23.08,,opct3
10.16,0.76,1.33,3.77,38.24,7.51,49.82,20.24,28.73,3.47,4.92,2.66,3.77,0.44,7.52,0.56,4.23,0.55,0.58,13.05,19.04,4.32,0.41,0.81,1.15,0.83,0.33,0.67,1.38,8.30,,csed3
3.60,0.21,2.13,0.00,0.00,5.70,36.20,4.42,12.10,4.90,13.44,1.70,4.65,0.15,6.93,0.22,1.76,1.04,0.71,59.00,5.98,4.05,4.01,3.21,8.79,5.17,0.07,0.93,0.94,14.08,,ptbl3
7.02,0.57,1.76,7.14,36.33,8.17,18.48,11.96,0.00,,4.61,,4.79,0.07,0.08,0.69,5.13,1.29,0.12,25.06,29.76,0.97,,,,,0.04,0.96,12.26,40.22,,pine4
8.23,1.32,1.03,2.73,28.39,15.99,39.95,23.91,27.28,5.25,5.99,4.83,5.51,0.67,2.09,1.26,12.63,1.58,0.51,12.47,11.18,8.07,0.09,0.43,0.49,0.22,0.65,0.35,3.17,8.42,2.00,blau3
21.48,2.41,0.23,0.00,0.00,11.20,67.22,102.21,105.14,9.38,9.65,2.29,2.35,0.09,1.79,0.10,19.45,0.21,0.04,1.09,4.94,2.05,0.73,7.09,7.30,0.82,0.39,0.44,1.87,20.33,,hbre3
12.86,0.16,0.85,7.74,100.51,1.26,16.31,11.79,19.09,4.48,7.26,0.85,1.37,0.13,0.68,0.20,6.35,0.42,0.78,6.59,11.08,0.98,3.64,3.64,5.89,4.41,0.15,0.85,1.99,27.55,1.81,jslg3
28.03,0.85,0.85,1.38,38.39,3.03,42.70,14.07,43.91,4.36,13.61,1.93,6.03,0.32,9.88,0.38,3.51,0.11,0.38,3.05,5.72,1.15,1.07,2.43,7.58,1.30,0.38,0.62,0.83,,,brst3
4.95,0.19,0.64,0.00,0.00,3.89,64.76,0.15,5.25,7.04,246.22,3.67,128.23,0.22,7.01,0.28,5.35,0.69,1.15,12.84,2.13,4.46,0.59,3.37,117.99,0.76,0.35,0.65,0.87,16.79,,zamp3
8.27,0.09,0.73,8.02,60.33,1.07,14.84,2.68,3.28,5.03,6.15,2.70,3.30,0.18,1.13,0.60,10.79,0.95,2.05,8.83,11.87,2.31,0.63,2.33,2.85,0.82,0.25,0.70,1.30,15.02,14.96,pfrm3
7.39,0.78,5.38,9.28,66.45,10.54,27.03,16.49,18.83,5.36,6.13,4.14,4.72,1.06,6.92,2.76,5.45,3.97,1.37,72.76,32.88,14.41,1.60,1.23,1.40,1.88,0.20,0.80,1.33,16.27,34.50,leve3
30.54,0.50,2.08,0.34,10.41,1.64,21.96,7.98,12.50,6.07,9.51,4.01,6.29,0.49,1.70,1.14,7.28,0.50,0.99,6.80,9.26,2.25,1.06,2.06,3.22,2.15,0.24,0.75,2.06,42.23,,prnr3
6.08,0.67,0.76,29.96,181.57,11.06,25.21,11.07,11.39,6.20,6.37,5.90,6.07,0.31,0.67,1.23,5.19,0.65,0.46,12.47,6.63,7.30,0.04,0.29,0.30,0.41,0.41,0.53,2.65,15.71,27.11,melk3
11.41,5.85,2.55,10.58,120.37,51.30,100.00,3.91,0.00,,32.77,,149.83,0.13,3.12,14.02,7.69,1.72,0.02,22.37,4.44,1.17,0.56,,32.77,0.00,0.05,0.95,1.04,,,brbi11
7.03,1.09,0.92,4.05,28.06,15.48,30.86,16.50,18.52,7.54,8.47,5.88,6.60,0.43,0.76,3.27,8.23,1.07,0.39,13.02,7.06,6.25,0.26,1.67,1.87,0.63,0.47,0.53,2.81,7.99,2.29,tris3
12.02,0.27,1.14,3.13,25.70,2.28,31.98,4.47,8.77,5.39,10.58,3.12,6.12,0.42,1.71,1.00,8.21,0.78,1.55,9.51,8.66,3.53,0.83,2.27,4.46,0.99,0.37,0.63,1.75,12.83,15.89,pnvl3
7.20,0.97,2.08,8.12,58.25,13.49,24.70,15.90,17.71,6.90,7.69,5.48,6.11,0.92,3.28,2.30,3.67,1.06,0.94,28.97,14.89,12.84,0.32,0.85,0.95,0.79,0.44,0.55,1.87,20.08,68.13,pomo3
10.65,1.09,2.18,5.98,64.23,10.26,38.55,23.12,36.52,6.74,10.65,2.99,4.72,0.37,2.79,0.49,1.65,0.34,0.34,20.50,9.35,3.82,2.74,3.75,5.92,3.53,0.17,0.78,2.11,11.26,,klbn3
6.35,0.83,1.02,10.48,54.53,13.01,34.04,15.15,19.96,4.28,5.63,4.13,5.45,0.62,1.88,1.23,21.29,3.43,0.75,16.12,13.51,9.84,0.03,0.14,0.19,0.33,0.61,0.39,3.04,2.18,,vlid3
0.04,0.06,0.06,0.00,0.00,142.30,3.27,147.31,121.76,1.10,0.91,0.05,0.04,0.04,0.08,0.05,14.10,20.34,0.62,144.29,456.64,103.75,1.30,1.05,0.87,1.33,0.62,1.75,0.24,5.08,,seql3
41.35,0.38,0.46,0.15,6.23,0.92,33.89,14.50,23.25,4.22,6.77,1.63,2.62,0.18,1.18,0.33,2.41,0.03,0.47,1.10,7.44,0.40,0.72,2.59,4.15,0.93,0.39,0.61,1.48,14.92,31.28,espa3
3.82,0.68,0.55,0.19,0.73,17.89,64.92,21.81,31.66,4.72,6.85,2.16,3.13,0.25,2.55,0.30,20.39,2.95,0.37,14.46,3.08,6.66,0.66,2.56,3.72,0.86,0.46,0.54,2.66,,,vtru3
0.06,0.17,0.01,0.00,0.00,283.89,30.88,74.88,58.35,16.93,13.19,0.30,0.23,0.06,0.02,0.08,81.76,18.84,0.35,23.04,29.38,98.35,0.79,16.63,12.96,0.79,4.27,5.27,0.05,33.93,,pmam3
3.24,11.27,2.92,0.00,0.00,347.62,3.27,281.31,263.71,4.04,3.79,4.28,4.01,1.66,8.73,2.49,0.74,0.67,0.15,90.06,72.88,54.35,0.00,0.00,0.00,0.00,0.57,1.57,0.64,26.48,,rcsl3
5.52,8.90,0.55,9.48,52.07,161.20,97.69,232.52,235.59,7.65,7.75,3.78,3.83,0.28,3.27,0.36,42.57,4.21,0.03,9.88,8.00,5.17,0.56,3.87,3.92,0.63,0.52,0.48,1.70,10.13,21.05,logg3
4.58,1.52,0.90,5.78,19.95,33.17,56.64,36.81,45.31,4.93,6.07,3.35,4.12,0.43,20.51,0.48,7.80,1.54,0.28,19.69,12.82,9.08,0.45,1.67,2.06,0.57,0.47,0.53,1.21,7.83,17.82,sapr3
16.72,1.00,1.21,2.44,39.29,5.97,32.75,7.11,11.09,8.74,13.65,9.00,14.05,0.77,2.91,1.44,24.01,1.73,0.77,7.21,5.88,4.62,0.03,0.26,0.41,0.23,0.64,0.36,2.33,6.26,5.13,mdia3
14.63,1.72,0.93,3.82,115.76,11.78,28.86,17.49,28.20,9.60,15.47,6.11,9.85,0.53,3.89,0.76,21.21,1.34,0.31,6.34,5.49,3.60,0.53,3.48,5.62,0.60,0.57,0.43,1.79,7.79,4.50,agro3
2.86,0.92,0.28,0.00,0.00,32.12,17.14,3.44,29.97,8.59,74.79,3.06,26.66,0.12,2.95,0.13,3.47,0.34,0.13,9.80,0.32,4.19,0.50,5.45,47.45,0.57,0.43,0.57,0.69,41.12,,rnew4
3.85,0.04,0.22,0.00,0.00,1.10,14.15,2.08,3.96,7.06,13.47,1.07,2.04,0.06,0.26,0.13,59.15,3.37,1.34,5.70,4.22,1.48,1.23,5.99,11.43,1.35,0.26,0.74,1.63,,,amob3
10.06,0.87,1.16,3.36,22.60,8.64,32.49,10.41,389.38,0.27,10.12,0.22,8.35,0.77,2.12,1.83,4.00,0.46,0.88,11.52,8.23,7.58,0.25,0.05,1.77,0.35,0.66,0.34,2.63,8.61,4.28,vitt3
7.96,0.55,0.62,9.42,79.79,6.89,27.12,6.38,11.25,8.75,15.44,4.87,8.60,0.30,0.96,0.73,13.19,1.03,0.54,7.79,3.88,3.73,0.49,3.88,6.84,0.66,0.48,0.52,2.07,7.39,11.28,romi3
20.86,2.99,5.45,1.45,23.20,14.33,57.53,20.41,23.74,13.14,15.29,12.59,14.64,3.39,7.22,10.71,3.33,0.87,1.13,26.15,23.54,16.24,0.24,0.55,0.64,0.29,0.62,0.38,3.18,28.39,38.91,tfco4
5.32,0.40,0.87,6.65,34.87,7.56,16.76,11.44,12.96,3.14,3.56,3.10,3.52,0.56,1.21,1.56,9.28,1.51,1.38,16.28,13.81,10.47,0.01,0.03,0.04,0.23,0.64,0.36,3.52,17.03,2.80,dexp3
10.11,0.41,2.13,0.00,0.00,4.03,51.34,12.16,17.31,4.89,6.96,2.36,3.35,0.31,1.47,0.41,0.56,0.12,0.75,21.06,18.95,3.02,2.29,2.53,3.61,2.33,0.14,0.86,0.56,6.72,,amar3
0.23,0.26,4.20,0.00,0.00,112.32,5.17,87.08,78.48,2.34,2.11,0.33,0.30,0.13,1.22,0.21,1.02,18.65,0.50,1823.36,57.54,56.67,25.60,2.01,1.81,26.66,0.03,1.03,1.41,14.13,,aeri3
10.19,1.43,2.88,12.13,120.43,14.07,29.43,18.38,24.21,6.38,8.40,5.92,7.79,1.07,3.98,1.82,24.83,7.03,0.75,28.31,13.19,10.53,0.38,0.77,1.02,1.00,0.37,0.62,2.96,7.89,16.47,unip6
22.20,1.54,1.31,0.24,11.19,6.95,69.08,30.39,47.59,5.25,8.23,3.24,5.08,0.45,3.93,0.60,11.99,0.71,0.29,5.88,9.98,2.22,0.81,2.01,3.15,1.29,0.35,0.65,1.93,,,desk3
6.25,0.97,1.43,10.31,60.85,15.50,18.32,22.09,25.52,4.40,5.08,3.80,4.39,0.64,667.89,0.82,9.95,2.27,0.66,22.84,17.09,10.26,0.43,1.15,1.33,0.54,0.45,0.55,1.00,10.71,17.82,cmig3
11.32,2.98,0.83,3.36,66.23,26.33,63.86,53.76,68.83,10.89,13.94,4.33,5.54,0.44,3.31,0.59,3.44,0.25,0.15,7.29,7.55,3.96,0.42,2.22,2.84,0.81,0.54,0.46,2.16,11.33,11.90,igti3
5.53,0.22,0.31,2.04,33.07,3.95,21.04,2.51,7.55,4.52,13.61,2.89,8.70,0.19,1.20,0.32,13.38,0.76,0.87,5.65,0.03,3.44,0.18,1.63,4.91,0.19,0.61,0.39,1.65,11.59,21.69,eter3
5.73,0.97,1.30,9.91,57.11,16.88,48.70,19.06,22.45,3.69,4.34,4.31,5.08,1.03,2.97,2.08,7.28,1.65,1.07,22.64,20.72,18.04,0.19,0.62,0.73,0.01,0.80,0.20,3.27,21.39,25.88,camb3
7.29,3.02,1.72,7.82,46.48,41.44,61.77,70.52,71.26,7.27,7.34,4.24,4.29,0.61,21.33,0.71,7.37,1.73,0.20,23.53,15.95,8.33,1.24,3.06,3.09,1.35,0.35,0.65,1.24,3.95,4.57,taee4
8.20,15.27,1.42,9.01,75.84,186.37,25.32,206.48,221.89,7.11,7.64,6.88,7.40,1.11,19.53,1.26,8.15,1.41,0.07,17.33,16.97,13.72,0.05,0.22,0.24,0.13,0.78,0.18,2.00,7.21,16.35,itsa3
8.86,0.70,0.87,6.38,53.66,7.87,35.26,10.73,0.00,,6.79,,6.51,0.09,0.82,0.79,16.52,1.62,0.12,9.82,10.90,1.01,,,,,0.10,0.90,1.13,19.97,1.12,sanb3
7.70,0.55,3.23,13.95,131.60,7.11,18.21,7.83,9.23,5.11,6.02,5.93,6.99,0.72,44.16,2.23,1.48,0.62,1.32,41.96,21.72,9.39,0.25,0.46,0.55,0.81,0.22,0.78,0.98,7.27,5.59,whrl4
7.00,0.96,0.83,5.40,37.50,13.73,79.51,22.36,31.54,1.98,2.79,3.05,4.30,0.50,3.69,0.71,1.64,0.19,0.52,11.81,12.88,9.45,0.29,1.07,1.51,0.00,0.60,0.42,1.83,4.58,23.92,lpsb3
7.20,2.98,1.69,7.93,46.48,41.44,61.77,70.52,71.26,7.27,7.34,4.19,4.23,0.60,21.06,0.70,7.37,1.73,0.20,23.53,15.95,8.33,1.24,3.06,3.09,1.35,0.35,0.65,1.24,3.95,4.57,taee3
59.50,0.50,2.46,0.00,0.00,0.85,32.65,13.48,27.91,4.39,9.09,1.80,3.73,0.33,11.02,0.42,1.62,0.07,0.66,4.14,11.74,0.14,3.53,2.59,5.36,4.45,0.13,0.86,0.88,21.46,,alpk3
0.60,0.35,0.31,0.00,0.00,57.81,20.85,40.32,37.58,5.61,5.23,0.92,0.86,0.09,0.25,0.12,4.34,2.22,0.25,51.23,13.79,14.32,1.56,4.69,4.37,1.79,0.28,0.72,0.46,9.39,,tcsa3
7.42,4.63,3.87,0.00,0.00,62.35,93.46,3.17,6.06,88.95,170.00,76.34,145.89,2.77,9.06,4.31,0.78,0.40,0.60,52.13,47.53,39.44,0.20,3.92,7.50,0.00,0.72,0.23,6.84,0.05,10.55,fict3
5.97,,0.74,11.43,71.35,0.00,0.00,0.00,0.00,6.54,6.54,6.38,6.38,0.73,25.93,0.76,22.31,2.75,0.00,12.34,11.54,12.27,0.03,0.29,0.29,0.00,0.99,0.01,6.50,100.00,5.91,brap3
9.66,0.76,0.95,6.41,53.66,7.87,35.26,10.73,0.00,,6.79,,7.09,0.09,0.89,0.86,16.52,1.62,0.12,9.82,10.90,1.01,,,,,0.10,0.90,1.13,19.97,1.12,sanb4
4.93,1.08,0.22,0.00,0.00,21.86,83.42,44.59,36.29,10.30,8.38,2.97,2.42,0.21,0.23,8.58,5.77,0.26,0.19,4.53,9.87,4.25,1.00,13.27,10.80,0.00,0.94,0.06,16.47,7.81,,reag3
2.41,0.09,0.57,0.00,0.00,3.54,18.24,17.36,29.29,3.29,5.55,0.29,0.49,0.04,0.13,0.06,0.65,0.15,0.43,23.47,9.70,1.10,5.81,3.00,5.06,10.10,0.06,0.87,2.72,59.50,,ambp3
4.39,0.25,0.66,0.00,0.00,5.60,34.47,2.60,10.16,9.84,38.51,2.42,9.46,0.12,0.31,0.30,1.48,0.22,0.49,15.06,1.94,2.76,2.03,7.42,29.05,2.59,0.18,0.82,2.80,13.38,,pdtc3
12.50,0.10,0.27,0.00,0.00,0.81,29.30,2.65,5.27,1.93,3.85,1.91,3.80,0.13,5.27,0.19,17.83,0.38,1.27,2.15,6.45,1.03,0.00,0.02,0.05,0.04,0.48,0.52,1.08,19.14,176.62,dmvf3
1.03,0.08,1.58,0.00,0.00,7.47,6.52,1.65,4.60,11.75,32.73,1.68,4.67,0.07,1.14,0.10,4.77,7.29,0.85,152.67,9.65,7.13,9.53,10.14,28.24,12.24,0.04,1.04,1.21,5.83,,brkm3
2.94,0.95,0.29,0.00,0.00,32.12,17.14,3.44,29.97,8.59,74.79,3.15,27.48,0.12,3.04,0.14,3.47,0.34,0.13,9.80,0.32,4.19,0.50,5.45,47.45,0.57,0.43,0.57,0.69,41.12,,rnew3
7.96,1.25,1.50,6.48,50.91,15.64,42.12,21.60,32.11,3.77,5.61,3.88,5.77,1.04,20.25,1.46,11.80,2.22,0.84,18.78,17.30,13.06,0.04,0.11,0.16,0.12,0.70,0.30,1.22,5.32,14.63,csud3
2.88,0.42,0.75,5.67,16.21,14.73,26.60,17.82,38.47,1.54,3.33,1.10,2.38,0.40,6.49,0.66,14.78,3.86,0.93,26.11,21.36,13.77,0.26,0.38,0.82,0.29,0.53,0.47,1.18,18.54,28.03,ealt4
9.57,0.16,0.56,3.21,30.02,1.63,12.41,8.64,13.62,2.11,3.33,1.14,1.80,0.12,0.49,0.20,19.50,1.13,0.80,5.81,13.02,3.80,0.47,0.97,1.52,0.93,0.22,0.37,2.89,9.54,6.74,goau3
9.79,0.46,0.58,4.08,39.71,4.73,12.41,8.66,13.69,4.76,7.52,3.38,5.35,0.37,1.47,0.60,27.08,1.61,0.80,5.95,6.70,3.80,0.17,0.96,1.52,0.33,0.63,0.37,2.89,9.54,6.69,ggbr3
4.40,0.21,339.44,0.00,0.00,4.73,41.02,13.83,15.60,2.29,2.58,1.33,1.50,0.35,18.98,0.75,0.00,0.28,1.67,7721.40,49.19,7.90,277.35,1.09,1.23,400.27,0.00,1.00,0.97,5.97,12.75,bobr4
6.04,0.51,0.57,4.38,26.49,8.47,35.05,14.79,18.14,3.95,4.85,2.82,3.46,0.33,1.69,0.52,29.45,2.79,0.64,9.49,10.27,5.45,0.20,0.99,1.21,0.34,0.57,0.43,2.11,11.20,12.41,euca4
6.67,0.95,1.00,3.68,24.52,14.18,54.89,16.25,19.91,5.10,6.25,4.75,5.82,0.61,1.33,1.80,6.52,0.97,0.64,14.95,10.75,9.08,0.07,0.35,0.43,0.23,0.61,0.39,3.17,12.49,,tecn3
0.08,0.02,0.02,0.00,0.00,19.19,14.43,20.96,20.43,0.05,0.05,0.08,0.08,0.01,0.04,0.30,109.81,24.51,0.84,22.32,24.37,16.12,0.01,0.03,0.03,0.00,0.72,1.72,0.76,42.03,,rpmg3
5.90,0.45,0.55,3.76,21.67,7.56,35.63,9.15,12.00,6.71,8.79,3.72,4.87,0.27,1.05,0.65,10.06,0.94,0.61,9.29,6.64,4.62,0.48,3.23,4.24,0.63,0.50,0.50,1.81,2.44,14.79,tasa3
1.58,0.46,0.37,0.00,0.00,29.15,17.87,18.99,24.38,10.29,13.21,1.89,2.43,0.08,1.49,0.11,2.44,0.58,0.18,23.58,3.57,5.12,1.66,8.40,10.78,1.68,0.22,0.78,0.83,9.58,,lupa3
8.94,0.39,0.66,4.64,35.13,4.38,17.55,13.41,21.47,4.44,7.11,1.83,2.92,0.23,1.52,0.29,44.01,3.25,0.58,7.40,10.88,2.56,1.03,2.85,4.56,1.07,0.35,0.65,0.57,8.58,7.91,coce5
65.92,0.33,0.43,15.26,997.61,0.49,35.47,4.13,3.79,16.54,15.17,8.59,7.88,0.21,4.35,0.29,2.79,0.02,0.64,0.65,6.31,0.32,0.40,7.95,7.29,0.61,0.49,0.51,1.21,10.12,,ucas3
7.66,0.85,0.53,0.00,0.00,11.11,58.13,15.24,5.94,7.41,2.89,14.31,5.58,0.40,1.96,0.62,48.27,3.36,0.46,6.95,10.01,5.16,0.26,6.91,2.69,0.04,0.74,0.26,2.28,5.38,,ngrd3
7.68,0.54,0.63,0.00,0.00,7.04,27.68,9.63,17.02,4.72,8.34,3.18,5.62,0.23,23.39,0.31,8.95,0.73,0.43,8.17,6.96,2.44,0.30,1.54,2.72,0.41,0.37,0.62,1.04,5.76,,aalr3
9.85,0.96,1.85,4.00,38.89,9.73,25.14,17.94,23.62,6.67,8.78,4.06,5.34,0.42,10.07,0.55,7.96,1.49,0.44,18.74,10.48,5.49,1.60,3.51,4.62,2.07,0.23,0.71,1.23,11.55,22.10,engi3
0.39,0.06,0.22,0.00,0.00,14.16,3.26,5.22,3.48,0.17,0.11,1.60,1.07,0.07,0.64,0.30,20.73,11.83,1.32,57.04,48.29,18.75,0.25,1.77,1.18,0.03,0.33,1.33,0.87,15.24,,fher3
43.35,8.22,0.97,0.97,42.70,18.95,94.68,31.58,35.25,24.19,27.01,23.31,26.02,0.77,29.46,0.79,7.61,0.17,0.09,2.23,3.23,1.77,0.04,0.89,0.99,0.06,0.79,0.21,0.57,,,land3
8.59,0.18,0.64,20.11,172.99,2.07,11.61,3.27,4.22,5.16,6.66,4.22,5.45,0.29,0.92,1.02,15.81,1.18,1.61,7.44,7.23,3.34,0.14,0.94,1.21,0.30,0.45,0.55,1.76,2.65,7.83,alld3
9.85,2.37,1.19,2.93,28.29,24.01,69.38,65.43,69.56,6.69,7.12,3.40,3.62,0.33,2.94,0.41,8.67,1.05,0.14,12.11,13.01,5.85,1.06,3.02,3.21,1.49,0.27,0.62,2.13,6.78,2.27,alup4
3.69,0.77,0.61,10.49,38.45,20.75,14.87,22.77,0.00,,3.33,,3.37,0.07,0.56,0.08,125.37,20.84,0.10,16.62,18.05,1.98,0.01,,0.04,0.00,0.12,1.00,0.27,42.72,34.48,baza3
33.62,0.27,0.36,5.25,176.50,0.80,26.91,6.09,28.80,0.30,1.41,0.93,4.41,0.16,0.69,0.32,9.97,0.11,0.61,1.08,6.48,0.49,0.20,0.53,2.49,0.00,0.45,0.55,1.90,,,lvtc3
2.54,0.16,0.22,5.81,13.77,6.35,33.39,15.26,35.52,3.41,7.94,0.46,1.06,0.07,0.19,0.08,19.54,1.67,0.45,8.57,6.55,3.35,1.42,2.95,6.88,1.50,0.34,0.67,0.16,3.65,,tpis3
0.78,0.27,0.32,0.00,0.00,33.99,27.02,0.02,4.06,1.52,411.97,6.55,1770.31,0.10,1.10,0.24,19.08,7.72,0.38,40.48,2.53,13.01,0.24,5.02,1358.35,0.50,0.32,0.67,1.19,30.82,,show3
3.95,6.88,1.31,0.00,0.00,173.99,26.49,180.59,153.26,4.05,3.44,4.49,3.81,1.07,2.41,2.28,4.67,1.55,0.16,33.16,35.26,26.97,0.13,0.44,0.37,0.00,0.82,0.09,6.24,,,trad3
38.92,1.62,0.48,0.00,0.00,4.16,38.83,18.85,79.31,1.03,4.32,2.04,8.60,0.18,0.44,0.35,16.60,0.20,0.11,1.23,5.56,0.46,0.88,3.75,15.78,0.01,0.37,0.63,5.71,11.52,,telb4
23.59,2.89,0.76,8.75,204.08,12.25,42.35,20.73,34.96,13.52,22.80,8.26,13.93,0.40,2.07,0.55,26.48,0.86,0.14,3.23,2.22,9.60,0.48,5.25,8.86,0.70,0.53,0.47,3.68,3.50,25.60,scar3
7.37,0.58,1.16,6.55,43.96,7.81,31.53,10.44,0.00,,5.51,,5.51,0.07,0.48,0.28,6.80,1.07,0.12,15.77,15.77,0.96,,,,,0.06,0.94,0.84,24.58,9.95,bees3
0.23,16.27,0.04,0.00,0.00,6990.85,44.73,3320.15,3143.96,9.74,9.22,0.52,0.49,0.06,0.04,0.06,33.59,5.07,0.00,15.09,19.97,24.89,0.63,9.22,8.74,0.63,1.63,2.63,0.08,2.07,,inep3
0.86,6.93,0.10,0.00,0.00,808.94,830.11,402.10,117.11,38.06,11.09,5.92,1.72,0.08,0.50,0.11,46.94,5.58,0.01,11.89,21.71,9.84,0.65,37.64,10.96,0.72,0.83,1.83,0.59,52.36,,oibr4
5.28,0.83,0.66,10.55,46.93,15.78,52.41,10.34,18.22,3.34,5.90,4.57,8.06,0.48,1.70,0.85,46.11,5.72,0.57,12.41,7.36,9.03,0.18,1.24,2.19,0.00,0.73,0.27,2.75,10.66,10.67,cgra4
11.03,2.65,1.34,2.56,28.29,24.01,69.38,65.43,69.56,6.69,7.12,3.81,4.05,0.37,3.29,0.46,8.67,1.05,0.14,12.11,13.01,5.85,1.06,3.02,3.21,1.49,0.27,0.62,2.13,6.78,2.27,alup3
0.23,15.86,0.03,0.00,0.00,6990.85,44.73,3320.15,3143.96,9.74,9.22,0.50,0.48,0.06,0.04,0.06,33.59,5.07,0.00,15.09,19.97,24.89,0.63,9.22,8.74,0.63,1.63,2.63,0.08,2.07,,inep4
6.96,0.17,0.92,0.00,0.00,2.47,14.66,6.39,6.74,3.18,3.35,2.56,2.69,0.29,1.19,1.10,3.27,0.43,1.68,13.15,20.19,4.16,0.22,0.62,0.65,0.36,0.32,0.68,1.50,25.05,10.55,nutr3
4.97,0.33,0.80,4.59,27.82,6.56,40.59,9.53,0.00,,3.13,,3.42,0.04,0.05,0.51,10.98,1.77,0.13,16.16,18.66,0.89,0.06,,0.26,0.00,0.05,0.95,30.80,32.57,7.99,bsli3
7.84,22.07,1.57,42.93,377.50,281.72,19.73,114.92,85.97,24.48,18.32,25.68,19.21,1.13,14.51,1.28,2.75,0.55,0.05,20.08,24.31,14.47,0.07,1.19,0.89,0.00,0.72,0.28,3.21,63.56,,epar3
14.67,7.11,4.15,0.00,0.00,48.44,12.50,49.54,44.11,16.61,14.79,16.11,14.35,2.36,8.05,4.49,1.88,0.53,0.33,28.30,189.70,16.11,0.13,0.50,0.44,0.45,0.57,0.43,2.64,18.83,,biom3
0.61,0.04,0.22,0.00,0.00,6.35,7.11,21.07,12.13,3.17,1.82,0.32,0.19,0.04,0.11,0.07,26.74,9.47,0.91,35.41,49.85,6.51,1.92,2.84,1.64,2.23,0.16,0.84,3.09,8.49,,agxy3
8.53,0.81,3.93,12.26,59.27,9.53,27.36,22.31,26.70,5.76,6.89,3.04,3.64,0.61,31.90,0.85,10.42,4.80,0.75,46.11,18.73,7.16,3.53,2.73,3.27,3.92,0.16,0.87,1.07,7.42,9.48,ektr4
1005.89,0.46,0.51,0.03,30.01,0.05,63.15,8.45,19.80,3.67,8.60,2.31,5.41,0.32,3.71,0.46,9.18,0.00,0.69,0.05,7.04,0.03,0.30,1.36,3.18,0.33,0.62,0.38,1.38,14.12,,vste3
6.69,0.31,0.49,5.34,33.74,4.69,14.84,6.42,11.24,4.92,8.62,2.79,4.88,0.24,0.71,0.55,11.03,0.80,0.77,7.28,5.75,4.53,0.27,1.53,2.68,0.73,0.50,0.50,2.56,7.95,11.66,ptnt4
10.65,0.85,2.82,2.17,21.50,7.94,47.17,4.07,0.00,,18.10,,20.81,0.20,1.40,0.73,19.74,5.23,0.23,26.49,12.68,1.89,,,,,0.07,0.93,0.84,25.30,30.09,bmeb4
8.87,2.37,1.87,3.41,30.19,26.76,19.74,30.29,0.00,,16.32,,7.84,0.22,14.74,1.66,5.54,1.17,0.09,21.05,22.82,2.46,,,,,0.12,0.88,0.98,30.59,32.53,bpac5
7.35,0.57,1.16,6.59,43.96,7.81,31.53,10.44,0.00,,5.51,,5.50,0.07,0.48,0.28,6.80,1.07,0.12,15.77,15.77,0.96,,,,,0.06,0.94,0.84,24.58,9.95,bees4
1.36,0.56,0.38,0.00,0.00,40.92,26.78,34.75,34.12,2.03,2.00,1.64,1.61,0.13,1.63,0.24,2.15,0.60,0.24,27.93,20.36,8.33,0.09,0.40,0.39,0.26,0.35,0.63,1.23,5.07,,vivr3
10.31,0.16,0.66,4.40,45.45,1.53,25.85,9.11,12.35,5.83,7.90,1.28,1.73,0.12,0.44,0.24,8.74,0.56,0.74,6.45,8.66,2.53,2.37,4.55,6.17,2.93,0.18,0.75,2.04,19.16,11.93,rapt3
136.45,0.60,0.43,0.00,0.00,0.44,82.44,8.50,24.70,3.49,10.13,2.41,7.00,0.47,0.59,0.91,18.47,0.06,0.80,0.31,6.38,0.35,0.19,1.08,3.13,0.40,1.11,2.11,0.37,,,dotz3
37.54,1.15,3.21,0.00,0.00,3.07,16.12,13.35,23.38,6.97,12.21,4.93,8.63,0.85,22.97,1.17,9.77,0.84,0.74,8.56,10.32,2.25,1.33,2.04,3.57,1.61,0.26,0.74,1.16,20.95,47.04,logn3
4.81,0.32,0.78,5.32,27.82,6.56,40.59,9.53,0.00,,3.13,,3.31,0.04,0.05,0.49,10.98,1.77,0.13,16.16,18.66,0.89,0.06,,0.26,0.00,0.05,0.95,30.80,32.57,7.99,bsli4
6.88,1.03,1.63,3.30,20.59,14.95,40.78,21.57,23.29,1.38,1.49,4.42,4.77,0.98,2.94,2.25,41.78,9.91,0.95,23.72,21.91,14.26,0.16,0.43,0.47,0.06,0.60,0.40,2.44,15.56,,rsul4
55.09,2.29,0.68,0.00,0.00,4.16,38.83,18.85,79.31,1.03,4.32,2.89,12.17,0.25,0.62,0.50,16.60,0.20,0.11,1.23,5.56,0.46,0.88,3.75,15.78,0.01,0.37,0.63,5.71,11.52,,telb3
0.01,0.11,0.00,0.00,0.00,1867.14,98.79,1337.01,1314.56,7.38,7.26,0.01,0.01,0.01,0.01,0.01,2827.34,436.87,0.05,15.45,74.67,115.70,0.80,7.38,7.25,0.80,6.37,7.38,0.02,49.00,,osxb3
0.08,0.09,0.19,0.00,0.00,122.47,31.24,104.02,95.42,1.54,1.41,0.10,0.09,0.02,0.06,0.28,7.75,19.73,0.25,254.62,119.17,31.13,2.85,1.44,1.32,2.92,0.12,1.25,1.66,46.93,,jfen3
7.03,0.50,2.95,13.70,131.60,7.11,18.21,7.83,9.23,5.11,6.02,5.41,6.38,0.66,40.29,2.04,1.48,0.62,1.32,41.96,21.72,9.39,0.25,0.46,0.55,0.81,0.22,0.78,0.98,7.27,5.59,whrl3
6.29,0.61,1.18,6.49,38.89,9.73,25.14,17.94,23.62,6.67,8.78,2.59,3.41,0.27,6.43,0.35,7.96,1.49,0.44,18.74,10.48,5.49,1.60,3.51,4.62,2.07,0.23,0.71,1.23,11.55,22.10,engi4
6.21,0.30,0.53,8.83,54.69,4.86,30.91,5.52,0.00,,5.33,,5.47,0.04,0.69,0.59,26.49,2.27,0.12,8.57,8.58,0.59,,,,,0.07,0.93,1.06,18.37,5.02,brsr3
4.89,0.43,2.18,0.00,0.00,8.73,36.73,21.47,21.69,5.29,5.35,1.97,1.99,0.21,3.89,0.35,0.69,0.31,0.50,44.56,21.35,2.74,3.68,3.32,3.36,5.24,0.10,1.07,0.88,30.65,,avll3
4.43,0.40,0.28,0.00,0.00,9.13,39.61,17.88,7.27,3.34,1.36,5.56,2.26,0.21,0.55,0.50,19.73,1.26,0.52,6.41,12.68,4.76,0.45,8.90,3.62,0.04,0.74,0.26,3.00,8.80,,west3
8.23,3.69,1.50,16.25,138.90,44.81,49.37,54.36,55.77,4.52,4.64,6.61,6.78,1.09,2.35,2.36,14.93,2.73,0.30,18.27,16.85,16.67,0.54,2.36,2.42,0.00,0.73,0.11,7.50,21.05,11.92,cebr3
8.27,3.70,1.51,16.41,138.90,44.81,49.37,54.36,55.77,4.52,4.64,6.64,6.81,1.10,2.36,2.37,14.93,2.73,0.30,18.27,16.85,16.67,0.54,2.36,2.42,0.00,0.73,0.11,7.50,21.05,11.92,cebr5
6.92,1.08,2.69,11.76,92.64,15.66,28.86,20.98,25.49,5.83,7.09,4.25,5.17,0.70,123.50,1.03,2.11,0.82,0.65,38.85,19.63,10.13,1.00,1.58,1.92,1.46,0.26,0.74,0.98,14.57,20.37,eqpa3
6.79,0.36,1.06,10.03,20.22,5.37,16.60,10.69,13.91,4.93,6.41,2.62,3.41,0.32,6.07,0.44,100.50,15.75,0.87,15.67,12.80,4.67,0.98,2.41,3.14,1.08,0.30,0.70,1.23,5.02,3.21,clsc4
6.50,0.53,1.63,7.65,36.33,8.17,18.48,11.96,0.00,,4.61,,4.43,0.06,0.08,0.64,5.13,1.29,0.12,25.06,29.76,0.97,,,,,0.04,0.96,12.26,40.22,,pine3
24.12,6.45,5.08,1.28,30.19,26.76,19.74,30.29,0.00,,16.32,,21.30,0.59,40.08,4.51,5.54,1.17,0.09,21.05,22.82,2.46,,,,,0.12,0.88,0.98,30.59,32.53,bpac3
3.16,1.02,0.31,0.00,0.00,32.12,17.14,3.44,29.97,8.59,74.79,3.39,29.52,0.13,3.27,0.15,10.42,1.02,0.13,9.80,0.32,4.19,0.50,5.45,47.45,0.57,0.43,0.57,0.69,41.12,,rnew11
77.59,0.71,0.88,0.00,0.00,0.91,3.76,3.53,0.66,81.42,15.33,106.20,19.99,0.57,1.46,1.52,20.22,0.23,0.81,1.13,4.93,0.73,0.16,19.71,3.71,0.01,0.65,0.35,2.66,0.02,,crpg5
8.99,1.09,1.79,3.43,29.97,12.14,51.27,17.54,21.09,6.31,7.59,5.17,6.22,0.89,2.11,2.38,12.19,2.43,0.81,19.90,13.34,9.86,0.39,1.14,1.37,0.62,0.50,0.50,3.01,8.10,7.84,ofsa3
4.98,0.60,1.26,14.67,39.16,12.01,31.19,23.50,29.68,5.25,6.63,2.02,2.55,0.32,36.59,0.39,32.69,8.27,0.54,25.29,16.03,6.25,1.84,2.95,3.73,1.98,0.26,0.74,0.95,9.83,11.33,ceeb3
5.31,0.84,0.66,10.44,46.93,15.78,52.41,10.34,18.22,3.34,5.90,4.60,8.11,0.48,1.71,0.86,46.11,5.72,0.57,12.41,7.36,9.03,0.18,1.24,2.19,0.00,0.73,0.27,2.75,10.66,10.67,cgra3
21.97,2.34,1.16,0.00,0.00,10.67,37.65,1.62,3.28,138.31,280.26,71.38,144.62,0.67,2.67,0.94,34.18,1.81,0.28,5.28,0.49,3.04,0.20,12.04,24.40,0.00,0.58,0.42,6.96,6.95,19.58,emae4
0.08,0.16,0.16,0.00,0.00,186.02,41.20,202.49,205.05,0.04,0.04,0.08,0.08,0.30,0.36,0.65,20.51,40.23,1.93,196.12,207.93,359.66,0.08,0.04,0.04,0.01,1.83,2.82,0.39,10.78,,nexp3
10.48,1.19,9.79,7.98,33.97,11.35,24.14,20.59,25.41,6.61,8.16,4.68,5.78,1.17,15.82,1.61,12.94,12.09,0.98,93.41,20.95,11.13,4.23,2.02,2.50,5.01,0.12,0.88,1.37,11.16,6.85,cgas5
4.30,0.33,0.61,11.04,44.47,7.76,32.84,11.92,0.00,,2.97,,2.80,0.04,0.79,0.71,45.17,6.41,0.11,14.19,18.75,0.88,,,,,0.06,0.94,1.05,19.31,16.96,bgip4
27.63,1.65,1.74,0.92,26.72,5.97,46.65,5.85,11.31,14.30,27.65,14.59,28.21,1.16,4.26,2.27,6.05,0.38,0.70,6.29,4.74,4.18,0.04,0.37,0.71,0.17,0.67,0.33,2.25,5.29,15.31,alpa3
8.62,1.21,2.44,12.97,120.43,14.07,29.43,18.38,24.21,6.38,8.40,5.01,6.60,0.91,3.37,1.54,24.83,7.03,0.75,28.31,13.19,10.53,0.38,0.77,1.02,1.00,0.37,0.62,2.96,7.89,16.47,unip3
6.02,0.04,1.72,0.00,0.00,0.59,12.31,6.16,8.30,8.69,11.71,0.43,0.58,0.05,0.58,0.08,3.60,1.03,1.39,28.66,9.93,0.83,26.35,6.58,8.86,27.29,0.03,0.97,1.27,12.94,,mgel4
1.13,0.52,0.24,0.00,0.00,45.70,22.40,15.55,5.39,33.69,11.68,9.57,3.32,0.09,1.08,0.13,9.13,1.95,0.17,21.36,4.49,7.79,0.76,30.33,10.51,0.91,0.36,0.64,1.37,25.62,,ctsa4
0.63,0.80,1.71,0.00,0.00,126.31,29.49,47.47,49.60,1.11,1.16,1.61,1.68,0.77,2.22,1.60,2.70,7.30,0.96,270.69,33.95,121.03,0.53,0.50,0.53,0.00,0.45,0.55,2.98,9.57,99.12,mnpr3
9.04,4.05,1.65,16.43,138.90,44.81,49.37,54.36,55.77,4.52,4.64,7.26,7.45,1.20,2.58,2.59,14.93,2.73,0.30,18.27,16.85,16.67,0.54,2.36,2.42,0.00,0.73,0.11,7.50,21.05,11.92,cebr6
9.49,0.71,3.05,10.44,99.81,7.48,25.42,18.21,23.22,6.18,7.87,3.06,3.90,0.42,5.44,0.57,2.07,0.66,0.59,32.11,13.18,5.97,3.11,3.12,3.98,4.00,0.14,0.80,1.40,10.65,9.14,rede3
6.55,0.85,1.03,12.04,53.49,13.02,62.09,20.86,23.21,2.65,2.95,3.67,4.09,0.65,1.25,2.39,18.52,2.90,0.76,15.66,17.58,10.23,0.34,1.21,1.34,0.12,0.63,0.37,3.46,6.03,12.34,balm4
0.63,0.21,0.45,0.00,0.00,33.02,16.57,0.57,1.95,71.09,244.50,10.75,36.98,0.07,0.35,0.13,4.45,3.18,0.32,71.56,1.44,10.14,2.55,60.33,207.52,2.82,0.15,0.84,1.63,5.89,,rdni3
6.58,2.62,1.04,7.26,47.90,39.74,39.29,58.41,58.84,6.37,6.42,4.44,4.48,0.49,3.89,0.57,31.27,4.93,0.19,15.76,12.90,7.52,0.60,2.55,2.57,0.68,0.47,0.52,5.95,17.19,0.47,isae3
9.19,,0.58,0.00,0.00,0.00,0.00,0.00,0.00,,8.08,,9.26,4.81,65.29,4.81,7.04,0.44,0.00,6.26,6.21,52.33,0.00,,0.00,0.00,8.36,9.36,0.02,100.00,,mapt4
16.10,1.72,3.34,1.42,21.75,10.69,25.06,8.25,10.16,5.76,7.10,16.93,20.87,2.33,8.91,5.15,26.02,5.40,1.36,20.76,14.61,14.49,0.43,2.19,2.70,0.00,0.70,0.30,1.92,6.69,3.77,bauh4
8.42,0.80,3.88,11.09,59.27,9.53,27.36,22.31,26.70,5.76,6.89,3.01,3.60,0.60,31.50,0.84,10.42,4.80,0.75,46.11,18.73,7.16,3.53,2.73,3.27,3.92,0.16,0.87,1.07,7.42,9.48,ektr3
12.47,2.69,1.86,14.78,41.97,21.58,39.95,36.31,69.30,3.95,7.54,3.88,7.41,0.92,13.53,1.16,18.60,2.78,0.34,14.92,12.65,7.36,0.04,0.08,0.15,0.37,0.49,0.51,0.76,3.50,17.88,gepa4
5.29,0.40,0.86,6.91,34.87,7.56,16.76,11.44,12.96,3.14,3.56,3.09,3.50,0.55,1.20,1.56,9.28,1.51,1.38,16.28,13.81,10.47,0.01,0.03,0.04,0.23,0.64,0.36,3.52,17.03,2.80,dexp4
17.78,6.40,0.76,3.93,67.64,36.01,56.77,33.27,48.50,12.28,17.90,13.20,19.25,0.54,3.39,0.67,48.11,2.07,0.08,4.30,3.04,3.03,0.03,0.60,0.88,0.17,0.70,0.30,6.02,9.69,39.03,peab4
3.24,0.48,0.85,4.59,16.21,14.73,26.60,17.82,38.47,1.54,3.33,1.24,2.68,0.45,7.30,0.74,14.78,3.86,0.93,26.11,21.36,13.77,0.26,0.38,0.82,0.29,0.53,0.47,1.18,18.54,28.03,ealt3
11.03,0.52,0.80,3.06,33.74,4.69,14.84,6.42,11.24,4.92,8.62,4.60,8.05,0.40,1.17,0.91,11.03,0.80,0.77,7.28,5.75,4.53,0.27,1.53,2.68,0.73,0.50,0.50,2.56,7.95,11.66,ptnt3
1.33,0.61,0.28,0.00,0.00,45.70,22.40,15.55,5.39,33.69,11.68,11.26,3.90,0.10,1.27,0.15,9.13,1.95,0.17,21.36,4.49,7.79,0.76,30.33,10.51,0.91,0.36,0.64,1.37,25.62,,ctsa3
25.62,,0.38,0.19,47.36,0.00,0.00,0.00,0.00,63.56,41.93,66.34,43.76,0.38,8.11,0.40,12.84,0.19,0.00,1.50,0.83,1.49,0.05,8.50,5.61,0.00,1.00,0.00,14.69,100.00,13.69,rpad3
0.13,0.42,0.04,0.00,0.00,327.60,28.74,311.91,311.65,1.47,1.47,0.13,0.13,0.07,0.12,0.14,47.95,13.63,0.17,28.42,101.01,54.92,0.36,1.34,1.34,0.39,1.93,2.93,0.45,2.06,,rsid3
1.24,0.10,0.16,0.00,0.00,8.43,18.53,8.44,11.86,8.52,11.97,0.88,1.24,0.07,1.25,0.10,55.34,7.25,0.68,13.09,19.45,5.75,1.41,7.64,10.73,1.67,0.44,1.44,1.22,10.78,,ceed3
65.39,0.59,0.74,0.00,0.00,0.91,3.76,3.53,0.66,81.42,15.33,89.49,16.85,0.48,1.23,1.28,20.22,0.23,0.81,1.13,4.93,0.73,0.16,19.71,3.71,0.01,0.65,0.35,2.66,0.02,,crpg3
15.74,0.47,0.27,0.00,0.00,3.02,21.28,5.59,3.88,10.26,7.14,12.22,8.49,0.20,0.39,1.84,4.30,0.07,0.43,1.70,398.08,1.30,0.56,25.45,17.70,0.41,0.76,1.76,2.46,0.66,31.05,haga4
0.82,0.48,2.62,0.00,0.00,58.28,68.48,77.70,82.91,0.38,0.41,0.58,0.62,0.17,2.42,0.21,1.88,5.98,0.36,318.74,389.02,21.15,0.92,0.20,0.22,0.00,0.07,1.13,0.73,39.15,,hoot4
12.27,1.72,1.58,12.24,37.72,14.02,24.48,14.91,17.56,8.89,10.47,9.80,11.54,1.31,2.98,3.09,111.44,14.38,0.76,12.90,10.25,10.71,0.16,1.00,1.18,0.01,0.83,0.17,4.30,10.63,27.05,tkno3
8.71,0.69,0.80,6.21,38.83,7.90,24.19,7.82,10.58,6.37,8.62,6.50,8.80,0.64,1.08,2.80,53.43,4.88,0.94,9.13,3.64,7.39,0.31,2.52,3.40,0.06,0.81,0.19,4.51,8.11,5.61,mtsa4
6.94,0.59,0.66,3.62,26.49,8.47,35.05,14.79,18.14,3.95,4.85,3.24,3.97,0.38,1.94,0.60,29.45,2.79,0.64,9.49,10.27,5.45,0.20,0.99,1.21,0.34,0.57,0.43,2.11,11.20,12.41,euca3
43.43,,1.03,73.33,3895.34,0.00,0.00,0.00,0.00,3.83,4.20,6.93,7.61,0.46,1.05,1.13,73.01,1.74,0.00,2.38,15.61,1.05,0.46,3.10,3.41,0.81,0.44,0.56,3.68,100.00,,moar3
9.98,1.40,2.82,12.46,120.43,14.07,29.43,18.38,24.21,6.38,8.40,5.80,7.63,1.05,3.90,1.78,24.83,7.03,0.75,28.31,13.19,10.53,0.38,0.77,1.02,1.00,0.37,0.62,2.96,7.89,16.47,unip5
4.18,0.51,1.70,14.16,0.00,12.22,31.29,17.62,20.24,2.03,2.33,2.52,2.90,0.93,3.69,2.22,26.13,10.61,1.82,40.60,37.24,22.41,0.54,0.81,0.93,0.00,0.55,0.45,1.76,27.11,4.47,sond5
10.20,1.16,9.53,7.45,33.97,11.35,24.14,20.59,25.41,6.61,8.16,4.56,5.62,1.14,15.40,1.56,12.94,12.09,0.98,93.41,20.95,11.13,4.23,2.02,2.50,5.01,0.12,0.88,1.37,11.16,6.85,cgas3
5.29,1.12,0.97,4.28,18.99,21.15,43.15,35.63,50.71,3.84,5.46,2.21,3.14,0.40,34.92,0.48,24.21,4.44,0.36,18.34,13.13,7.55,0.59,1.35,1.91,0.87,0.41,0.59,0.94,14.64,28.54,mrsa5b
24.80,0.20,1.32,0.00,0.00,0.81,36.85,12.73,14.33,4.89,5.50,1.39,1.57,0.14,1.54,0.24,15.15,0.81,0.69,5.32,18.47,0.56,3.30,3.49,3.93,3.33,0.10,0.90,0.82,14.06,,mndl3
1.62,0.12,0.38,0.00,0.00,7.15,27.57,12.87,15.45,3.46,4.15,0.75,0.90,0.12,2.55,0.21,30.25,7.11,1.03,23.49,13.58,7.38,1.31,2.58,3.09,1.35,0.31,0.68,1.13,9.94,,cedo4
6.18,0.24,0.87,9.03,53.53,3.83,12.90,6.68,6.93,5.23,5.42,3.42,3.54,0.47,1.70,1.12,22.11,3.12,1.99,14.11,11.43,7.61,0.44,1.73,1.80,0.56,0.54,0.46,1.91,24.53,15.85,wlmm4
2.51,13.04,0.75,7.80,19.60,518.65,29.89,23.88,23.05,11.93,11.52,56.58,54.60,0.58,0.85,3.82,569.45,169.05,0.04,29.69,15.70,23.24,0.59,44.64,43.08,0.01,0.78,0.22,5.35,7.42,85.73,bmks3
12.00,1.53,1.43,5.34,76.86,12.75,21.84,19.62,25.74,9.23,12.11,5.95,7.80,0.60,25.47,0.75,8.58,1.02,0.39,11.89,8.79,4.99,0.66,2.76,3.63,0.78,0.42,0.58,1.13,4.89,4.97,cple5
456.34,,253.32,0.00,0.00,0.00,0.00,0.00,0.00,,456.34,,456.34,2.83,,253.32,0.00,0.00,0.00,55.51,55.51,0.62,0.00,,0.00,0.00,0.01,0.99,1.00,100.00,,ppla11
12.52,1.76,1.62,11.89,37.72,14.02,24.48,14.91,17.56,8.89,10.47,9.99,11.77,1.34,3.04,3.15,111.44,14.38,0.76,12.90,10.25,10.71,0.16,1.00,1.18,0.01,0.83,0.17,4.30,10.63,27.05,tkno4
9.81,0.37,1.02,8.23,80.70,3.74,12.02,5.81,6.88,5.42,6.42,5.33,6.31,0.52,1.31,1.87,32.34,3.37,1.42,10.42,7.65,5.32,0.01,0.06,0.07,0.52,0.51,0.49,2.22,8.49,15.06,pati3
27.24,0.82,0.46,0.00,0.00,3.02,21.28,5.59,3.88,10.26,7.14,21.14,14.70,0.35,0.67,3.18,4.30,0.07,0.43,1.70,398.08,1.30,0.56,25.45,17.70,0.41,0.76,1.76,2.46,0.66,31.05,haga3
1.88,0.30,6.29,0.00,0.00,16.19,46.04,13.47,16.23,4.99,6.01,1.88,2.26,0.31,1.02,0.93,5.72,19.13,1.03,334.31,14.09,16.65,10.41,3.11,3.75,12.07,0.05,0.95,1.87,14.03,8.07,ctka4
2.22,0.34,0.92,0.00,0.00,15.36,19.41,12.54,12.87,2.59,2.66,2.65,2.72,0.42,1.30,0.75,29.44,12.15,1.24,41.26,31.12,19.10,0.04,0.11,0.11,0.01,0.46,0.54,4.03,25.91,,aheb3
0.56,0.20,0.04,0.00,0.00,35.52,18.85,40.94,38.06,8.73,8.12,0.52,0.49,0.02,0.04,0.04,153.41,12.22,0.11,7.96,47.25,5.51,0.69,8.12,7.55,0.73,0.47,1.47,0.44,21.99,,bdll4
0.38,0.05,0.10,0.00,0.00,14.34,12.04,1.85,2.26,12.55,15.31,2.39,2.91,0.10,0.16,0.14,50.46,13.29,1.85,26.34,12.94,26.53,0.42,10.16,12.39,0.45,1.01,2.01,0.33,25.55,,plas3
8.91,3.71,0.44,18.73,85.97,41.66,28.25,46.46,43.73,15.26,14.36,8.49,7.99,0.17,11.85,0.19,72.20,3.54,0.05,4.90,4.56,1.92,0.35,6.77,6.38,0.45,0.39,0.61,1.17,5.14,87.59,hbts5
14.26,1.62,1.15,4.13,62.74,11.38,17.41,4.02,14.25,6.75,23.92,11.38,40.37,0.91,3.04,1.57,9.54,0.77,0.56,8.09,2.21,6.38,0.20,1.98,7.01,0.09,0.79,0.21,3.46,8.10,31.26,fesa3
2.11,0.15,0.50,0.00,0.00,7.15,27.57,12.87,15.45,3.46,4.15,0.98,1.17,0.16,3.33,0.27,30.25,7.11,1.03,23.49,13.58,7.38,1.31,2.58,3.09,1.35,0.31,0.68,1.13,9.94,,cedo3
1.86,0.30,0.08,0.00,0.00,16.12,39.42,3.79,2.26,65.09,38.81,13.29,7.93,0.14,0.06,0.22,73.28,3.21,0.45,4.38,1.28,7.31,0.48,77.67,46.30,0.19,1.67,2.67,0.15,3.02,,estr4
5.38,0.66,2.19,10.98,0.00,12.22,31.29,17.62,20.24,2.03,2.33,3.25,3.73,1.20,4.76,2.86,26.13,10.61,1.82,40.60,37.24,22.41,0.54,0.81,0.93,0.00,0.55,0.45,1.76,27.11,4.47,sond6
1.75,0.45,0.41,7.26,12.43,25.87,27.58,13.83,24.89,1.13,2.03,1.82,3.27,0.28,4.16,0.35,7.72,1.79,0.63,23.25,0.55,16.29,0.01,0.03,0.05,0.12,0.70,0.30,1.61,6.63,34.67,luxm4
15.02,5.69,1.82,5.84,118.97,37.91,72.65,60.86,61.32,9.07,9.14,9.28,9.35,1.23,5.89,1.81,4.05,0.49,0.22,12.10,12.40,9.26,0.04,0.21,0.22,0.11,0.68,0.32,2.90,17.79,13.28,aflt3
1433.66,0.48,0.44,0.28,370.30,0.03,18.37,2.31,1.28,63.06,34.97,37.81,20.97,0.30,0.65,0.71,9.12,0.00,0.63,0.03,1.77,0.02,0.09,8.01,4.44,0.22,0.70,0.30,5.91,3.60,,dohl4
0.21,0.04,0.02,0.00,0.00,19.45,22.85,12.17,14.11,2.36,2.74,0.29,0.34,0.07,0.38,0.17,164.78,14.86,1.71,9.02,6.35,33.75,0.10,1.60,1.85,0.11,3.69,4.72,0.76,13.80,,snsy5
0.91,11.86,0.24,0.00,0.00,1295.95,82.25,1268.95,1268.95,2.15,2.15,0.93,0.93,1.54,0.24,1.69,19.14,4.97,0.13,25.98,25.85,168.79,0.31,1.22,1.22,0.31,6.50,7.50,0.01,9.42,,nord3
3.40,0.25,0.28,4.55,0.00,7.46,15.03,9.85,19.69,3.85,7.69,1.29,2.57,0.12,0.66,0.15,33.12,2.71,0.46,8.18,2.13,3.45,0.55,2.56,5.11,0.58,0.42,0.58,0.53,8.20,69.69,cbee3
128.97,0.55,3.76,0.00,0.00,0.43,17.24,7.81,11.00,7.61,10.70,5.02,7.06,0.67,4.47,2.16,55.90,1.63,1.21,2.91,13.43,0.22,1.94,2.59,3.64,2.33,0.18,0.78,1.28,10.61,,frio3
4.46,0.08,1.82,0.00,0.00,1.84,13.56,19.86,22.39,2.10,2.37,0.37,0.41,0.07,0.51,0.11,5.55,2.26,0.81,40.76,42.55,3.51,8.25,1.66,1.87,9.24,0.04,0.96,0.75,11.64,14.99,mwet4
6.41,0.79,1.21,9.22,0.00,12.37,29.44,17.22,21.82,5.79,7.34,3.63,4.61,0.49,39.90,0.64,24.56,4.63,0.62,18.85,12.79,7.63,0.72,2.16,2.74,0.88,0.40,0.60,1.05,,,eqma3b
11.77,1.40,2.89,8.44,99.38,11.91,26.14,19.20,23.28,9.08,11.01,6.02,7.30,0.81,10.09,1.09,19.00,4.67,0.58,24.58,12.48,6.87,1.46,3.04,3.69,1.84,0.28,0.72,1.45,11.01,8.57,enmt4
0.02,0.03,0.00,0.00,0.00,147.96,67.17,47.15,46.21,23.30,22.84,0.06,0.06,0.00,0.11,0.01,694.09,142.58,0.16,20.54,13.42,23.63,1.49,23.24,22.78,1.62,1.15,2.15,0.76,15.16,,gshp3
80.16,0.73,0.91,0.00,0.00,0.91,3.76,3.53,0.66,81.42,15.33,109.72,20.65,0.59,1.50,1.57,20.22,0.23,0.81,1.13,4.93,0.73,0.16,19.71,3.71,0.01,0.65,0.35,2.66,0.02,,crpg6
11.12,0.42,1.16,7.25,80.70,3.74,12.02,5.81,6.88,5.42,6.42,6.05,7.16,0.59,1.49,2.12,32.34,3.37,1.42,10.42,7.65,5.32,0.01,0.06,0.07,0.52,0.51,0.49,2.22,8.49,15.06,pati4
0.89,0.07,1.36,0.00,0.00,7.47,6.52,1.65,4.60,11.75,32.73,1.45,4.04,0.06,0.98,0.09,4.77,7.29,0.85,152.67,9.65,7.13,9.53,10.14,28.24,12.24,0.04,1.04,1.21,5.83,,brkm6
7.20,0.94,1.13,10.94,53.49,13.02,62.09,20.86,23.21,2.65,2.95,4.04,4.50,0.71,1.37,2.63,18.52,2.90,0.76,15.66,17.58,10.23,0.34,1.21,1.34,0.12,0.63,0.37,3.46,6.03,12.34,balm3
3.19,0.95,0.58,5.97,19.26,29.88,45.86,50.57,0.00,,1.89,,1.89,0.12,0.51,0.94,171.69,31.33,0.12,18.25,20.29,3.64,,,,,0.20,1.00,1.35,18.08,21.57,bnbr3
8.41,0.67,2.23,2.46,21.50,7.94,47.17,4.07,0.00,,18.10,,16.44,0.15,1.10,0.58,19.74,5.23,0.23,26.49,12.68,1.89,,,,,0.07,0.93,0.84,25.30,30.09,bmeb3
8.65,1.36,3.36,9.28,92.64,15.66,28.86,20.98,25.49,5.83,7.09,5.32,6.46,0.88,154.37,1.28,2.11,0.82,0.65,38.85,19.63,10.13,1.00,1.58,1.92,1.46,0.26,0.74,0.98,14.57,20.37,eqpa6
83.17,,108.83,0.00,0.00,0.00,0.00,0.00,0.00,141.33,141.33,142.64,142.64,0.22,108.83,0.22,0.05,0.06,0.00,130.85,76.30,0.26,1.00,1.31,1.31,0.00,0.00,1.00,27.94,,,psvm11
16.91,6.09,0.73,3.63,67.64,36.01,56.77,33.27,48.50,12.28,17.90,12.56,18.31,0.51,3.22,0.63,48.11,2.07,0.08,4.30,3.04,3.03,0.03,0.60,0.88,0.17,0.70,0.30,6.02,9.69,39.03,peab3
6.53,1.38,1.20,3.28,18.99,21.15,43.15,35.63,50.71,3.84,5.46,2.72,3.88,0.49,43.09,0.59,24.21,4.44,0.36,18.34,13.13,7.55,0.59,1.35,1.91,0.87,0.41,0.59,0.94,14.64,28.54,mrsa3b
5.93,0.71,1.50,12.08,39.16,12.01,31.19,23.50,29.68,5.25,6.63,2.40,3.03,0.38,43.53,0.47,32.69,8.27,0.54,25.29,16.03,6.25,1.84,2.95,3.73,1.98,0.26,0.74,0.95,9.83,11.33,ceeb5
,,0.76,0.00,0.00,0.00,0.00,0.00,0.00,,,,,0.76,1.18,2.15,32.73,0.00,0.00,0.00,0.00,0.00,0.00,,,0.00,0.99,0.01,65.76,,,ccty3
34.43,4.54,44.66,0.00,0.00,13.20,29.04,5.43,240.05,4.75,210.00,1.89,83.72,4.92,12.96,57.46,0.06,0.08,1.08,129.72,53.34,14.29,5.15,0.22,9.66,0.00,0.11,0.89,1.71,16.78,,dtcy3
9.43,1.52,0.59,8.30,27.39,16.15,25.17,27.32,0.00,,6.96,,5.58,0.14,0.60,3.96,29.53,1.85,0.09,6.28,6.28,1.46,0.01,,0.12,0.00,0.23,0.77,1.31,37.64,29.52,bmin4
7.88,0.38,0.68,8.47,54.69,4.86,30.91,5.52,0.00,,5.33,,6.94,0.05,0.87,0.75,26.49,2.27,0.12,8.57,8.58,0.59,,,,,0.07,0.93,1.06,18.37,5.02,brsr5
5.29,1.12,0.97,4.46,18.99,21.15,43.15,35.63,50.71,3.84,5.46,2.21,3.14,0.40,34.92,0.48,24.21,4.44,0.36,18.34,13.13,7.55,0.59,1.35,1.91,0.87,0.41,0.59,0.94,14.64,28.54,mrsa6b
12.37,2.67,1.85,15.06,41.97,21.58,39.95,36.31,69.30,3.95,7.54,3.85,7.35,0.91,13.43,1.15,18.60,2.78,0.34,14.92,12.65,7.36,0.04,0.08,0.15,0.37,0.49,0.51,0.76,3.50,17.88,gepa3
9.83,0.43,0.73,4.22,35.13,4.38,17.55,13.41,21.47,4.44,7.11,2.01,3.21,0.25,1.67,0.31,44.01,3.25,0.58,7.40,10.88,2.56,1.03,2.85,4.56,1.07,0.35,0.65,0.57,8.58,7.91,coce3
7.62,1.19,2.96,10.54,92.64,15.66,28.86,20.98,25.49,5.83,7.09,4.68,5.69,0.77,135.89,1.13,2.11,0.82,0.65,38.85,19.63,10.13,1.00,1.58,1.92,1.46,0.26,0.74,0.98,14.57,20.37,eqpa5
6.10,0.33,0.96,9.38,20.22,5.37,16.60,10.69,13.91,4.93,6.41,2.35,3.06,0.28,5.44,0.40,100.50,15.75,0.87,15.67,12.80,4.67,0.98,2.41,3.14,1.08,0.30,0.70,1.23,5.02,3.21,clsc3
