Papel,Setor,Preço Atual (R$),Liquidez Diária (R$),Último Dividendo,Dividend Yield,DY (3M) Acumulado,DY (6M) Acumulado,DY (12M) Acumulado,DY (3M) média,DY (6M) média,DY (12M) média,DY Ano,Variação Preço,Rentab. Período,Rentab. Acumulada,Patrimônio Líquido,VPA,P/VPA,DY Patrimonial,Variação Patrimonial,Rentab. Patr. Período,Rentab. Patr. Acumulada,Quant. Ativos,Volatilidade,Num. Cotistas
AAGR11,Indefinido,94.0,11221.76,1.46,1.54,4.57,8.69,16.82,1.52,1.45,1.4,12.94,2.63,4.21,24.14,,,,0.0,0.0,0.0,0.0,0,60.12,0
AAZQ11,Indefinido,7.67,189389.24,0.12,1.54,4.31,8.83,18.33,1.44,1.47,1.53,16.8,1.7,3.27,48.06,208430750.0,8.67,0.88,1.15,0.0,0.0,0.0,0,18.66,29438
ABCP11,Shoppings,74.48,41608.0,0.65,0.88,2.1,4.98,9.75,0.7,0.83,0.81,8.66,-7.27,-6.46,26.2,503937967.28,107.01,0.7,0.47,16.54,17.09,25.42,1,26.31,14494
AFHI11,Papéis,94.82,258159.52,1.01,1.07,3.26,6.7,13.46,1.09,1.12,1.12,11.22,1.39,2.48,28.13,428737034.49,94.11,1.01,1.07,-0.91,0.16,6.44,14,11.81,37813
AGRX11,Indefinido,8.15,118536.48,0.12,1.47,4.42,9.09,15.91,1.47,1.52,1.33,15.01,-0.24,1.22,42.25,188986046.14,10.56,0.77,1.14,0.0,0.0,0.0,0,28.65,18636
AIEC11,Lajes Corporativas,54.01,202388.95,0.34,0.63,2.0,4.14,10.95,0.67,0.69,0.91,9.48,2.71,3.36,40.61,381559773.98,79.08,0.68,0.43,-15.43,-15.07,-14.09,2,18.91,14822
AJFI11,Shoppings,7.84,220226.43,0.05,0.57,1.74,4.24,10.48,0.58,0.71,0.87,9.44,1.16,1.74,28.35,384210693.68,,,,,,,13,13.25,12540
ALMI11,Lajes Corporativas,639.99,5097.13,3.04,0.0,1.4,2.91,7.03,0.47,0.49,0.59,5.74,0.0,0.0,,234041778.41,2046.78,0.31,0.0,-0.05,-0.05,0.9,1,46.83,1925
ALZC11,Papéis,7.64,46707.29,0.1,1.29,3.99,7.99,16.68,1.33,1.33,1.39,13.78,0.0,1.29,3.83,188386462.18,,,,,,,14,37.04,9479
ALZM11,Fundo de Fundos,6.32,164.43,0.4,6.3,0.0,0.0,9.97,0.0,0.0,0.83,7.55,-1.25,4.97,4.65,113203496.22,7.46,0.85,1.07,-91.94,-91.85,-91.51,14,20.33,12195
ALZR11,Misto,10.58,851530.29,0.08,0.79,2.4,4.95,10.08,0.8,0.83,0.84,8.36,-0.28,0.51,26.5,1302910581.76,10.66,0.99,0.78,-90.03,-89.95,-89.14,19,11.24,170603
APTO11,Imóveis Residenciais,8.32,12316.9,0.09,1.07,3.19,6.53,13.22,1.06,1.09,1.1,12.12,-0.94,0.12,15.7,44955531.52,9.75,0.85,0.92,-2.11,-1.2,12.81,3,19.99,8156
APXM11,Shoppings,75.0,328439.71,0.29,0.39,1.06,2.08,4.52,0.35,0.35,0.38,3.83,-8.54,-8.18,-21.28,349599817.54,,,,,,,1,59.19,603
ARCT11,Imóveis Industriais e Logísticos,87.13,1053903.45,0.5,0.0,1.3,3.82,12.55,0.43,0.64,1.05,0.0,0.0,0.0,,371534654.03,99.77,0.87,0.76,0.04,0.8,6.31,9,15.63,43228
AROA11,Imóveis Industriais e Logísticos,1.0,2335.86,0.01,0.75,2.22,4.13,8.1,0.74,0.69,0.68,7.45,0.0,0.75,13.32,159756081.2,,,,,,,6,28.13,4952
ARRI11,Papéis,6.52,103960.05,0.09,1.37,4.07,7.94,15.32,1.36,1.32,1.28,14.17,-0.6,0.76,-3.01,175172944.09,8.45,0.77,1.07,-4.63,-3.61,-89.4,1,16.3,23650
ARTE11,Misto,,,0.09,0.0,0.0,0.0,0.0,0.0,0.0,0.0,0.0,0.0,0.0,,87651298.05,,,,,,,0,,683
ARXD11,Papéis,7.44,35199.24,0.09,1.2,3.68,7.47,15.84,1.23,1.25,1.32,14.51,-0.13,1.06,15.2,81778847.33,,,,,,,14,29.28,1771
ASMT11,Lajes Corporativas,4.1,12484.0,0.08,1.12,0.0,0.0,0.0,0.0,0.0,0.0,2.19,-4.46,-3.39,-3.83,169085584.25,,,,,,,3,52.59,1
ASRF11,Indefinido,10974.0,59520.57,256.33,0.0,0.0,0.0,0.0,0.0,0.0,0.0,0.0,0.0,0.0,,38795384.23,,,,,,,2,1.09,70
ATSA11,Shoppings,50.36,37176.55,0.15,0.0,0.29,1.9,4.41,0.29,0.32,0.37,4.41,0.0,0.0,,134410321.61,76.76,0.66,0.2,-5.75,-5.56,-14.24,1,27.37,298
AURB11,Imóveis Comerciais - Outros,81.0,60790.5,0.31,0.0,0.0,0.0,0.0,0.0,0.0,0.0,0.0,0.0,0.0,,87911818.88,,,,,,,2,42.07,20
AZIN11,FIP-IE,103.74,473412.38,1.9,1.84,5.63,10.4,15.23,1.88,1.73,1.27,15.23,2.69,4.58,51.24,,,,,,,,0,13.52,0
AZPE11,Papéis,,,0.14,0.0,0.0,0.0,0.0,0.0,0.0,0.0,0.0,0.0,0.0,,124961083.43,,,,,,,6,,1
AZPL11,Serviços Financeiros Diversos,7.71,303047.9,0.08,0.98,2.88,6.46,14.93,0.96,1.08,1.24,13.63,0.13,1.11,39.59,355039569.85,,,,,,,1,21.52,6357
BARI11,Papéis,79.2,896491.0,4.38,0.0,0.0,2.66,11.25,0.0,0.44,0.94,10.01,0.0,0.0,,363696267.15,78.48,1.01,1.21,-17.7,-16.71,-12.94,2,21.33,31765
BBFI11B,Lajes Corporativas,1257.1,182918.19,634.23,47.51,0.0,47.51,69.77,0.0,7.92,5.81,69.77,4.22,53.73,119.39,111645834.19,864.77,1.45,73.34,-60.09,-30.81,-43.61,1,43.4,6989
BBFO11,Fundo de Fundos,61.87,85582.86,0.7,1.12,3.44,7.13,14.33,1.15,1.19,1.19,13.24,-1.05,0.06,25.36,298428428.78,74.53,0.83,0.98,-8.81,-7.92,-3.53,14,15.44,6930
BBGO11,Indefinido,64.93,193349.24,0.9,1.39,4.15,8.36,17.97,1.38,1.39,1.5,17.97,-1.67,-0.31,11.59,373400210.79,93.23,0.7,0.97,-4.81,-3.89,3.9,0,17.69,11778
BBIG11,Serviços Financeiros Diversos,6.94,511704.52,0.08,1.14,3.42,6.8,14.51,1.14,1.13,1.21,13.11,-0.85,0.28,24.39,989395336.52,,,,,,,3,21.85,33969
BBIM11,Papéis,,,0.1,0.0,0.0,0.0,0.0,0.0,0.0,0.0,0.0,0.0,0.0,,667.5,,,0.0,-100.0,0.0,0.0,14,,20
BBRC11,Agências de Bancos,97.95,35146.9,1.05,1.07,3.17,6.28,13.09,1.06,1.05,1.09,12.0,-2.42,-1.37,10.92,167410319.07,105.29,0.93,1.0,-2.2,-1.23,10.02,21,18.63,8538
BCIA11,Fundo de Fundos,83.1,237842.43,0.86,1.02,3.0,5.99,12.52,1.0,1.0,1.04,11.43,-1.59,-0.59,22.6,372706854.35,100.22,0.83,0.84,-0.04,0.8,5.34,14,15.38,21087
BCRI11,Papéis,63.4,248124.86,0.92,1.45,4.1,8.17,16.25,1.37,1.36,1.35,14.91,-0.58,0.86,31.34,526822193.82,84.19,0.75,0.99,-16.57,-15.75,-9.44,14,16.45,42722
BDIF11,Indefinido,72.21,1350428.1,0.7,0.92,2.95,6.53,15.15,0.98,1.09,1.26,12.45,-0.64,0.27,27.29,,,,,,,,0,16.47,0
BDIV11,Indefinido,40.25,137405.43,1.6,3.84,7.97,12.48,228.11,2.66,2.08,19.01,17.43,7.7,11.83,29.13,,,,,,,,0,22.64,0
BETW11,Indefinido,,,0.46,0.0,0.0,0.0,0.0,0.0,0.0,0.0,0.0,0.0,0.0,,263749125.16,,,,,,,1,,2
BGRB11,Lajes Corporativas,100.04,23455.5,0.15,0.0,0.14,0.14,2.71,0.14,0.14,0.23,2.71,0.0,0.0,,233738861.4,,,,,,,1,54.93,367
BICE11,Fundo de Fundos,888.25,888.0,5.5,0.0,0.11,0.51,4.72,0.11,0.51,0.39,3.75,0.0,0.0,,145616087.67,1091.46,0.81,0.09,9.5,9.6,17.52,14,39.41,116
BICR11,Papéis,35.92,72.0,0.36,1.02,0.0,0.0,0.0,0.0,0.0,0.0,4.52,-10.54,-9.63,-26.97,20805910.51,42.51,0.84,0.85,-57.2,-56.84,-52.66,14,1.46,641
BIDB11,Indefinido,76.3,127190.71,1.0,1.28,3.8,7.94,17.52,1.27,1.32,1.46,16.26,-2.97,-1.72,28.44,,,,,,,,0,18.34,0
BIME11,Indefinido,6.53,23211.76,0.07,1.04,3.18,7.06,15.52,1.06,1.18,1.29,14.11,-2.45,-1.44,24.44,49633966.8,8.49,0.77,0.94,-5.98,-5.09,1.76,3,18.54,8319
BINC11,Papéis,99.89,444707.38,1.6,1.59,3.12,7.2,14.26,1.04,1.2,1.3,13.28,2.22,3.84,35.56,,,,,,,,0,19.23,0
BINR11,Indefinido,1673.35,,180.14,0.0,0.0,0.0,0.0,0.0,0.0,0.0,0.0,0.0,0.0,,127912315.93,,,,,,,10,,100
BIPD11,Indefinido,972.83,760000.0,27.17,0.0,0.0,0.0,0.0,0.0,0.0,0.0,0.0,0.0,0.0,,109555822.62,,,,,,,1,9.1,112
BLCA11,Indefinido,91.27,21728.33,0.5,0.53,2.01,3.65,7.1,0.67,0.61,0.59,6.01,2.86,3.4,10.22,203949623.87,127.47,0.72,0.39,-11.25,-10.9,25.98,1,72.48,471
BLMC11,Papéis,85.75,150671.33,5.34,0.0,0.0,0.0,0.0,0.0,0.0,0.0,0.74,0.0,0.0,,118155565.38,94.69,0.91,1.13,-1.48,-0.36,2.88,14,3.23,8102
BLMG11,Imóveis Industriais e Logísticos,33.0,91210.19,0.36,1.09,3.22,6.13,16.51,1.07,1.02,1.38,14.85,-1.79,-0.72,26.97,333385384.48,71.32,0.46,0.5,-25.66,-25.29,-22.06,2,31.61,12874
BLMO11,Lajes Corporativas,89.99,2706.79,0.53,0.0,1.23,3.29,7.08,0.41,0.55,0.59,6.43,0.0,0.0,,104174499.55,104.72,0.86,0.51,-99.65,-99.64,-99.6,1,41.93,304
BLMR11,Fundo de Fundos,6.78,1157702.33,0.37,0.0,0.0,0.0,0.0,0.0,0.0,0.0,0.0,0.0,0.0,,118155565.38,7.61,0.89,0.7,-1.68,-0.99,1.82,14,3.49,8102
BLOG11,Misto,9.38,46.1,0.02,0.2,0.2,1.21,4.08,0.2,0.2,0.34,2.76,-6.82,-6.63,-8.76,346922775.8,,,,,,,6,73.41,115
BLUR11,Papéis,76.03,228.0,74.29,0.0,0.0,0.82,5.5,0.0,0.82,0.46,4.01,0.0,0.0,,6851720.42,,,,,,,14,78.0,1
BMLC11,Lajes Corporativas,94.3,10609.8,0.72,0.76,1.48,3.66,8.2,0.49,0.61,0.68,7.38,-0.33,0.43,12.7,105658300.72,105.83,0.89,0.66,-6.73,-6.12,2.51,1,996.34,1268
BNFS11,Agências de Bancos,71.55,54598.48,0.85,1.15,3.85,7.91,16.45,1.28,1.32,1.37,14.88,-2.27,-1.15,-0.93,54804482.53,78.29,0.91,1.28,-14.34,-13.25,-7.62,18,20.43,5841
BODB11,Indefinido,7.38,687247.29,0.1,1.33,3.75,6.83,12.94,1.25,1.14,1.08,16.13,-0.79,0.53,25.59,,,,,,,,0,21.54,0
BPFF11,Fundo de Fundos,54.53,512062.0,2.24,0.0,0.0,3.7,10.62,0.0,0.62,0.89,9.5,0.0,0.0,,279190787.97,62.15,0.88,1.13,-15.43,-14.48,-11.96,14,18.86,20101
BPLC11,Misto,,,14.42,0.0,0.0,0.0,0.0,0.0,0.0,0.0,0.0,0.0,0.0,,324258089.5,,,,,,,1,,128
BPML11,Shoppings,79.29,1871509.57,0.92,1.15,3.48,7.42,16.16,1.16,1.24,1.35,17.87,-0.06,1.09,64.28,920975473.29,123.88,0.64,0.74,-0.7,0.04,0.99,11,16.17,5931
BPRP11,Imóveis Industriais e Logísticos,107.5,2150.0,0.93,0.0,0.0,0.0,0.0,0.0,0.0,0.0,4.54,0.0,0.0,,169496975.27,,,,,,,15,1.53,171
BRCO11,Imóveis Industriais e Logísticos,115.91,1499636.52,0.87,0.75,2.27,4.86,10.23,0.76,0.81,0.85,9.29,-0.09,0.66,37.78,1869889352.55,117.57,0.99,0.74,-3.22,-2.5,6.1,12,14.32,120011
BRCR11,Lajes Corporativas,41.43,1087371.38,0.41,0.99,2.91,5.8,13.22,0.97,0.97,1.1,11.88,-3.56,-2.61,25.34,2265811385.58,84.99,0.49,0.48,-15.06,-14.65,-15.89,6,14.13,120672
BREV11,Lajes Corporativas,105.0,532138.0,0.58,0.55,0.0,0.0,0.0,0.0,0.0,0.0,10.03,0.32,0.87,22.08,118155565.38,,,0.0,-100.0,0.0,0.0,1,0.34,8102
BRFT11,Misto,83.93,36733.95,1.31,1.55,4.42,9.57,19.48,1.47,1.6,1.62,19.48,-1.4,0.13,45.04,,,,0.0,0.0,0.0,0.0,0,45.79,0
BRIM11,Fundo de Desenvolvimento,321.0,12270.1,40.28,12.39,35.91,53.09,113.36,11.97,8.85,9.45,105.56,-36.75,-28.91,35.91,29002571.3,,,,,,,2,81.48,706
BRIP11,Fundo de Desenvolvimento,602.01,4829.94,27.85,0.0,13.81,33.48,70.3,4.6,5.58,5.86,59.02,0.0,0.0,,127197799.3,,,,,,,10,178.74,439
BRIX11,Indefinido,1673.35,195781.0,180.14,0.0,0.0,0.0,0.0,0.0,0.0,0.0,0.0,0.0,0.0,,127912315.93,,,,,,,10,,100
BRLA11,Imóveis Industriais e Logísticos,148.0,21194.28,1.15,0.78,2.38,3.11,4.64,0.79,0.52,0.39,4.64,4.99,5.81,5.06,815145198.38,166.46,0.89,0.69,5.36,6.09,-2.26,8,76.52,435
BROF11,Lajes Corporativas,52.19,123104.71,0.53,1.02,2.53,6.11,13.57,0.84,1.02,1.13,11.19,-1.79,-0.79,51.94,1267196156.27,,,,,,,2,23.08,10263
BRZP11,,149.0,311229.1,0.92,0.63,1.92,3.72,7.85,0.64,0.62,0.65,7.1,1.32,1.95,79.63,,,,,,,,0,23.84,0
BTAG11,Indefinido,101.31,33212.95,1.35,1.33,4.02,8.18,701.43,1.34,1.36,58.45,701.43,3.26,4.64,1497.33,47431716.73,110.51,0.92,1.18,0.0,0.0,0.0,0,30.95,3038
BTAL11,Imóveis Industriais e Logísticos,75.97,426032.86,0.95,1.17,3.5,6.9,14.64,1.17,1.15,1.22,11.9,0.32,1.5,54.79,698183350.95,116.7,0.65,0.81,11.08,11.98,21.4,9,16.2,38664
BTCI11,Papéis,9.36,978311.86,0.1,1.01,3.15,6.46,13.34,1.05,1.08,1.11,12.12,0.0,1.01,41.92,997363108.03,,,,,,,14,15.07,192093
BTCR11,Papéis,88.0,571148.0,0.9,0.98,0.0,0.0,0.0,0.0,0.0,0.0,12.53,-5.96,-5.04,14.54,118155565.38,95.27,0.92,0.94,0.64,1.59,4.62,14,32.78,8102
BTHF11,Papéis,8.57,1688486.0,0.09,1.07,3.19,6.47,14.36,1.06,1.08,1.2,13.06,-1.49,-0.44,30.63,2060964792.53,,,,,,,0,15.81,317217
BTHI11,Hotéis,41.97,11341.71,0.45,1.09,2.99,6.21,11.83,1.0,1.04,0.99,10.83,0.07,1.16,14.44,629839371.42,,,,,,,14,31.5,1499
BTLG11,Imóveis Industriais e Logísticos,103.9,4447831.33,0.79,0.76,2.33,4.71,10.01,0.78,0.79,0.83,8.22,1.25,2.02,32.29,4596808986.83,103.33,1.01,0.76,4.62,5.42,10.86,21,13.38,406668
BTML11,Lajes Corporativas,101.37,,1.04,0.0,0.0,0.0,5.38,0.0,0.0,0.45,4.59,0.0,0.0,,144652622.49,,,,,,,2,2.33,1
BTRA11,Indefinido,58.84,166321.0,0.4,0.71,1.98,5.04,9.39,0.66,0.84,0.78,7.8,-0.78,-0.07,57.5,376299834.69,111.84,0.53,0.36,-19.37,-19.08,15.22,6,27.8,12171
BTSG11,Imóveis Industriais e Logísticos,146.92,147.0,1.0,0.68,1.34,1.34,4.94,0.45,0.22,0.41,4.34,0.0,0.0,,117878616.11,152.1,0.97,0.66,10.5,11.22,22.5,1,11.19,106
BTSI11,Misto,109.59,109.0,0.81,0.0,0.0,0.7,4.89,0.0,0.7,0.41,3.53,0.0,0.0,,696339887.92,,,,,,,5,24.09,200
BTWR11,Fundo de Desenvolvimento,105.49,52.5,0.7,0.0,0.0,0.0,3.33,0.0,0.0,0.28,2.72,0.0,0.0,,96175620.92,118.84,0.89,0.5,6.1,6.63,15.22,1,20.88,140
BTYU11,Incorporações,8.95,1799.68,0.1,1.04,3.12,7.74,14.25,1.04,1.29,1.19,12.23,1.03,2.08,10.33,302383857.67,,,,,,,14,69.73,520
BZEL11,Misto,,,5.09,0.0,0.0,0.0,0.0,0.0,0.0,0.0,0.0,0.0,0.0,,514382573.04,,,,,,,14,,3
CACR11,Papéis,75.46,740759.29,1.32,1.71,5.11,9.5,18.96,1.7,1.58,1.58,17.39,2.6,4.35,8.57,370356954.09,76.58,0.99,1.76,-26.03,-24.73,5.12,14,29.92,25153
CAFE11,Misto,,,1.01,0.0,0.0,0.0,0.0,0.0,0.0,0.0,0.0,0.0,0.0,,,,,,,,,0,,0
CARE11,Misto,1.06,6769.57,0.01,1.13,0.0,0.0,0.0,0.0,0.0,0.0,6.79,-2.63,-1.53,42.14,249539652.42,1.6,0.66,0.1,-0.24,-0.14,3.56,14,41.77,11713
CBOP11,Lajes Corporativas,33.05,320959.88,0.1,0.3,1.1,2.33,4.87,0.37,0.39,0.41,4.65,34.0,34.4,52.9,95596366.7,67.56,0.49,0.15,-8.48,-8.34,-18.32,1,59.32,2164
CCME11,Indefinido,8.71,112063.71,0.08,0.94,2.85,5.75,11.91,0.95,0.96,0.99,9.91,0.45,1.39,30.66,710931017.6,,,,,,,1,30.08,8926
CCRF11,Papéis,92.5,1276.82,3.5,0.0,0.0,0.0,0.0,0.0,0.0,0.0,0.0,0.0,0.0,,118155565.38,93.23,0.99,3.76,-2.86,0.79,3.55,14,8.06,8102
CCVA11,Indefinido,98.97,159202.27,0.52,0.0,0.0,0.0,3.47,0.0,0.0,0.29,2.29,0.0,0.0,,60472064.82,,,,,,,1,0.95,1
CDII11,Indefinido,106.3,3223127.57,1.61,1.49,4.8,9.0,16.1,1.6,1.5,1.34,15.05,-2.67,-1.22,30.94,,,,,,,,0,14.24,0
CEOC11,Lajes Corporativas,44.5,7723.38,0.49,1.1,3.3,6.71,14.33,1.1,1.12,1.19,12.99,-1.35,-0.27,43.93,131791945.38,72.58,0.61,0.7,-7.89,-7.25,-15.41,1,19.28,3924
CFHI11,Fundo de Desenvolvimento,250.1,250.0,10.62,0.0,0.0,0.0,23.53,0.0,0.0,1.96,23.53,0.0,0.0,,23502197.25,,,,,,,7,446.51,102
CFII11,Indefinido,530.01,1060.0,55.0,0.0,0.0,0.0,13.43,0.0,0.0,1.22,13.43,0.0,0.0,,118304873.57,,,,,,,5,125.62,109
CIXM11,Misto,9.04,220499.5,0.15,0.0,0.0,0.0,0.0,0.0,0.0,0.0,0.0,0.0,0.0,,236142693.0,,,,,,,14,,108
CJCT11,Lajes Corporativas,63.0,2005137.5,0.2,0.31,0.63,1.87,3.58,0.63,0.31,0.3,3.4,3.23,3.55,28.16,229305554.71,57.9,1.09,0.0,0.58,0.58,0.58,1,32.78,855
CLIN11,Fundo de Fundos,87.1,522464.86,1.0,1.13,3.38,7.23,15.03,1.13,1.21,1.25,12.59,-0.81,0.31,31.12,421855576.76,,,,,,,14,18.46,12394
CNES11,Lajes Corporativas,1.67,83265.62,0.01,0.63,1.79,3.31,7.94,0.6,0.55,0.66,6.37,-20.63,-20.12,33.98,258230965.72,7.57,0.22,0.11,-91.54,-91.53,-91.16,1,54.46,86574
COPP11,Lajes Corporativas,103.0,1827632.0,0.75,0.0,0.0,0.0,0.0,0.0,0.0,0.0,0.0,0.0,0.0,,515062649.76,,,,,,,4,17.75,119
CORM11,Lajes Corporativas,,,0.77,0.9,2.76,5.35,11.38,0.92,0.89,0.95,6.2,-2.97,-2.1,-4.27,,90.56,,0.89,-2.33,-1.45,0.21,0,,0
CPFO11,Fundo de Fundos,,,31.42,0.0,0.0,0.0,0.0,0.0,0.0,0.0,0.0,0.0,0.0,,118155565.38,,,,,,,14,,8102
CPLG11,Misto,12.49,22487857.67,0.2,1.6,3.57,4.24,10.51,1.19,0.71,0.96,8.01,2.04,3.68,34.17,469141551.16,,,,,,,1,20.72,534
CPOF11,Misto,109.5,34260905.5,0.42,0.38,0.81,1.42,5.51,0.81,0.24,0.46,3.83,0.0,0.38,5.97,515062649.76,,,,,,,4,44.54,119
CPSH11,Indefinido,10.36,2157918.76,0.1,1.02,3.06,6.21,13.55,1.02,1.04,1.13,10.93,-2.97,-1.98,32.72,918902682.39,,,,,,,7,15.18,25217
CPTI11,Indefinido,83.01,1045626.19,1.0,1.19,3.6,7.3,15.09,1.2,1.22,1.26,13.8,-0.02,1.17,23.66,,,,,,,,0,16.11,0
CPTR11,Indefinido,7.44,158886.29,0.11,1.45,4.23,8.73,12.42,1.41,1.46,1.04,12.42,-0.52,0.92,11.95,195920836.47,9.88,0.75,1.06,-89.99,-89.88,-89.74,0,13.98,21676
CPTS11,Papéis,7.54,3357622.81,0.09,1.18,3.52,7.19,14.4,1.17,1.2,1.2,12.17,2.15,3.36,44.64,2920953421.52,8.89,0.85,0.96,-89.98,-89.89,-89.79,14,14.44,354417
CPUR11,Misto,10.68,17507013.76,0.1,0.95,2.4,4.96,11.59,0.8,0.83,0.97,9.39,-1.13,-0.19,21.18,679991966.62,,,,,,,13,11.73,1397
CRAA11,Indefinido,96.17,345982.67,1.25,1.3,3.89,7.9,14.8,1.3,1.32,1.23,13.78,-0.6,0.69,40.54,241682237.48,101.98,0.94,1.23,0.0,0.0,0.0,0,11.15,9827
CRFF11,Fundo de Fundos,74.79,22249.72,0.61,0.81,2.44,5.01,10.61,0.81,0.84,0.88,10.61,1.49,2.31,28.89,57618018.37,83.5,0.9,0.73,-0.6,0.13,5.74,14,38.75,1214
CSMC11,Indefinido,,,9.21,0.0,0.0,0.0,0.0,0.0,0.0,0.0,0.0,0.0,0.0,,1914599853.82,,,,,,,8,,1
CTXT11,Lajes Corporativas,4.91,232.89,0.01,0.04,0.0,0.0,0.0,0.0,0.0,0.0,1.34,1.4,1.44,-49.65,102741070.21,48.33,0.1,0.19,-0.1,0.09,0.54,1,60.75,2231
CVBI11,Papéis,82.9,5255075.05,0.85,1.02,3.48,7.26,15.25,1.16,1.21,1.27,12.8,-2.83,-1.84,32.57,1579141666.56,92.83,0.89,1.13,-1.1,0.02,6.72,14,19.15,113265
CVPR11,Indefinido,,,0.58,0.0,0.0,0.0,0.0,0.0,0.0,0.0,0.0,0.0,0.0,,59964682.95,,,,,,,14,,3
CXAG11,Agências de Bancos,72.83,102401.05,0.7,0.96,2.85,6.37,12.65,0.95,1.06,1.05,11.61,-2.18,-1.24,23.95,231157351.62,110.57,0.66,0.63,-3.56,-2.95,15.53,32,13.64,11750
CXCE11B,Lajes Corporativas,44.01,9205.0,0.43,1.09,3.25,6.56,12.24,1.08,1.09,1.02,12.24,0.18,1.27,3.73,110543765.88,64.53,0.68,0.67,-1.63,-0.97,0.19,1,22.21,3247
CXCI11,Indefinido,66.65,78297.81,0.75,1.13,3.38,7.04,14.37,1.13,1.17,1.2,13.16,-0.94,0.18,22.54,174618295.7,84.86,0.79,0.88,-8.86,-8.06,-6.08,14,16.95,5446
CXCO11,Lajes Corporativas,60.87,72079.14,0.7,1.15,3.42,7.42,14.92,1.14,1.24,1.24,13.84,0.99,2.16,36.11,377887284.37,96.29,0.63,0.68,-3.03,-2.37,10.01,10,23.79,12440
CXRI11,Fundo de Fundos,73.91,192996.74,0.59,0.88,2.78,5.65,11.44,0.93,0.94,0.95,11.44,7.42,8.36,17.01,130736491.83,82.97,0.89,0.71,0.39,1.1,5.8,1,40.74,1784
CXTL11,Imóveis Industriais e Logísticos,320.99,5586.44,0.39,0.13,0.58,1.71,8.25,0.58,0.29,0.69,6.63,4.77,4.91,68.64,22198783.33,414.18,0.78,0.16,-15.39,-15.25,-28.95,1,59.49,608
CYCR11,Indefinido,8.42,303690.67,0.11,1.24,3.69,7.59,15.39,1.23,1.27,1.28,14.15,-2.07,-0.85,28.19,341377509.76,9.34,0.9,1.13,-2.1,-0.99,-89.32,14,15.7,17929
DAMA11,Misto,7.3,74822.33,0.08,1.14,3.59,7.29,12.88,1.2,1.22,1.07,12.2,5.8,7.0,-6.24,45710426.04,,,,,,,14,42.98,819
DAMT11B,Shoppings,11.45,23.0,0.4,3.5,0.0,3.5,3.5,0.0,0.58,0.29,3.5,-11.86,-8.77,-8.77,257810143.48,,,,,,,2,11.75,544
DCRA11,Indefinido,7.09,65060.14,0.09,1.27,3.78,7.44,16.31,1.26,1.24,1.36,14.7,-1.53,-0.28,31.69,65352305.98,9.7,0.73,0.93,0.0,0.0,0.0,0,19.42,15561
DEVA11,Papéis,25.06,295138.81,0.33,1.32,3.8,7.67,17.12,1.27,1.28,1.43,15.54,-4.35,-3.09,7.54,1356974456.24,96.62,0.26,0.33,-4.62,-4.3,14.75,14,25.43,84097
DLMT11,Varejo,,,0.0,0.0,0.0,0.0,0.0,0.0,0.0,0.0,0.0,0.0,0.0,,6848505.84,,,,,,,7,,9
DPRO11,Indefinido,6.31,190.45,0.06,0.95,2.92,5.85,11.94,0.97,0.98,1.0,10.97,3.78,4.77,24.34,45753279.48,,,,,,,1,50.62,740
DRIT11B,Lajes Corporativas,83.3,1547.0,0.53,0.63,1.94,3.25,13.98,0.65,0.54,1.17,1.94,17.7,18.44,16.76,60485010.41,130.56,0.64,0.46,-1.36,-0.91,7.46,4,29.85,348
DVFF11,Fundo de Fundos,5.79,15726.0,0.07,1.12,3.26,6.52,13.51,1.09,1.09,1.13,12.31,-3.34,-2.26,12.44,93612166.46,8.5,0.68,0.76,-90.67,-90.6,-89.74,14,32.77,1892
EDFO11B,Lajes Corporativas,229.98,7938.5,0.49,0.42,2.45,5.3,11.89,0.82,0.88,0.99,3.59,-0.22,0.2,-17.93,49670858.85,210.47,1.09,0.6,9.69,10.35,20.16,1,181.93,490
EDGA11,Lajes Corporativas,15.0,14437.75,0.08,0.49,0.0,1.02,4.21,0.0,0.17,0.35,3.48,-3.6,-3.13,6.67,178671193.76,46.99,0.32,0.17,-23.34,-23.21,-28.02,1,30.43,3896
EGAF11,Indefinido,91.78,429595.67,1.55,1.67,4.75,9.46,18.77,1.58,1.58,1.56,17.39,-0.97,0.68,42.86,310574473.95,99.16,0.93,1.43,0.0,0.0,0.0,0,12.53,11374
EMET11,Misto,10.48,48632.13,0.13,1.24,2.31,3.36,3.36,0.77,1.12,1.12,3.36,0.0,0.0,,50705978.47,,,,,,,14,45.11,65
ENDD11,Indefinido,108.81,119914.25,0.16,0.16,0.0,0.16,5.35,0.0,0.16,0.45,0.16,9.99,10.17,10.17,,,,,,,,0,17.11,0
EQIA11,Fiagro,,,0.45,,,,,,,,,,,,,,,,,,,0,,0
EQIR11,Indefinido,7.84,35647.86,0.1,1.27,3.81,7.78,16.14,1.27,1.3,1.35,13.35,-1.38,-0.12,40.33,104242770.88,9.56,0.82,1.05,-2.05,-1.02,-89.62,14,14.41,9896
ERCR11,Varejo,15707.85,,420.46,0.0,0.0,0.0,16.74,0.0,0.0,1.4,0.93,0.0,0.0,,35378005.48,14889.73,1.05,1.89,-77.62,-77.2,-75.81,14,4.0,10
ERPA11,Lajes Corporativas,124.88,69974.5,0.93,0.0,0.0,1.48,5.43,0.0,0.25,0.45,4.78,0.0,0.0,,79882132.87,159.47,0.78,0.59,16.34,17.03,43.97,2,33.01,708
ESUD11,Indefinido,243.0,48600.0,72.93,23.08,0.0,0.0,23.08,0.0,0.0,5.77,23.08,0.0,0.0,,,,,,,,,0,33.33,0
ESUT11,Indefinido,32.0,609.52,67.49,210.9,0.0,0.0,210.9,0.0,0.0,52.73,210.9,0.0,0.0,,,,,,,,,0,9.96,0
ESUU11,Indefinido,32.0,3200.0,63.84,199.49,0.0,0.0,199.49,0.0,0.0,49.87,199.49,0.0,0.0,,,,,,,,,0,10.03,0
EURO11,Imóveis Industriais e Logísticos,282.06,30867.86,2.08,0.77,2.32,4.81,10.24,0.77,0.8,0.85,9.33,4.65,5.46,43.28,126302747.72,328.97,0.86,0.61,1.31,1.92,13.54,7,28.72,2054
EVBI11,renda urbana,9.5,32194.42,0.11,1.05,2.88,5.14,9.85,0.96,0.86,0.82,9.85,5.74,6.85,23.48,411540046.98,9.86,0.96,0.96,-90.11,-90.02,-89.22,13,14.99,1313
EXES11,Indefinido,9.59,80956.0,0.13,1.33,4.01,8.29,16.78,1.34,1.38,1.4,14.1,-2.5,-1.2,39.67,136439766.88,,,,,,,14,15.97,884
FAED11,Educacional,148.33,29757.38,1.66,1.12,3.34,6.91,14.57,1.11,1.15,1.21,13.29,-2.98,-1.9,38.47,153670215.46,221.95,0.67,0.75,1.99,2.75,9.35,4,20.35,4072
FAMB11B,Lajes Corporativas,609.99,47041.93,1001.61,0.0,0.0,0.0,0.0,0.0,0.0,0.0,0.0,0.0,0.0,,424524340.32,3593.26,0.17,0.25,0.53,0.79,12.82,1,47.01,2173
FAOE11,Indefinido,926.9,,11.16,0.0,0.0,0.0,0.0,0.0,0.0,0.0,0.0,0.0,0.0,,118155565.38,,,,,,,3,,8102
FATN11,Lajes Corporativas,83.39,814488.05,0.8,0.95,2.82,5.93,12.66,0.94,0.99,1.06,11.52,-5.22,-4.32,25.95,474770890.36,98.4,0.85,0.81,-0.62,0.19,5.66,54,10.54,22641
FCFL11,Educacional,127.79,46984.25,0.91,0.71,2.14,4.35,9.29,0.71,0.73,0.77,7.64,2.24,2.97,35.27,428182276.18,123.25,1.04,0.74,6.09,6.88,25.99,1,17.08,3001
FEXC11,Papéis,83.5,860137.12,0.5,0.0,1.08,4.14,11.48,0.36,0.69,0.96,0.0,0.0,0.0,,1001470167.13,90.75,0.92,0.99,-1.13,-0.15,7.12,0,14.57,36232
FGAA11,Indefinido,8.87,507856.62,0.12,1.35,4.06,8.28,14.87,1.35,1.38,1.24,18.86,-1.33,-0.0,62.83,424181943.2,9.41,0.94,1.28,0.0,0.0,0.0,0,12.98,50537
FIGS11,Shoppings,47.44,77760.9,0.48,1.0,3.01,6.09,12.2,1.0,1.02,1.02,11.24,0.1,1.1,20.59,217032706.25,76.15,0.62,0.63,-0.43,0.2,-19.4,2,17.44,11806
FIIB11,Imóveis Industriais e Logísticos,489.0,159318.14,3.58,0.72,2.14,4.44,9.22,0.71,0.74,0.77,8.41,-0.8,-0.09,16.6,326718773.49,476.96,1.03,0.75,3.35,4.13,14.5,9,12.36,15034
FIIP11B,Imóveis Industriais e Logísticos,161.37,1172.8,1.4,0.96,2.95,5.92,10.89,0.98,0.99,0.91,4.03,-1.78,-0.84,6.81,184360354.72,198.84,0.81,0.7,6.81,7.56,8.46,7,11.96,6586
FISC11,Lajes Corporativas,65.0,4923.24,0.38,0.58,1.49,3.04,7.85,0.5,0.51,0.65,7.03,-0.99,-0.42,8.49,192879302.83,113.46,0.57,0.47,-1.39,-0.93,-0.44,5,90.05,228
FLCR11,Papéis,96.0,17738.52,1.0,1.04,3.23,7.06,15.08,1.08,1.18,1.26,13.75,-0.02,1.02,27.08,70938837.8,94.35,1.02,1.11,-4.14,-3.07,6.6,1,9.63,2918
FLFL11,Fundo de Desenvolvimento,,,0.18,0.0,0.0,0.0,0.0,0.0,0.0,0.0,0.0,0.0,0.0,,475657469.82,,,,,,,1,,1
FLMA11,Lajes Corporativas,149.0,25390.57,1.14,0.76,2.31,4.91,9.76,0.77,0.82,0.81,8.8,2.37,3.15,31.22,304818675.17,220.78,0.67,0.48,37.77,38.43,51.08,2,22.08,11750
FLRP11,Shoppings,20.16,5906.1,0.15,0.72,2.11,4.88,9.45,0.7,0.81,0.79,8.72,1.42,2.15,27.56,150307888.25,20.29,0.99,0.69,-98.89,-98.88,-98.75,1,45.58,1734
FMOF11,Lajes Corporativas,39.42,2629.2,32.7,44.73,56.22,57.99,63.27,18.74,9.67,5.27,63.27,-3.93,39.04,151.78,58868634.94,115.88,0.34,0.35,-2.29,-1.94,-5.0,2,84.7,214
FPAB11,Lajes Corporativas,212.01,8671.0,1.6,0.0,0.65,1.91,6.26,0.65,0.32,0.52,5.61,0.0,0.0,,268280559.7,357.71,0.59,0.38,-4.62,-4.26,-8.15,3,74.2,696
FPOR11,Indefinido,23.5,41.0,0.07,0.0,0.0,0.18,0.18,0.0,0.18,0.18,0.18,0.0,0.0,,,,,,,,,0,243.34,0
FRHY11,Indefinido,,,1.03,0.0,0.0,0.0,0.0,0.0,0.0,0.0,0.0,0.0,0.0,,1129059.15,,,,,,,14,,7
FTCA11,Indefinido,9.1,32065.14,0.13,0.0,0.0,0.0,0.0,0.0,0.0,0.0,0.0,0.0,0.0,,47349222.77,10.62,0.86,1.22,0.0,0.0,0.0,0,21.97,7643
FVPQ11,Shoppings,69.4,26965.57,0.2,0.28,0.42,4.45,10.92,0.42,0.74,0.91,10.23,3.93,4.22,79.92,441384569.97,157.63,0.44,0.03,-18.02,-17.99,-16.63,1,30.95,3871
FYTO11,Papéis,7.93,107232.0,0.1,1.26,3.76,7.71,15.54,1.25,1.29,1.3,14.31,0.0,1.26,23.87,147766669.4,,,,,,,0,17.34,10793
FZDA11,Indefinido,130.0,3207.8,4.11,3.4,0.0,0.0,3.4,0.0,0.0,1.7,3.4,-0.69,2.69,2.69,281017507.05,173.55,0.75,2.37,0.0,0.0,0.0,0,68.57,297
FZDB11,Indefinido,140.15,56.0,4.21,3.32,0.0,0.0,3.32,0.0,0.0,3.32,3.32,21.43,25.46,25.46,641635971.26,168.93,0.83,2.49,0.0,0.0,0.0,0,43.91,116
GAME11,Indefinido,8.55,62309.9,0.1,1.12,3.37,6.79,13.92,1.12,1.13,1.16,11.6,-0.47,0.65,24.89,202765093.75,9.35,0.91,1.02,-4.98,-4.01,-98.88,14,12.91,21534
GARE11,Imóveis Industriais e Logísticos,8.99,3348867.95,0.08,0.92,2.76,5.6,12.09,0.92,0.93,1.01,10.96,0.0,0.92,23.41,2062690674.73,,,,,,,4,14.33,407430
GCFF11,Fundo de Fundos,69.3,87694.83,3.07,0.0,0.0,0.0,0.0,0.0,0.0,0.0,4.27,0.0,0.0,,118155565.38,77.31,0.9,0.97,-5.0,-4.08,-7.97,1,1.15,8102
GCOI11,Indefinido,98.99,26397.67,0.81,0.0,0.0,0.0,0.0,0.0,0.0,0.0,0.0,0.0,0.0,,11844844.02,,,,,,,5,3.79,385
GCRA11,Indefinido,51.15,64281.52,0.68,1.33,3.92,7.89,16.49,1.31,1.32,1.37,14.95,-0.87,0.45,57.35,149747060.87,85.53,0.6,0.77,-12.72,-12.05,-0.85,0,22.41,7145
GCRI11,Papéis,63.67,111908.24,0.8,1.24,3.87,8.01,17.38,1.29,1.34,1.45,14.23,-2.17,-0.95,40.13,133356011.48,91.73,0.69,0.93,-2.8,-1.9,0.2,14,19.07,4288
GESE11B,Educacional,1520.0,,1112.72,0.0,0.0,0.0,0.0,0.0,0.0,0.0,0.0,0.0,0.0,,118155565.38,1119.08,1.36,104.32,-36.85,29.02,33.17,14,,8102
GGRC11,Imóveis Industriais e Logísticos,9.91,4293508.14,0.1,1.0,3.01,6.12,12.55,1.0,1.02,1.05,11.47,-0.1,0.9,21.29,1883124192.27,10.98,0.9,0.91,-91.17,-91.09,-90.85,41,12.79,196654
GLOG11,Imóveis Industriais e Logísticos,66.0,68318.48,0.41,0.59,1.82,3.83,8.93,0.61,0.64,0.74,7.99,3.2,3.81,40.54,81573701.63,,,,,,,1,26.27,1863
GRUL11,Logística,8.19,127198.33,0.08,0.97,2.93,7.01,16.27,0.98,1.17,1.36,14.72,0.61,1.59,34.87,236547416.42,,,,,,,1,27.74,4731
GRWA11,Indefinido,7.54,2655.43,0.08,1.06,2.94,5.23,12.02,0.98,0.87,1.0,10.73,2.86,3.96,7.97,28030260.52,10.02,0.75,0.6,0.0,0.0,0.0,0,31.4,2140
GSFI11,Shoppings,9.8,1710119.95,0.0,0.03,0.03,0.03,0.03,0.01,0.0,0.0,0.03,0.0,0.03,0.03,1271507989.55,11.9,0.82,0.01,0.01,0.02,0.02,9,13.72,6263
GTLG11,Imóveis Industriais e Logísticos,63.99,22885.25,60.62,0.0,0.0,0.0,0.0,0.0,0.0,0.0,37.59,0.0,0.0,,118155565.38,60.62,1.06,100.0,-35.83,28.33,35.22,1,34.61,8102
GTWR11,Lajes Corporativas,76.51,445174.05,0.9,1.17,3.49,6.99,14.56,1.16,1.17,1.21,13.35,-2.89,-1.75,33.65,1197150989.42,99.76,0.77,0.9,5.34,6.29,11.9,3,11.94,34853
GURB11,Indefinido,108.0,5000076.0,0.7,0.65,0.0,0.0,0.0,0.0,0.0,0.0,0.65,0.0,0.0,,144652622.49,,,,,,,2,1.17,1
GZIT11,Indefinido,47.04,367721.48,0.78,1.67,5.22,10.44,22.41,1.74,1.74,1.87,18.19,4.1,5.84,60.4,1977067954.71,,,,,,,6,29.08,7140
HAAA11,Lajes Corporativas,55.85,1204.71,0.08,0.16,0.47,1.72,4.77,0.47,0.29,0.4,4.51,-6.1,-5.95,62.73,229770887.35,66.5,0.84,0.12,-25.83,-25.74,-24.54,2,73.06,220
HABT11,Papéis,69.43,804595.38,0.95,1.31,3.85,7.98,16.95,1.28,1.33,1.41,15.43,-7.85,-6.64,25.68,767921254.89,94.49,0.73,1.11,-5.3,-4.25,12.11,14,16.73,59574
HBCR11,Indefinido,138.0,40236.8,0.74,0.0,6.23,6.7,15.36,2.08,1.12,1.28,14.55,0.0,0.0,,189733496.29,,,,,,,3,58.35,35
HBRH11,Lajes Corporativas,90.8,14627.0,0.5,0.55,1.65,6.85,9.22,0.55,1.14,0.77,9.22,1.0,1.56,2.46,316852348.31,112.23,0.81,0.45,-0.86,-0.42,7.6,5,13.98,720
HCHG11,Papéis,76.23,89776.55,0.61,0.78,2.46,5.73,13.43,0.82,0.96,1.12,12.21,3.56,4.37,38.95,112421668.84,93.68,0.81,0.69,-7.36,-6.71,7.73,14,37.25,584
HCRA11,Indefinido,10.22,0.83,14.85,145.3,0.0,145.3,240.62,0.0,24.22,20.05,233.94,2.2,150.7,11.17,55216337.12,,,0.0,0.0,0.0,0.0,0,1350.75,113
HCRI11,Hospitalar,281.15,17912.81,2.73,1.02,3.01,6.3,12.95,1.0,1.05,1.08,10.68,-7.36,-6.41,25.85,65182632.76,325.91,0.86,0.84,5.83,6.72,14.2,1,37.04,2951
HCTR11,Papéis,21.9,339294.95,0.29,1.32,3.91,8.01,20.34,1.3,1.34,1.7,18.8,-4.37,-3.1,9.63,2289046114.5,103.65,0.21,0.29,-14.61,-14.36,0.97,14,37.87,136023
HDEL11,Imóveis Industriais e Logísticos,85.98,396.0,14.03,0.0,0.0,0.0,11.84,0.0,0.0,1.69,0.0,0.0,0.0,,89819358.52,,,,,,,1,63.65,108
HFOF11,Fundo de Fundos,6.06,979432.9,0.06,0.91,2.77,5.63,11.99,0.92,0.94,1.0,10.94,0.33,1.24,28.59,1735759977.11,7.55,0.8,0.74,-90.67,-90.6,-90.21,14,14.45,74690
HGAG11,Indefinido,11.01,432.27,0.1,0.0,1.29,9.92,16.79,0.43,1.65,1.4,14.54,0.0,0.0,,5832955.44,23.5,0.47,0.51,0.0,0.0,0.0,0,139.28,1073
HGBL11,Misto,9.0,60251.67,0.07,0.8,2.47,5.16,11.41,0.82,0.86,0.95,9.95,2.39,3.21,3.73,240007144.73,,,,,,,1,15.85,4583
HGBS11,Shoppings,19.91,1184283.19,0.15,0.75,2.26,4.71,10.11,0.75,0.79,0.84,9.22,-2.25,-1.52,22.55,2809814014.57,21.76,0.91,0.69,-90.19,-90.13,-89.07,17,14.77,136729
HGCR11,Papéis,91.63,1995118.19,1.0,1.05,3.29,6.66,13.53,1.1,1.11,1.13,12.45,-0.43,0.62,22.05,1494242952.19,96.91,0.95,1.08,-4.01,-2.97,10.33,14,13.68,100374
HGFF11,Fundo de Fundos,62.38,1552502.0,1.98,0.0,0.0,3.06,10.38,0.0,0.51,0.87,9.29,0.0,0.0,,203824815.19,71.18,0.88,0.96,-18.03,-17.25,-12.83,14,17.76,14789
HGIC11,Papéis,67.91,6281.6,0.8,1.26,3.59,7.09,14.04,1.2,1.18,1.17,12.83,-6.01,-4.83,-12.26,51392234.78,111.07,0.61,0.72,-3.18,-2.48,15.94,2,57.57,623
HGLG11,Imóveis Industriais e Logísticos,158.1,4428022.14,1.1,0.69,2.08,4.2,8.69,0.69,0.7,0.72,7.92,-1.77,-1.09,20.57,5490423267.35,162.5,0.97,0.68,5.5,6.21,23.13,28,12.44,513307
HGPO11,Lajes Corporativas,142.41,199704.48,57.05,48.22,0.0,0.0,0.0,0.0,0.0,0.0,62.51,5.05,55.71,101.25,254132034.94,155.61,0.92,36.66,-48.02,-28.96,-15.36,2,11.98,9846
HGRE11,Lajes Corporativas,118.53,1390265.0,0.85,0.73,2.17,5.9,10.89,0.72,0.98,0.91,10.06,-5.22,-4.53,37.41,1841716939.28,155.84,0.76,0.55,-0.67,-0.13,0.18,13,20.96,140775
HGRS11,Imóveis Residenciais,,,29.32,0.0,0.0,0.0,0.0,0.0,0.0,0.0,0.0,0.0,0.0,,118155565.38,92.86,,0.0,0.0,0.0,0.0,14,,8102
HGRU11,Misto,126.3,1935961.38,0.95,0.75,2.26,5.06,10.88,0.75,0.84,0.91,10.03,-0.2,0.54,31.55,2978293688.7,128.16,0.99,0.74,4.29,5.06,19.43,103,12.5,222198
HILG11,Indefinido,184.96,186.67,1.46,0.0,0.0,0.0,4.51,0.0,0.0,0.38,3.51,0.0,0.0,,108938197.83,,,,,,,1,10.35,114
HLOG11,Imóveis Industriais e Logísticos,9.02,50841.24,0.07,0.77,2.4,4.87,9.34,0.8,0.81,0.78,8.82,1.22,2.0,28.2,469937168.94,11.06,0.82,0.63,-90.5,-90.44,-89.41,3,13.36,3868
HOFC11,Lajes Corporativas,28.95,235144.57,0.21,0.65,0.0,0.0,0.0,0.0,0.0,0.0,2.01,75.72,76.86,67.59,216777654.67,,,,,,,3,48.52,4857
HOSI11,Imóveis Residenciais,86.98,6955.0,0.7,0.0,1.48,4.35,9.0,0.49,0.73,0.75,7.49,0.0,0.0,,61776169.48,107.73,0.81,0.59,17.02,17.71,24.52,14,40.17,1131
HPDP11,Shoppings,85.0,11951393.62,0.56,0.59,1.21,2.48,6.41,0.4,0.41,0.53,5.78,5.57,6.19,16.23,303850674.79,92.41,0.92,0.61,3.53,4.16,3.92,1,36.05,355
HRDF11,Fundo de Desenvolvimento,4.05,132.08,6.8,0.0,0.0,0.0,0.0,0.0,0.0,0.0,0.0,0.0,0.0,,10645447.22,,,,,,,14,103.21,893
HREC11,Papéis,8.36,210941.0,0.08,0.95,2.99,6.23,13.2,1.0,1.04,1.1,12.1,-0.24,0.71,29.47,447529988.11,8.66,0.97,0.98,-90.26,-90.16,-89.17,14,19.3,2523
HRES11,Imóveis Residenciais,145.45,2140733.0,2.19,0.0,0.0,0.0,6.65,0.0,0.0,0.6,5.58,0.0,0.0,,59507687.5,,,,,,,14,2.13,136
HSAF11,Papéis,76.27,206959.19,0.95,1.24,3.63,7.27,15.6,1.21,1.21,1.3,14.42,-4.67,-3.49,30.26,222856104.87,88.21,0.86,1.08,-3.43,-2.39,6.49,14,23.12,8627
HSLG11,Imóveis Industriais e Logísticos,87.35,622481.9,0.7,0.8,2.42,4.83,10.34,0.81,0.81,0.86,9.35,-0.02,0.78,29.31,1393217620.7,110.05,0.79,0.61,4.87,5.51,6.98,6,16.6,40616
HSML11,Shoppings,85.28,1599844.9,0.7,0.81,2.41,4.79,10.42,0.8,0.8,0.87,9.38,-0.37,0.44,23.29,2219330332.65,104.05,0.82,0.64,6.63,7.32,12.93,13,16.71,186783
HSRE11,Misto,104.03,1601.38,0.95,0.94,2.74,6.02,11.23,0.91,1.0,0.94,9.94,3.57,4.55,22.97,793425942.78,89.16,1.17,0.95,-7.16,-6.28,-0.32,22,24.14,373
HTMX11,Hotéis,138.8,384475.33,1.56,1.11,2.98,6.01,13.8,0.99,1.0,1.15,11.36,0.34,1.45,11.95,415741159.96,143.95,0.96,0.73,2.57,3.31,19.55,21,12.63,36275
HUCG11,Hospitalar,89.86,1413.59,0.7,0.82,0.82,0.82,0.82,0.82,0.82,0.82,0.82,0.0,0.0,,116300492.16,,,,,,,2,74.67,232
HUSC11,Hospitalar,97.7,3602.19,1.08,1.14,3.24,5.11,10.98,1.08,0.85,0.92,10.06,-1.55,-0.42,5.89,128095831.62,150.56,0.65,0.75,2.6,3.37,11.83,2,45.61,151
HUSI11,Hospitalar,1249.0,1249.0,8.42,0.0,0.0,1.38,4.94,0.0,0.23,0.41,0.71,0.0,0.0,,145342616.28,1249.06,1.0,0.73,25.77,26.69,33.26,14,40.7,100
IAAG11,Indefinido,7.7,98173.71,0.12,1.56,4.63,9.03,17.34,1.54,1.51,1.45,16.06,-1.79,-0.25,15.48,102840430.48,9.84,0.78,1.22,0.0,0.0,0.0,0,25.09,13040
IAGR11,Indefinido,3.95,14852.1,0.01,0.15,0.0,0.15,1.25,0.0,0.15,0.1,1.03,-3.18,-3.03,45.49,17345252.65,6.26,0.63,0.1,0.0,0.0,0.0,0,27.03,3489
IBBP11,Indefinido,8.47,14408.15,0.08,0.9,2.79,4.51,8.82,0.93,0.75,0.88,8.82,12.93,13.95,2.85,398708486.81,,,,,,,24,114.57,500
IBCR11,Papéis,49.21,31781.81,0.66,1.33,4.11,8.95,18.65,1.37,1.49,1.55,15.54,-1.8,-0.5,14.5,86993275.14,90.77,0.54,0.77,-3.35,-2.61,5.63,14,18.03,3919
IBFF11,Fundo de Fundos,66.4,162549.5,14.79,0.0,0.0,0.0,0.0,0.0,0.0,0.0,6.25,0.0,0.0,,118155565.38,14.78,4.49,100.08,-79.09,-58.15,-58.47,14,4.2,8102
ICNE11,Imóveis Residenciais,653.96,,11.89,0.0,0.0,0.0,1.68,0.0,0.0,0.14,7.64,0.0,0.0,,82867464.59,,,,,,,14,2.75,5
ICRI11,Misto,85.25,629795.48,1.0,1.13,3.09,6.53,15.13,1.03,1.09,1.26,13.42,-4.05,-2.97,18.77,386128135.58,,,,,,,14,18.43,8463
IDFI11,Indefinido,2.0,2592.8,1.56,78.04,0.0,0.0,0.0,0.0,0.0,0.0,1043.04,-54.34,-18.7,44259.43,3283391.87,1.6,1.25,269.79,-97.14,-89.43,-91.38,1,6.01,617
IDGR11,Misto,1.5,332.83,0.09,5.99,0.0,0.0,5.99,0.0,0.0,0.5,5.99,-50.98,-48.04,-48.04,79368.95,,,,,,,1,77.61,171
IDUA11,Imóveis Comerciais - Outros,64.42,,1.25,0.0,0.0,0.0,2.34,0.0,0.0,0.2,12.0,0.0,0.0,,26192582.34,,,,,,,14,1.97,1
IFRA11,Indefinido,94.34,1131952.29,0.85,0.89,2.69,6.61,13.25,0.9,1.1,1.1,12.09,-2.76,-1.89,19.1,,,,,,,,0,19.79,0
IFRI11,Misto,101.77,1123963.62,1.4,1.37,2.59,6.18,13.75,0.86,1.03,1.15,12.54,3.53,4.94,34.36,,,,,,,,0,17.16,0
IMOV11,Indefinido,,,0.09,0.0,0.0,0.0,0.0,0.0,0.0,0.0,0.0,0.0,0.0,,499442953.21,,,,,,,14,,13027
INFA11,Outros,9.82,,0.09,0.0,0.0,0.0,15.36,0.0,0.0,1.92,14.56,0.0,0.0,,,,,,,,,0,2.61,0
INFB11,Indefinido,98.45,4679.08,1.0,0.99,0.0,0.99,4.24,0.0,0.99,1.06,2.12,14.99,16.13,11.9,,,,,,,,0,88.9,0
INLG11,Imóveis Industriais e Logísticos,73.84,73640.86,0.74,1.0,3.04,6.2,13.17,1.01,1.03,1.1,11.96,-0.82,0.18,26.61,453401442.64,,,,,,,5,15.65,16655
INRD11,Fundo de Desenvolvimento,73.02,30114.71,0.66,0.88,2.65,5.25,11.11,0.88,0.88,0.93,10.17,1.46,2.35,32.5,134220770.26,,,,,,,5,20.83,6675
IRDM11,Papéis,58.31,4530028.09,0.76,1.27,3.67,7.42,15.35,1.22,1.24,1.28,12.73,-2.26,-1.02,21.02,2972355816.63,78.96,0.74,0.89,-14.91,-14.16,-10.72,1,15.27,265560
IRIF11,Papéis,8.63,15180.38,0.11,1.27,0.0,2.57,6.43,0.0,0.43,1.07,6.43,2.24,3.54,10.55,,,,,,,,0,34.79,0
IRIM11,Indefinido,74.41,92976.52,0.8,1.2,3.5,7.37,15.91,1.17,1.23,1.33,13.05,0.7,1.91,36.36,160651859.39,83.67,0.89,0.86,-14.03,-13.29,-9.99,14,18.96,2672
ISCJ11,Papéis,50.71,10174.0,1.6,3.16,73.25,74.22,110.63,24.42,12.37,9.22,115.01,20.74,24.55,19.18,32247797.88,,,,,,,14,328.22,69
ITIP11,Papéis,64.2,19160.0,0.71,1.08,3.47,7.16,13.9,1.16,1.19,1.16,12.88,1.2,2.29,19.34,51034602.05,68.21,0.94,1.14,-14.83,-13.86,-11.81,14,13.58,8280
ITIT11,Fundo de Fundos,68.5,40104.29,0.61,0.88,2.74,5.46,11.24,0.91,0.91,0.94,10.3,0.71,1.6,20.54,70264224.08,78.03,0.88,0.81,-1.18,-0.38,6.31,14,12.58,9894
ITRI11,Shoppings,76.34,444325.71,0.82,1.04,3.13,6.28,12.73,1.04,1.05,1.06,11.63,-2.9,-1.89,21.71,588097698.52,,,,,,,14,16.73,13680
IVCI11,Papéis,96.86,,2.1,0.0,0.0,0.0,8.33,0.0,0.0,0.76,5.17,0.0,0.0,,49422764.22,,,,,,,0,1.1,16
JASC11,Imóveis Comerciais - Outros,105.0,27046.43,0.69,0.69,0.69,1.33,5.06,0.69,0.22,0.42,3.85,0.0,0.0,,395181019.71,,,,,,,19,45.76,167
JBFO11,Papéis,15.03,82.0,7.77,0.0,0.0,0.0,111.75,0.0,0.0,9.31,0.77,0.0,0.0,,9919792.95,,,,,,,14,115.77,369
JCCJ11,Papéis,160.0,34541.36,0.36,0.22,0.43,0.66,2.39,0.43,0.66,0.2,1.8,0.0,0.0,,315131527.82,,,,,,,14,29.03,118
JCIN11,Fundo de Fundos,148.9,6649179.33,1.06,0.0,0.0,0.0,2.34,0.0,0.0,0.2,1.52,0.0,0.0,,208320850.76,,,,,,,14,22.43,6
JFLL11,Imóveis Residenciais,69.14,7877.67,0.8,1.16,2.93,5.0,9.6,0.98,0.83,0.8,9.6,1.19,2.37,11.03,159307954.78,106.16,0.65,0.38,5.13,5.53,14.67,233,17.8,2469
JGPX11,Indefinido,65.92,391778.19,1.2,1.84,5.24,8.89,15.01,1.75,1.48,1.25,14.01,-11.05,-9.41,36.56,205972530.49,96.19,0.69,1.27,0.23,1.5,12.54,0,34.03,5684
JMBI11,Outros,83.58,477478.43,1.16,1.34,1.34,5.55,12.26,0.45,0.93,1.11,12.26,2.82,4.2,19.32,,,,,,,,0,36.75,0
JPPA11,Papéis,77.75,59846.9,1.06,1.35,4.0,8.3,17.42,1.33,1.38,1.45,15.95,-1.74,-0.42,28.57,89024870.19,98.47,0.79,1.08,0.15,1.23,13.92,14,14.27,6534
JSAF11,Fundo de Fundos,7.39,1106611.14,0.09,1.15,3.42,7.01,14.86,1.14,1.17,1.24,13.62,-2.76,-1.64,15.75,694568518.9,8.96,0.82,0.95,-90.46,-90.37,-89.61,14,23.25,23161
JSCR11,Papéis,7.97,202501.86,0.1,1.18,3.52,6.98,39.19,1.17,1.16,3.27,25.28,-1.22,-0.06,43.46,206866481.89,,,,,,,14,27.65,3557
JSRE11,Misto,62.99,1082036.24,0.48,0.76,2.3,4.54,9.76,0.77,0.76,0.81,8.87,1.97,2.74,28.02,2119344809.75,102.05,0.62,0.47,-9.67,-9.24,-5.27,6,18.26,85833
JURO11,Indefinido,98.3,2127790.0,1.0,1.01,3.01,6.1,11.88,1.0,1.02,0.99,10.81,-3.2,-2.22,18.74,,,,,,,,0,15.85,0
KCRE11,Indefinido,8.43,288236.62,0.08,0.93,3.03,7.16,14.64,1.01,1.19,1.22,13.64,-0.35,0.58,22.98,336127365.83,9.34,0.9,0.96,-90.46,-90.37,-90.26,14,15.94,15958
KDIF11,Indefinido,122.68,2231034.14,1.3,1.05,2.91,5.82,12.53,0.97,0.97,1.04,11.48,0.33,1.39,20.41,,,,,,,,0,17.04,0
KDOL11,Misto,93.0,49852.53,0.5,0.54,1.55,3.03,6.06,0.52,0.51,0.55,5.53,0.0,0.54,-0.54,64860295.61,96.66,0.96,0.52,0.0,0.0,0.0,0,21.58,1818
KEVE11,Fundo de Desenvolvimento,846.01,295.33,34.53,0.0,0.0,0.0,19.89,0.0,0.0,1.66,8.59,0.0,0.0,,86810393.86,557.95,1.52,6.19,-40.15,-36.44,-38.89,14,131.47,438
KFEN11,Indefinido,1100.0,1571.43,7.96,0.0,0.0,0.0,4.4,0.0,0.0,0.49,4.4,0.0,0.0,,167140640.88,,,,,,,14,31.84,129
KFOF11,Fundo de Fundos,80.8,416244.48,0.8,0.98,2.99,5.82,12.31,1.0,0.97,1.03,11.24,2.14,3.15,30.46,632959650.68,90.24,0.9,0.89,-0.69,0.19,5.77,14,16.45,29728
KINP11,Fundo de Desenvolvimento,10.0,38394.2,2.9,0.0,0.0,0.0,0.0,0.0,0.0,0.0,19.95,0.0,0.0,,118155565.38,,,0.0,-100.0,0.0,0.0,14,12.74,8102
KISU11,Fundo de Fundos,6.74,233297.38,0.07,1.03,3.09,6.16,12.47,1.03,1.03,1.04,11.45,-0.88,0.14,15.82,360911025.15,8.17,0.82,0.86,-6.31,-5.5,-3.32,14,16.29,102625
KIVO11,Papéis,61.47,146497.1,0.85,1.36,4.2,8.92,18.46,1.4,1.49,1.54,17.03,-2.37,-1.04,17.32,190071981.38,,,,,,,14,22.45,6758
KNCA11,Indefinido,94.81,1680724.81,1.15,1.2,3.47,7.23,14.82,1.16,1.21,1.24,13.74,0.96,2.17,31.53,2213278053.48,102.47,0.93,0.98,0.28,1.26,12.67,0,18.05,79703
KNCR11,Papéis,105.2,7560971.95,1.33,1.26,3.82,7.48,14.03,1.27,1.25,1.17,13.02,0.81,2.08,27.62,7801759494.62,101.97,1.03,1.32,1.21,2.55,16.08,14,9.93,444401
KNHF11,Indefinido,91.99,1702995.62,1.0,1.07,3.21,6.54,13.41,1.07,1.09,1.12,12.25,-1.99,-0.94,36.17,1961209345.53,,,,,,,3,17.1,50223
KNHY11,Papéis,98.67,1893190.9,1.0,1.0,3.26,7.22,14.87,1.09,1.2,1.24,13.73,-1.01,-0.02,25.25,3038831120.34,98.1,1.01,1.33,0.36,1.69,14.86,14,11.19,25998
KNIP11,Papéis,86.12,4780234.19,0.62,0.7,2.19,5.18,12.47,0.73,0.86,1.04,11.38,0.28,0.99,19.83,7306529480.65,91.24,0.94,0.77,-2.79,-2.05,6.93,14,10.74,72162
KNOX11,Indefinido,101.99,515062.43,2.64,2.68,0.0,2.68,8.58,0.0,0.45,0.72,2.68,6.21,9.06,9.06,,,,,,,,0,19.24,0
KNPR11,Indefinido,,,3.3,0.0,0.0,0.0,0.0,0.0,0.0,0.0,0.0,0.0,0.0,,55332948.28,,,,,,,14,,594
KNRE11,Fundo de Desenvolvimento,0.32,1274.0,0.0,1.68,0.0,1.68,338.66,0.0,0.28,28.22,338.66,575.0,586.34,1099.67,11785883.14,0.76,0.42,9.22,0.0,9.22,0.46,14,371.11,5854
KNRI11,Misto,146.09,2933754.38,1.0,0.68,2.07,4.18,8.79,0.69,0.7,0.73,7.98,0.07,0.75,29.86,4606086252.04,163.31,0.89,0.61,2.17,2.8,11.38,20,15.15,299922
KNSC11,Papéis,8.62,2676113.67,0.09,1.03,3.19,6.51,13.66,1.06,1.09,1.14,12.63,-0.34,0.69,27.48,1770387590.08,8.76,0.98,1.03,-90.06,-89.96,-88.9,14,14.83,230776
KNUQ11,Indefinido,102.61,2150815.24,1.25,1.19,3.72,7.9,15.35,1.24,1.32,1.28,14.27,0.15,1.34,30.51,2179657621.2,,,,,,,14,10.97,41290
KOPA11,Indefinido,705.03,209793.29,10.0,1.25,6.71,13.61,25.59,2.24,2.27,2.13,33.73,-5.11,-3.92,74.95,312138377.39,880.06,0.8,4.55,0.0,0.0,0.0,0,25.57,3429
KORE11,Lajes Corporativas,68.08,1234590.43,1.25,1.78,5.28,10.02,20.19,1.76,1.67,1.68,18.46,-3.6,-1.89,16.53,1019301616.47,,,,,,,4,22.69,27501
KRES11,Misto,,,0.0,0.0,0.0,0.0,0.0,0.0,0.0,0.0,0.0,0.0,0.0,,234121530.01,,,,,,,1,,131
LAFI11,Misto,120.53,20738.0,3.84,0.0,0.0,4.3,12.22,0.0,2.15,6.11,12.22,0.0,0.0,,89281817.89,111.46,1.08,4.43,0.0,0.0,0.0,0,42.31,1270
LASC11,Shoppings,100.0,1578252.0,0.69,0.7,2.27,13.49,17.77,0.76,2.25,1.48,17.77,-0.12,0.58,28.31,380409884.01,129.38,0.77,4.43,20.96,26.32,26.86,2,58.37,452
LAVF11,Indefinido,,,1.3,0.0,0.0,0.0,0.0,0.0,0.0,0.0,0.0,0.0,0.0,,118155565.38,,,,,,,14,,8102
LFTT11,Papéis,2.1,598719.0,0.21,0.0,0.0,79.27,80801779.68,0.0,13.21,6733481.64,187.89,0.0,0.0,,33927760.16,51.02,0.04,0.41,27.42,27.95,-54.91,51,437.13,8
LGCP11,Imóveis Industriais e Logísticos,82.95,163106.04,0.8,1.13,3.17,5.76,10.78,1.06,0.96,0.9,10.78,-7.22,-6.17,-7.05,457171677.92,101.32,0.82,0.79,-1.43,-0.65,7.48,5,9.47,19183
LIFE11,Imóveis Comerciais - Outros,8.1,313577.76,0.12,1.44,4.26,8.42,17.72,1.42,1.4,1.48,16.11,-1.3,0.12,16.09,370833126.75,,,,,,,14,26.78,18532
LLAO11,Misto,57.2,57.0,7.31,11.32,0.0,0.0,13.43,0.0,0.0,1.92,11.32,-2.11,8.97,8.97,18523781.83,,,,,,,12,29.75,78
LOFT11B,Fundo de Desenvolvimento,29.9,,47.9,0.0,0.0,0.0,0.0,0.0,0.0,0.0,142.96,0.0,0.0,,1717387.25,,,,,,,2,,8
LPLP11,Indefinido,260.88,950103.0,0.07,0.0,0.0,0.0,1.16,0.0,0.0,0.1,11.25,0.0,0.0,,281433091.88,,,,,,,14,84.88,27
LRDI11,Indefinido,119.5,423.0,3.24,0.0,0.0,13.52,13.52,0.0,6.76,6.76,13.52,0.0,0.0,,29665237.52,,,,,,,14,159.59,100
LSAG11,Indefinido,75.71,32303.9,1.02,1.32,4.44,8.99,18.75,1.48,1.5,1.56,18.75,2.44,3.79,42.03,99412667.01,98.49,0.77,1.12,0.0,0.0,0.0,0,19.88,2776
LSOI11,Misto,12.26,87738.5,0.1,0.0,0.0,0.0,0.0,0.0,0.0,0.0,0.0,0.0,0.0,,63871746.34,,,,,,,2,,27
LSPA11,Papéis,24.01,453.61,20.85,86.84,0.0,0.0,90.52,0.0,0.0,7.54,299.45,0.0,86.84,153.73,8473824.04,,,,,,,14,73.62,727
LTMT11,Imóveis Residenciais,98.42,42025.0,8.38,8.8,0.0,0.0,0.0,0.0,0.0,0.0,8.8,0.0,0.0,,15395644.8,,,,,,,1,15.94,109
LUGG11,Imóveis Residenciais,72.82,23956.0,0.59,0.88,2.59,5.08,9.23,0.86,0.85,0.77,9.23,-3.2,-2.35,-10.08,132968746.75,117.6,0.62,0.51,-7.97,-7.5,-0.34,5,10.07,7962
LVBI11,Imóveis Industriais e Logísticos,106.08,2094813.57,0.75,0.71,2.13,4.36,9.52,0.71,0.73,0.79,8.61,-3.21,-2.52,26.26,1896600315.61,117.67,0.9,0.64,1.88,2.53,7.79,11,18.21,128386
MALL11,Shoppings,99.9,1230798.43,0.86,0.85,2.54,5.27,10.16,0.85,0.88,0.85,6.13,1.45,2.31,17.74,1694865745.73,121.22,0.82,0.7,1.09,1.8,18.43,11,12.5,129577
MANA11,Indefinido,8.81,570142.95,0.11,1.24,3.73,7.56,15.95,1.24,1.26,1.33,14.49,-1.34,-0.11,36.24,349492784.97,,,,,,,14,14.49,30325
MATV11,Indefinido,86.63,13027.43,0.6,0.73,0.0,0.0,0.0,0.0,0.0,0.0,3.11,-1.41,-0.69,-1.08,118155565.38,91.09,0.95,0.66,-1.89,-1.24,-0.18,1,0.37,8102
MAXR11,Varejo,64.9,19537.9,0.19,0.29,1.49,3.34,17.03,0.5,0.56,1.42,6.02,1.03,1.32,17.46,115179341.62,102.21,0.63,0.44,-16.96,-16.59,-10.43,7,17.32,4122
MBRF11,Lajes Corporativas,,,0.5,0.0,0.0,0.0,0.0,0.0,0.0,0.0,0.0,0.0,0.0,,,1136.01,,0.88,-0.17,0.71,10.03,0,,0
MCCI11,Papéis,89.1,1714525.05,1.0,1.09,3.38,6.63,13.53,1.13,1.11,1.13,11.33,1.69,2.8,45.25,1579926195.16,93.16,0.96,1.07,0.71,1.79,6.52,14,16.0,111023
MCEM11,Shoppings,66.09,56041.88,0.67,1.03,3.07,5.31,5.31,1.02,0.89,0.89,5.31,-0.71,0.31,31.31,114532364.28,,,,,,,14,553.65,200
MCHF11,Papéis,9.1,1778820.09,2.59,0.0,0.0,0.0,0.0,0.0,0.0,0.0,1.51,0.0,0.0,,118155565.38,10.38,0.88,0.67,9.15,9.88,12.93,1,7.84,8102
MCHY11,Papéis,8.58,4789731.61,0.1,1.39,3.81,7.19,13.89,1.27,1.2,1.16,13.89,-12.22,-11.0,-21.94,1060212799.64,9.5,0.9,1.05,-90.53,-90.43,-89.35,1,26.95,93666
MCLO11,Imóveis Industriais e Logísticos,10.29,219682.4,0.08,0.0,1.68,3.62,3.62,0.56,0.6,0.52,3.62,0.0,0.0,,1712845149.77,,,,,,,5,29.03,207
MCRE11,Papéis,8.81,1265481.19,0.11,1.24,3.79,7.68,16.31,1.26,1.28,1.36,13.38,0.57,1.82,58.18,1131826368.88,,,,,,,1,17.67,84253
MFAI11,Fundo de Fundos,69.98,11326.82,34.18,48.84,0.0,0.0,48.84,0.0,0.0,4.07,56.24,2.66,52.79,89.75,27463042.22,,,0.0,-100.0,0.0,0.0,14,0.02,2301
MFII11,Fundo de Desenvolvimento,75.81,717762.76,1.07,1.4,4.05,8.11,16.62,1.35,1.35,1.39,15.22,-4.82,-3.49,6.35,620062987.41,104.0,0.73,1.02,-1.64,-0.63,9.86,1,21.86,32641
MGCR11,Papéis,9.4,259145.59,0.33,0.0,0.0,0.0,0.0,0.0,0.0,0.0,8.0,0.0,0.0,,118155565.38,9.78,0.96,1.02,-89.08,-88.97,-88.55,14,14.56,8102
MGFF11,Fundo de Fundos,69.99,2558695.75,4.26,0.0,0.0,0.0,0.0,0.0,0.0,0.0,0.0,0.0,0.0,,118155565.38,73.54,0.95,0.71,2.57,3.29,-0.09,14,8.07,8102
MGHT11,Hotéis,16.85,9089.19,0.13,0.42,0.0,0.0,0.0,0.0,0.0,0.0,7.24,-14.42,-14.07,-21.9,30437892.88,50.81,0.33,0.26,-40.63,-40.48,-43.69,1,50.51,4019
MGLG11,Imóveis Industriais e Logísticos,40.99,55314.19,0.35,0.86,2.58,4.56,11.69,0.86,0.76,0.97,0.86,-3.6,-2.77,-2.77,116088485.68,61.55,0.67,0.57,57.54,58.43,-18.62,2,27.79,3712
MGRI11,Indefinido,58.18,,1.12,0.0,0.0,0.0,14.86,0.0,0.0,1.24,12.42,0.0,0.0,,17598681.39,,,,,,,1,3.52,1
MINT11,Educacional,96.5,2171.2,14.67,15.2,0.0,0.0,15.2,0.0,0.0,7.6,19.77,-5.85,8.46,14.95,50527673.91,,,,,,,3,6.46,94
MMPD11,Indefinido,,,0.98,0.0,0.0,0.0,0.0,0.0,0.0,0.0,0.0,0.0,0.0,,59165034.36,,,,,,,14,,102
MORE11,Fundo de Fundos,76.21,1327577.67,6.02,0.0,0.0,0.0,0.0,0.0,0.0,0.0,0.0,0.0,0.0,,118155565.38,86.87,0.88,0.81,4.88,5.72,2.91,14,2.67,8102
MXRF11,Papéis,9.66,5381501.24,0.1,1.04,3.1,6.3,12.89,1.03,1.05,1.07,11.72,-1.13,-0.1,27.1,4117015862.52,9.41,1.03,1.06,-6.92,-5.93,-0.44,3,11.15,1331737
NAVT11,Papéis,70.27,33938.85,0.75,1.07,3.22,6.59,13.94,1.07,1.1,1.16,11.36,0.82,1.9,36.23,53205133.08,86.9,0.81,0.86,-2.99,-2.15,-1.03,14,33.12,2505
NCHB11,Papéis,7.97,63111.7,0.11,1.34,4.06,7.73,15.13,1.35,1.29,1.26,4.06,11.1,12.58,10.18,148979591.77,9.75,0.82,1.02,-89.12,-89.01,-88.6,14,17.09,11451
NCRI11,Papéis,8.63,2329.14,0.1,1.12,3.52,7.4,15.46,1.17,1.23,1.29,12.84,6.95,8.15,38.63,39283357.89,,,,,,,1,40.03,1198
NELO11,Logística,,,11.4,0.0,0.0,0.0,0.0,0.0,0.0,0.0,0.0,0.0,0.0,,437313255.98,996.84,,3.66,0.0,0.0,0.0,57,,2
NEWL11,Imóveis Industriais e Logísticos,104.99,147026.43,0.95,0.92,2.73,5.5,11.7,0.91,0.92,0.98,10.72,-2.37,-1.47,18.34,365869029.14,130.19,0.81,0.73,8.41,9.2,24.62,3,15.16,9881
NEWU11,Lajes Corporativas,99.95,15313.13,0.25,0.0,0.42,0.84,1.44,0.42,0.84,0.12,1.35,0.0,0.0,,62150110.58,83.76,1.19,0.24,20.33,20.61,29.26,3,49.58,1093
NEXG11,Agricultura,118.0,57542.42,1.1,0.93,2.48,4.77,8.96,0.83,0.8,0.75,8.46,-10.6,-9.77,9.95,70320195.66,100.67,1.17,0.99,0.0,0.0,0.0,0,28.16,649
NSLU11,Hospitalar,209.74,174429.9,1.64,0.77,2.47,5.44,11.95,0.82,0.91,1.0,10.88,3.72,4.52,63.16,272110207.72,210.4,1.0,0.77,5.77,6.58,13.09,1,23.23,5245
NUIF11,Indefinido,92.58,84857.43,1.35,1.43,3.96,7.91,15.34,1.32,1.32,1.28,13.02,-0.71,0.71,27.6,,,,,,,,0,30.18,0
NVHO11,Hospitalar,12.02,994.08,0.09,0.0,2.22,4.32,8.85,0.74,0.72,0.74,8.85,0.0,0.0,,690075364.8,16.63,0.72,0.52,19.21,19.83,40.21,4,62.03,1796
NVIF11B,Fundo de Desenvolvimento,227.5,,1.11,0.0,0.0,0.0,0.0,0.0,0.0,0.0,0.0,0.0,0.0,,88829544.94,263.28,0.86,0.42,-15.74,-15.38,5.4,2,,7
NVRP11,Indefinido,150.0,5250.0,64.73,107.4,0.0,0.0,107.4,0.0,0.0,107.4,107.4,0.0,0.0,,,,,,,,,0,132.18,0
OBAL11,Imóveis Residenciais,1095.0,1095.0,81.96,0.0,0.0,0.0,7.34,0.0,0.0,3.67,7.34,0.0,0.0,,193583725.83,,,,,,,4,19.87,108
OCRE11,Papéis,89.6,8311.81,0.65,0.0,1.39,3.91,8.71,0.46,0.65,0.73,7.56,0.0,0.0,,64634620.99,,,,,,,1,76.41,466
OGHY11,Indefinido,8.72,22847.1,9.4,0.0,0.0,0.0,0.0,0.0,0.0,0.0,0.99,0.0,0.0,,118155565.38,,,,,,,14,57.14,8102
OGIN11,Misto,8.08,45124.62,0.1,1.19,2.31,4.83,8.29,0.77,0.81,0.69,6.91,4.86,6.11,-4.37,,,,,,,,0,22.16,0
OIAG11,Indefinido,8.55,103883.19,0.12,1.4,4.22,8.54,17.52,1.41,1.42,1.46,16.0,-0.93,0.46,52.77,88836435.01,9.83,0.87,1.17,0.0,0.0,0.0,0,17.44,13098
ONDV11,Exploração de Imóveis,10.3,838.1,0.13,1.25,3.77,3.77,3.77,1.26,0.63,0.47,3.77,-0.29,0.96,3.91,12038826.49,,,,,,,14,41.93,319
ONEF11,Lajes Corporativas,200.03,114431.47,2.85,0.0,0.0,0.0,0.0,0.0,0.0,0.0,0.0,0.0,0.0,,118155565.38,182.79,1.09,17.78,-9.26,6.88,30.26,14,9.4,8102
OPTM11,Misto,,,0.14,0.0,0.0,0.0,0.0,0.0,0.0,0.0,0.0,0.0,0.0,,4742653.86,,,,,,,1,,14
ORPD11,Fundo de Desenvolvimento,93.0,402.75,1.38,0.0,0.0,0.0,0.0,0.0,0.0,0.0,0.0,0.0,0.0,,40988624.14,124.68,0.75,1.11,0.95,2.06,2.06,14,24.8,6
OUFF11,Fundo de Fundos,61.1,264340.11,0.76,1.25,0.0,0.0,0.0,0.0,0.0,0.0,7.1,-1.44,-0.2,-4.01,118155565.38,78.55,0.78,0.96,3.49,4.49,11.0,1,0.13,8102
OUJP11,Papéis,75.0,224932.57,1.05,1.38,4.24,8.67,17.43,1.41,1.45,1.45,16.12,-0.14,1.23,29.49,325930863.74,100.21,0.75,1.0,0.32,1.32,16.44,14,17.36,26918
OULG11,Imóveis Industriais e Logísticos,27.11,415102.48,15.52,37.02,37.71,37.71,40.04,12.57,6.29,3.34,40.04,9.2,49.62,85.89,121411182.3,61.67,0.44,0.03,-7.83,-7.8,-14.65,1,45.56,3320
OURE11,Misto,78.2,224923.68,1.09,1.39,0.0,0.0,0.0,0.0,0.0,0.0,8.68,3.84,5.28,19.42,118155565.38,100.43,0.78,1.08,10.33,11.52,23.93,1,6.17,8102
PABY11,Fundo de Desenvolvimento,10.48,64.7,0.13,,,,,,,,,,,,-24156440.71,251.42,0.04,0.0,1.74,1.74,5.49,15,47.83,494
PATA11,Misto,10.6,18909.37,0.92,9.02,11.01,13.79,20.69,3.67,2.3,1.72,19.67,-0.49,8.49,18.2,17074596.1,,,,,,,14,81.83,278
PATB11,Lajes Corporativas,,,3.69,0.0,0.0,0.0,0.0,0.0,0.0,0.0,0.0,0.0,0.0,,841513589.38,,,,,,,3,,1
PATC11,Fundo de Desenvolvimento,41.91,17159.35,0.05,0.12,0.38,1.09,3.67,0.38,0.18,0.31,3.23,6.18,6.3,27.06,143140604.46,41.16,1.02,0.12,-46.12,-46.05,-48.49,4,14.21,5037
PATL11,Imóveis Industriais e Logísticos,60.0,357286.33,0.57,0.94,2.85,6.4,14.28,0.95,1.07,1.19,12.92,1.17,2.12,64.37,484350198.39,97.03,0.62,0.59,-1.11,-0.53,6.93,4,24.3,25657
PCAS11,Indefinido,,,142.86,0.0,0.0,0.0,0.0,0.0,0.0,0.0,0.0,0.0,0.0,,269660674.91,,,,,,,4,,100
PCIP11,Papéis,81.47,1400165.0,0.85,1.02,3.48,7.26,15.25,1.16,1.21,1.27,12.8,-2.83,-1.84,32.57,1579141666.56,,,,,,,0,18.69,113265
PEMA11,Papéis,38.72,1676.0,1.54,4.86,7.93,9.81,24.46,2.64,1.64,2.04,21.57,0.16,5.03,7.73,33318658.16,,,,,,,14,131.26,291
PFIN11,Indefinido,77.96,795759.19,0.75,0.99,0.99,1.97,4.01,0.99,0.33,0.33,1.97,-1.14,-0.16,21.29,,,,,,,,0,18.37,0
PICE11,Indefinido,32.0,22016.81,0.5,1.35,1.35,1.35,2.51,0.45,0.23,0.21,2.51,7.5,8.95,1.37,,,,,,,,0,42.38,0
PLAG11,Indefinido,49.49,114036.19,0.48,0.98,2.89,5.88,12.45,0.96,0.98,1.04,11.38,-3.77,-2.82,34.03,336205892.48,,,,,,,12,10.32,15376
PLCA11,Indefinido,70.03,29734.76,1.0,1.4,4.22,8.51,16.61,1.41,1.42,1.38,15.14,0.42,1.83,32.02,53473303.15,96.0,0.73,1.04,0.0,0.0,0.0,0,16.53,2515
PLCR11,Papéis,78.2,864020.0,5.23,0.0,0.0,2.32,9.62,0.0,0.39,0.8,8.48,0.0,0.0,,175914246.15,83.4,0.94,1.08,-8.04,-7.05,2.32,1,21.96,14034
PLOG11,Imóveis Industriais e Logísticos,66.71,70165.04,0.7,0.99,3.05,6.1,12.13,1.02,1.02,1.01,4.09,2.01,3.02,0.55,79648071.76,100.39,0.66,0.75,-0.02,0.72,8.77,1,16.63,3284
PLRI11,Papéis,9.99,1443.4,0.11,0.88,0.0,0.88,34.57,0.0,0.88,2.88,34.57,-20.67,-19.97,32.02,14066834.64,14.69,0.68,0.75,-54.32,-53.98,-60.85,1,114.58,845
PMFO11,Misto,88.16,83.5,0.84,0.0,0.0,0.0,5.81,0.0,0.0,0.48,4.87,0.0,0.0,,86208589.95,,,,,,,14,24.55,195
PMIS11,Misto,7.77,88371.0,0.09,1.17,3.5,7.2,14.8,1.17,1.2,1.23,13.48,-2.72,-1.58,19.03,137823511.39,,,,,,,14,24.68,6907
PMLL11,Shoppings,100.94,2940840.05,0.86,0.85,2.55,5.14,10.42,0.85,0.86,0.87,9.57,-0.76,0.09,21.39,1710618503.95,,,,,,,11,12.11,125954
PNCR11,Imóveis Residenciais,46.76,350700.0,46.09,0.0,0.0,0.0,2.06,0.0,0.0,0.17,12.84,0.0,0.0,,23037047.12,,,,,,,14,49.91,112
PNDL11,Fundo de Desenvolvimento,1000.0,1400000.0,3.0,0.0,0.0,0.0,0.0,0.0,0.0,0.0,0.0,0.0,0.0,,153120942.63,,,,,,,14,10.46,55
PNPR11,Fundo de Desenvolvimento,48.0,5000064.0,19.05,25.23,0.0,0.0,25.23,0.0,0.0,8.41,25.23,0.0,0.0,,32773101.68,,,,,,,1,36.0,17
PNRC11,Indefinido,59.34,60.0,0.63,0.0,0.0,1.11,26.28,0.0,0.19,2.19,2.81,0.0,0.0,,17166146.48,,,,,,,14,60.78,104
PORD11,Papéis,7.97,312928.05,0.1,1.23,3.67,7.04,14.25,1.22,1.17,1.19,13.01,0.75,1.99,28.39,356673061.69,9.57,0.83,0.99,-90.24,-90.15,-89.09,1,17.07,46915
PPEI11,Indefinido,81.77,338363.52,4.25,5.0,0.0,5.0,10.34,0.0,0.83,1.48,5.0,13.57,19.25,19.25,,,,,,,,0,32.44,0
PQAG11,Imóveis Industriais e Logísticos,54.49,359.36,0.48,0.0,1.66,4.24,9.49,0.55,0.71,0.79,8.63,0.0,0.0,,774367067.8,55.34,0.98,0.85,-3.35,-2.53,7.07,1,36.73,462
PQDP11,Shoppings,2359.99,478416.14,17.3,0.74,2.11,4.99,10.8,0.7,0.83,0.9,9.78,-2.23,-1.5,38.22,350952708.68,3302.96,0.71,0.43,5.4,5.86,2.34,1,20.88,3267
PRIF11,Indefinido,101.5,1684.2,1.0,0.0,0.0,1.03,2.95,0.0,0.34,0.98,2.95,0.0,0.0,,,,,,,,,0,91.71,0
PRSV11,Lajes Corporativas,33.02,1314.06,14.1,0.0,0.0,0.0,0.0,0.0,0.0,0.0,0.0,0.0,0.0,,32480916.02,364.23,0.09,0.44,-0.03,0.41,-3.81,1,91.46,812
PRTS11,Shoppings,15002.63,3866546832.2,0.05,0.0,0.0,0.0,0.0,0.0,0.0,0.0,0.0,0.0,0.0,,118155565.38,,,,,,,14,19.85,8102
PULV11,Papéis,8.85,20590.5,0.1,0.0,2.16,5.77,13.2,0.72,0.96,1.1,12.13,0.0,0.0,,120131234.68,,,,,,,14,50.78,987
PVBI11,Lajes Corporativas,75.11,2635883.33,0.45,0.61,1.79,3.78,8.1,0.6,0.63,0.68,7.31,-5.56,-4.99,13.8,2924197797.83,107.78,0.7,0.42,4.25,4.68,13.61,7,20.26,162356
QAGR11,agro,41.0,258464.62,0.46,0.97,3.23,6.33,12.35,1.08,1.06,1.03,4.28,17.02,18.16,15.11,305270267.01,60.57,0.68,0.76,8.47,9.29,8.23,12,9.7,17348
QAMI11,Papéis,84.68,67019.0,1.0,1.17,0.0,0.0,0.0,0.0,0.0,0.0,11.32,6.69,7.94,14.22,118155565.38,92.8,0.91,1.08,1.42,2.51,14.58,14,112.81,8102
QIRI11,Papéis,78.04,6867.57,89.64,0.0,0.0,0.0,0.0,0.0,0.0,0.0,6.9,0.0,0.0,,118155565.38,89.61,0.87,100.03,-0.41,99.21,116.58,14,9.65,8102
QNTS11,Indefinido,,,0.85,0.0,0.0,0.0,0.0,0.0,0.0,0.0,0.0,0.0,0.0,,236066398.4,,,,,,,2,,135
RBCO11,Lajes Corporativas,,,0.5,0.0,0.0,0.0,0.0,0.0,0.0,0.0,0.0,0.0,0.0,,,90.22,,0.22,1.03,1.25,-7.08,0,,0
RBDS11,Fundo de Desenvolvimento,1.9,262.0,2.35,12.63,0.0,0.0,0.0,0.0,0.0,0.0,12.63,0.0,0.0,,2413329.77,22.98,0.08,0.0,0.0,0.0,0.0,14,125.1,819
RBFF11,Fundo de Fundos,48.97,123313.9,0.51,1.04,3.11,6.11,12.74,1.04,1.02,1.06,11.65,-4.06,-3.06,18.28,232880543.0,62.11,0.79,0.82,-2.69,-1.9,4.98,14,23.37,26009
RBGS11,Shoppings,28.45,,0.18,0.62,0.0,0.0,0.0,0.0,0.0,0.0,0.62,-1.9,-1.29,-1.29,118155565.38,90.78,0.31,0.18,0.0,0.18,1.17,14,,8102
RBHG11,Papéis,63.0,99912.14,0.8,1.26,3.67,7.26,14.79,1.22,1.21,1.23,13.59,-3.8,-2.59,2.61,188358419.7,86.88,0.73,0.92,-5.65,-4.78,5.38,14,22.07,8199
RBHY11,Papéis,76.66,108324.33,1.05,1.39,4.14,8.2,16.7,1.38,1.37,1.39,15.34,0.6,2.0,19.56,172430549.52,91.06,0.84,1.15,-3.25,-2.14,11.11,14,17.84,3265
RBIF11,Indefinido,72.42,77205.14,0.95,1.31,3.93,7.84,16.16,1.31,1.31,1.35,14.88,-1.21,0.08,24.16,,,,,,,,0,22.66,0
RBIR11,Fundo de Desenvolvimento,91.1,208108.71,3.93,4.25,8.51,12.22,21.08,2.84,2.04,1.76,18.38,-5.17,-1.14,49.42,145952702.06,,,,,,,14,24.11,1518
RBLG11,Imóveis Industriais e Logísticos,53.25,560.4,0.61,0.0,0.0,2.27,9.29,0.0,0.38,0.77,6.8,0.0,0.0,,41701908.07,65.31,0.82,0.93,-35.0,-34.39,-32.0,1,108.36,246
RBOP11,Lajes Corporativas,211.99,5492.62,3.5,0.97,0.0,0.0,0.97,0.0,0.0,0.97,16.71,-0.4,0.57,101.33,69511525.68,,,,,,,2,49.61,2823
RBRD11,Varejo,40.33,25634.0,0.55,1.36,3.85,7.8,16.41,1.28,1.3,1.37,15.21,0.5,1.87,48.57,120390682.01,65.01,0.62,0.77,-1.78,-1.03,-3.02,4,22.6,7466
RBRF11,Fundo de Fundos,6.66,2739709.0,0.12,0.0,1.83,4.45,12.48,0.61,0.74,1.04,9.23,0.0,0.0,,1181171952.46,8.7,0.77,0.69,-89.37,-89.3,-89.23,1,17.08,113715
RBRI11,Fundo de Desenvolvimento,755.79,1984.0,114.56,12.12,37.79,42.91,84.48,12.6,7.15,7.04,74.38,39.71,56.64,308.8,84343974.51,,,,,,,1,355.33,132
RBRL11,Imóveis Industriais e Logísticos,85.92,257380.71,0.75,0.87,2.67,5.44,12.41,0.89,0.91,1.03,11.17,1.75,2.64,54.99,704040876.45,105.28,0.82,0.71,-1.85,-1.15,6.9,6,20.06,13133
RBRM11,Fundo de Desenvolvimento,94794.81,,5302.02,0.0,0.0,0.0,0.0,0.0,0.0,0.0,0.0,0.0,0.0,,2860101.93,,,,,,,14,,54
RBRP11,Lajes Corporativas,51.66,409465.52,0.4,0.77,2.33,4.78,10.94,0.78,0.8,0.91,9.78,-1.41,-0.65,22.48,936579330.17,76.9,0.67,0.52,-5.88,-5.39,-1.65,6,21.61,60561
RBRR11,Papéis,86.26,1964422.14,0.8,0.92,2.98,6.41,13.38,0.99,1.07,1.12,11.22,-1.03,-0.12,33.48,1385291133.91,92.0,0.94,0.92,-2.2,-1.3,1.6,14,13.91,129939
RBRS11,Fundo de Desenvolvimento,41.83,27880.19,0.34,0.77,1.52,4.16,5.0,0.51,0.69,0.42,5.0,-20.92,-20.31,-5.39,166233661.79,95.85,0.44,0.07,1.87,1.94,8.05,4,52.69,941
RBRX11,Indefinido,7.9,633929.67,0.09,1.15,3.43,6.89,13.56,1.14,1.15,1.13,11.29,-2.98,-1.87,30.81,284165238.04,,,,,,,14,17.35,10699
RBRY11,Papéis,96.39,2528345.62,1.25,1.31,3.89,7.61,15.01,1.3,1.27,1.25,12.63,-0.25,1.06,49.57,1270278249.79,99.48,0.97,1.26,-0.41,0.84,6.05,14,14.5,64050
RBTS11,Fundo de Desenvolvimento,311.04,311.0,39.81,0.0,0.0,0.0,51.51,0.0,0.0,4.29,26.82,0.0,0.0,,21375742.71,380.02,0.82,1.63,-65.26,-64.69,-58.05,14,234.08,129
RBVA11,Varejo,9.55,981677.95,0.09,0.93,2.93,6.15,12.94,0.98,1.03,1.08,11.9,4.42,5.39,26.26,1649651476.39,10.57,0.9,0.85,-90.34,-90.25,-88.4,82,16.5,85769
RBVO11,Papéis,5.32,1143.43,5.66,106.3,0.0,0.0,106.3,0.0,0.0,8.86,168.13,-80.93,-60.65,146.57,2882596.37,,,0.0,-100.0,0.0,0.0,14,14.29,6943
RCFF11,Fundo de Fundos,98.0,588.0,3.55,3.76,0.0,3.76,38.52,0.0,0.63,3.85,9.17,-3.73,-0.12,59.38,33362820.26,98.56,0.99,3.6,7.75,11.63,12.01,14,109.72,130
RCRB11,Lajes Corporativas,128.28,204380.67,0.94,0.73,2.17,3.58,8.24,0.72,0.6,0.69,7.23,0.56,1.29,24.9,727844656.29,197.21,0.65,0.47,-4.89,-4.44,4.9,9,29.38,25061
RDCI11,Indefinido,,,1.44,0.0,0.0,0.0,0.0,0.0,0.0,0.0,0.0,0.0,0.0,,254888422.99,,,,,,,14,,116
RECD11,Papéis,8.22,97.86,0.09,1.04,2.95,27.96,36.37,0.98,4.66,3.03,36.37,-1.54,-0.52,45.53,44459472.22,,,,,,,0,207.64,324
RECM11,Papéis,8.63,3204.95,0.12,1.39,4.19,8.46,16.02,1.4,1.41,1.46,15.07,0.35,1.74,18.48,81170631.04,,,,,,,0,68.27,750
RECR11,Papéis,78.15,1326775.48,0.8,1.03,2.92,6.57,15.7,0.97,1.1,1.31,14.2,-2.2,-1.2,40.32,2344058567.6,88.65,0.88,0.88,-7.01,-6.19,6.77,1,16.87,173348
RECT11,Lajes Corporativas,35.4,191241.14,0.45,1.27,3.51,7.04,14.78,1.17,1.17,1.23,13.35,4.42,5.75,60.54,775342840.76,90.75,0.39,0.41,-3.13,-2.73,-0.65,9,25.86,51482
REIT11,Papéis,82.1,82.0,2.91,0.0,0.0,0.0,2.76,0.0,0.0,0.23,2.76,0.0,0.0,,8005158.25,,,,,,,1,37.83,62
RELG11,Imóveis Industriais e Logísticos,64.31,40514.19,0.8,1.24,3.62,6.82,14.39,1.21,1.14,1.2,12.82,-3.99,-2.8,43.35,114161430.13,85.54,0.75,0.94,-29.94,-29.29,-23.3,5,36.66,4111
RENV11,Serviços Financeiros Diversos,5.48,10249.62,0.08,1.46,3.47,4.19,7.22,1.16,0.7,0.9,4.53,-1.62,-0.18,-40.29,14699669.19,,,,,,,14,144.85,532
RFOF11,Fundo de Fundos,64.49,118045.0,0.65,0.0,2.07,5.21,12.4,0.69,0.87,1.03,11.17,0.0,0.0,,76248633.47,70.72,0.91,0.92,-11.53,-10.72,-9.64,14,25.62,3807
RIFF11,Indefinido,7.58,84921.29,0.01,0.08,0.0,1.34,9.56,0.0,0.22,0.8,8.05,-1.45,-1.37,22.73,,,,,,,,0,36.76,0
RINV11,Indefinido,103.0,177965.86,1.05,1.03,3.08,6.18,13.14,1.03,1.03,1.1,10.8,-1.45,-0.43,26.13,338015704.35,,,,,,,14,11.68,3921
RMAI11,Lajes Corporativas,57.0,4997.13,0.45,0.75,2.25,3.64,7.76,0.75,0.61,0.65,7.76,2.2,2.97,4.55,337271274.98,3.59,15.88,15.04,-96.67,-96.17,-96.09,2,51.8,1062
RNDP11,Papéis,40.5,14794.0,40.38,99.67,0.0,0.0,147.76,0.0,0.0,12.31,145.4,-5.64,88.42,309.72,4329855.96,,,0.0,-100.0,0.0,0.0,14,91.24,1292
RNGO11,Lajes Corporativas,51.0,40658.95,0.29,0.57,1.7,3.97,9.47,0.57,0.66,0.79,8.54,-2.61,-2.06,35.64,224466614.97,83.88,0.61,0.35,-3.19,-2.85,1.65,4,18.6,7364
ROOF11,Fundo de Desenvolvimento,354.14,386.0,38.71,0.0,0.0,1.31,19.61,0.0,0.22,1.63,15.9,0.0,0.0,,29113125.73,,,,,,,39,57.49,81
RPRI11,Papéis,83.98,193190.71,0.9,1.05,3.3,7.22,15.18,1.1,1.2,1.27,13.96,-0.69,0.36,26.22,342974362.85,,,,,,,14,15.08,4215
RRCI11,Papéis,78.85,397059.7,0.85,1.05,2.16,5.69,13.51,0.72,0.95,1.13,12.13,5.88,6.99,48.56,43548340.5,90.39,0.87,0.94,-3.92,-3.02,8.05,14,20.85,1562
RSPD11,Fundo de Desenvolvimento,1009.99,1009.0,28.19,0.0,0.0,4.69,12.11,0.0,0.78,1.01,10.21,0.0,0.0,,135515956.14,1130.1,0.89,0.98,-1.08,-0.11,-0.11,14,94.87,139
RURA11,Indefinido,8.11,1130377.71,0.11,1.34,3.94,7.73,14.17,1.31,1.29,1.18,13.32,-0.84,0.48,32.72,1647757171.54,10.29,0.79,1.02,0.0,0.0,0.0,0,15.9,85489
RVBI11,Fundo de Fundos,60.23,604022.78,0.7,1.1,3.32,6.6,14.16,1.11,1.1,1.18,11.61,0.46,1.56,29.33,760035629.11,73.96,0.81,0.95,-11.97,-11.14,-5.6,14,18.57,55894
RZAG11,Indefinido,9.07,709118.1,0.13,1.36,4.1,8.42,17.77,1.37,1.4,1.48,16.2,-0.86,0.48,53.86,660964408.83,9.71,0.93,1.29,1.59,2.9,15.73,0,12.53,83532
RZAK11,Papéis,82.08,636500.48,1.1,1.32,4.13,8.35,19.0,1.38,1.39,1.58,15.7,0.68,2.01,49.33,771276580.55,87.57,0.94,1.31,-6.55,-5.32,4.88,14,11.59,45016
RZAT11,Imóveis Industriais e Logísticos,88.97,321810.57,0.9,0.99,3.26,7.03,14.89,1.09,1.17,1.24,12.29,-1.59,-0.61,37.52,425700637.94,,,,,,,13,15.54,35090
RZEO11,Indefinido,190.0,3610.0,0.95,0.0,0.0,0.0,22.02,0.0,0.0,4.4,19.47,0.0,0.0,,599903428.79,190.27,1.0,0.5,0.0,0.0,0.0,0,60.53,155
RZLC11,Papéis,1003.09,512433.71,13.7,1.35,2.58,6.39,12.96,0.86,1.07,1.08,12.01,0.0,0.0,,48491812.69,,,,,,,0,28.28,100
RZTR11,Misto,92.13,1574754.38,1.0,1.08,3.25,6.65,14.61,1.08,1.11,1.22,13.18,-0.22,0.86,31.85,1826211535.24,96.87,0.95,1.03,-0.57,0.45,11.98,16,12.31,146471
RZZR11,Imóveis Industriais e Logísticos,134.98,42895.7,1.21,0.85,2.57,4.32,9.48,0.86,0.72,0.79,7.88,4.81,5.7,-3.88,947795473.74,,,,,,,10,68.37,489
SALI11,Misto,,,0.8,0.0,0.0,0.0,0.0,0.0,0.0,0.0,0.0,0.0,0.0,,7494221.79,,,,,,,5,,2
SAPI11,Misto,8.88,97259.29,0.11,1.27,3.88,7.95,16.09,1.29,1.33,1.34,14.86,2.51,3.81,42.35,152916356.43,,,,,,,14,20.18,3320
SARE11,Misto,4.8,255866.36,0.03,0.57,0.0,1.13,4.75,0.0,0.19,0.4,4.18,-1.5,-0.94,36.24,721088919.65,7.75,0.62,0.34,-91.79,-91.76,-91.52,2,23.02,27170
SCPF11,Shoppings,2.67,503.52,0.05,1.07,0.0,0.0,0.0,0.0,0.0,0.0,1.46,-8.68,-7.7,-11.74,44758085.37,11.84,0.23,0.38,1.11,1.49,-3.03,1,74.24,4381
SDIL11,Imóveis Industriais e Logísticos,96.5,1030917.86,0.75,0.76,2.49,5.22,10.27,0.83,0.87,0.86,6.12,2.04,2.82,10.51,612048658.06,98.33,0.98,0.83,-0.22,0.61,9.86,5,14.97,63292
SEED11,Indefinido,98.34,200.0,1.1,0.0,0.0,0.0,6.99,0.0,0.0,0.58,5.89,0.0,0.0,,147503152.45,,,,,,,14,28.21,131
SEQR11,Misto,50.79,35368.43,0.58,1.15,3.51,7.18,15.0,1.17,1.2,1.25,13.69,1.66,2.83,31.39,154607101.33,92.82,0.55,0.63,-1.0,-0.38,5.45,4,18.09,4628
SHOP11,Shoppings,35.0,419.75,6.75,0.0,0.0,0.0,0.0,0.0,0.0,0.0,0.0,0.0,0.0,,74627763.77,,,,,,,1,172.66,89
SHPH11,Shoppings,889.99,24889.48,4.5,0.51,1.54,5.58,9.14,0.51,0.93,0.76,8.62,-8.66,-8.19,26.53,615503815.86,1010.76,0.88,0.49,13.04,13.6,19.19,1,42.01,2089
SHPP11,Shoppings,10.89,3999500.43,0.06,0.0,0.54,2.52,2.52,0.54,0.84,0.84,2.52,0.0,0.0,,448502800.49,,,,,,,0,38.12,125
SHSO11,Indefinido,,,0.42,0.0,0.0,0.0,0.0,0.0,0.0,0.0,0.0,0.0,0.0,,118155565.38,,,,,,,14,,8102
SIGR11,Indefinido,99.9,100.0,1.3,0.0,0.0,0.0,0.0,0.0,0.0,0.0,1.32,0.0,0.0,,188386462.18,,,,,,,14,1.55,9479
SJAU11,Imóveis Industriais e Logísticos,2.64,4972.29,20.13,231.65,0.0,231.65,848.21,0.0,115.83,424.11,848.21,58.29,424.96,424.96,11357373.22,,,,,,,14,3799.95,394
SMRE11,Incorporações,70.75,211861.29,1.04,1.33,3.91,7.83,14.92,1.3,1.31,1.24,13.79,-2.28,-0.98,-0.48,105289583.37,,,,,,,14,49.04,1361
SNAG11,Papéis,9.78,723025.86,0.12,1.24,3.65,7.15,14.45,1.22,1.19,1.2,12.18,0.94,2.19,23.35,620257779.96,10.21,0.96,1.18,-89.92,-89.8,-89.47,0,13.39,115813
SNCI11,Papéis,81.83,345345.76,1.0,1.2,3.54,6.94,14.47,1.18,1.16,1.21,11.88,-1.46,-0.28,26.32,407512746.72,97.03,0.84,1.03,-0.38,0.65,10.6,14,18.46,36811
SNEL11,Fundo de Desenvolvimento,8.54,682332.71,0.1,1.17,3.52,7.14,14.55,1.17,1.19,1.21,12.05,-0.12,1.05,20.45,325779875.44,,,,,,,14,11.33,47242
SNFF11,Fundo de Fundos,71.84,246398.1,1.1,1.52,3.57,6.59,12.8,1.19,1.1,1.07,10.84,1.59,3.13,12.16,343074465.47,85.33,0.84,0.84,-3.59,-2.78,-1.16,14,14.67,26509
SNFZ11,Misto,9.98,481273.86,0.1,1.03,3.09,5.49,9.29,1.03,0.92,0.77,8.11,-0.51,0.51,13.44,61257672.99,9.88,1.01,1.01,0.0,0.0,0.0,0,18.48,4428
SNID11,Indefinido,10.37,69988.48,0.12,1.16,3.51,7.16,14.22,1.17,1.19,1.19,11.92,0.58,1.75,37.27,,,,,,,,0,18.89,0
SNLG11,Imóveis Industriais e Logísticos,1.4,101941.24,0.84,8400.0,0.0,0.0,8633.92,0.0,0.0,719.49,8496.77,-96.77,174.19,457.52,1187475.18,,,,,,,6,2224.28,8169
SNME11,Indefinido,9.43,78123.9,0.15,1.55,3.86,7.4,14.83,1.29,1.23,1.24,12.54,0.73,2.29,23.51,71491626.41,,,,,,,2,19.02,4002
SOLR11,Imóveis Comerciais - Outros,1051.35,4931882.0,4.77,0.0,0.0,0.0,0.0,0.0,0.0,0.0,0.0,0.0,0.0,,57419468.68,,,,,,,1,121.75,1
SPDE11,Indefinido,1266.67,2533.3,6.89,0.0,0.0,0.0,8.45,0.0,0.0,0.7,5.91,0.0,0.0,,120356433.38,,,,,,,14,40.35,120
SPMO11,Indefinido,144.0,335334.0,0.43,0.0,0.0,0.0,0.0,0.0,0.0,0.0,0.0,0.0,0.0,,243992018.05,,,,,,,14,25.5,14
SPTW11,Lajes Corporativas,35.96,33811.76,0.42,1.16,3.54,7.28,15.42,1.18,1.21,1.29,14.1,-0.52,0.63,30.34,105492004.22,58.67,0.61,0.72,5.26,6.01,21.73,1,23.56,18441
SPVJ11,Shoppings,,,0.16,0.0,0.0,0.0,0.0,0.0,0.0,0.0,0.0,0.0,0.0,,142644554.7,22.6,,0.56,-80.56,-80.45,-77.28,14,,24
SPXS11,Indefinido,8.53,146805.71,0.11,1.28,3.81,7.48,15.06,1.27,1.25,1.26,13.75,0.95,2.24,27.83,191307742.67,,,,,,,14,20.46,19956
SRVD11,Indefinido,3.0,233.91,0.2,2.29,0.0,0.0,0.0,0.0,0.0,0.0,3.3,-9.79,-7.73,-7.73,15974479.18,1.19,2.53,16.87,-0.11,16.74,25.64,14,375.98,106
STRX11,Fundo de Desenvolvimento,141.96,142.0,0.89,0.0,0.64,0.64,3.87,0.64,0.64,0.32,3.4,0.0,0.0,,229058500.91,141.96,1.0,0.63,-4.29,-3.68,7.99,3,11.28,111
TCPF11,Misto,39.53,,1.31,0.0,0.0,0.0,0.0,0.0,0.0,0.0,0.0,0.0,0.0,,29704139.65,,,,,,,14,,52
TELM11,Indefinido,10.5,8023.4,0.11,1.09,1.09,3.16,7.69,0.36,0.53,0.77,6.99,0.0,0.0,,21027009.71,,,,,,,14,55.63,113
TEPP11,Lajes Corporativas,81.28,734474.67,0.74,0.92,2.73,6.36,13.18,0.91,1.06,1.1,12.14,-3.79,-2.9,21.19,413623530.76,97.97,0.83,0.76,2.35,3.12,15.1,4,15.25,25357
TGAR11,Fundo de Desenvolvimento,84.76,2365310.43,1.0,1.17,3.53,7.02,14.67,1.18,1.17,1.22,13.36,0.12,1.29,11.04,2565249593.0,108.84,0.78,0.92,-14.82,-14.04,-4.15,9,22.41,152622
TJKB11,Indefinido,250.79,20671.3,2.9,1.16,3.47,7.01,14.69,1.16,1.17,1.22,10.86,-2.33,-1.19,2.74,304484791.45,,,,,,,10,55.88,407
TMPS11,Fundo de Fundos,78.85,115364.38,0.85,1.06,3.17,6.3,15.17,1.06,1.05,1.26,12.96,-0.74,0.31,23.62,92510924.87,,,,,,,14,17.88,1931
TOPP11,Imóveis Comerciais - Outros,70.07,232485.67,0.84,1.24,3.68,7.27,14.63,1.23,1.21,1.22,12.37,-1.95,-0.73,23.11,483256408.38,,,,,,,2,25.07,4643
TORD11,Misto,3.01,9160.67,0.01,0.33,0.97,3.78,4.37,0.97,0.63,0.36,4.37,-2.9,-2.58,-90.11,203556049.76,13.94,0.22,0.36,8.23,8.62,12.48,2,32.65,48741
TRBL11,Imóveis Industriais e Logísticos,61.78,305159.29,0.6,0.95,2.82,5.8,11.73,0.94,0.97,0.98,10.78,-5.16,-4.26,7.18,662998239.01,,,,,,,5,30.8,48269
TRNT11,Lajes Corporativas,93.54,13039.89,0.07,0.06,0.0,0.0,0.0,0.0,0.0,0.0,0.71,0.0,0.0,,703814762.96,197.64,0.47,0.04,0.38,0.42,-0.87,1,39.33,525
TRXB11,Fundo de Desenvolvimento,157.94,10186.1,1.6,1.0,4.39,7.65,21.03,1.46,1.28,1.75,16.71,1.79,2.81,62.76,381888203.89,,,,,,,13,72.62,478
TRXF11,Imóveis Comerciais - Outros,100.6,3857324.76,0.93,0.92,2.81,6.2,13.78,0.94,1.03,1.15,12.77,2.87,3.81,24.93,3299823689.43,101.55,0.99,0.92,-3.7,-2.82,12.78,48,12.62,202626
TRXY11,Outros,8.99,10269.05,0.11,1.22,3.56,7.26,14.11,1.19,1.21,1.41,14.11,-2.7,-1.52,15.57,147193150.91,,,,,,,0,29.46,754
TSER11,Lajes Corporativas,97.0,194.0,0.98,0.0,0.0,0.0,4.97,0.0,0.0,0.41,4.97,0.0,0.0,,144758998.26,,,,,,,1,22.03,19
TVRI11,Agências de Bancos,93.05,566509.19,1.05,1.12,3.36,6.78,14.21,1.12,1.13,1.18,13.0,-1.07,0.04,30.95,1657332132.53,,,,,,,59,14.33,59867
URHF11,Outros,74.75,3303.63,1.15,1.51,4.38,8.72,17.76,1.46,1.45,1.48,16.4,-7.89,-6.5,1.57,10575932.06,,,,,,,14,81.18,214
URPR11,Papéis,34.0,506883.33,0.35,1.04,3.23,6.36,15.43,1.08,1.06,1.29,13.81,-11.14,-10.22,-28.96,1178304124.61,100.42,0.34,0.4,1.63,2.03,26.3,14,28.0,67279
VANG11,Indefinido,103.06,767900.0,1.0,0.0,0.0,0.0,5.97,0.0,0.0,0.66,4.98,0.0,0.0,,,,,,,,,0,32.12,0
VCJR11,Papéis,76.2,948295.29,1.0,1.29,3.46,7.1,15.67,1.15,1.18,1.31,14.44,-2.0,-0.74,22.29,1375616102.88,93.43,0.82,0.96,-0.87,0.08,12.87,14,17.92,29498
VCRA11,Indefinido,60.51,273895.67,1.06,1.75,4.8,8.51,18.42,1.6,1.42,1.54,16.94,-2.6,-0.9,21.75,470039213.29,102.32,0.59,0.93,-0.06,0.86,2.34,0,20.01,9765
VCRI11,Papéis,6.96,99368.1,0.09,1.27,3.75,7.81,15.86,1.25,1.3,1.32,14.57,-3.14,-1.91,24.14,192908244.17,9.39,0.74,0.96,-0.63,0.32,2.1,14,19.82,13852
VCRR11,Imóveis Residenciais,68.01,678612.48,0.5,0.73,2.26,4.63,10.32,0.75,0.77,0.86,9.29,1.69,2.43,28.12,252560404.68,126.28,0.54,0.4,-1.53,-1.14,13.26,14,25.22,3367
VGHF11,Misto,7.36,1962609.29,0.07,0.92,3.11,6.81,14.54,1.04,1.14,1.21,13.26,-1.92,-1.02,24.15,1412004912.46,8.57,0.86,1.05,-6.44,-5.46,6.67,14,17.22,391484
VGIA11,Indefinido,9.68,1010192.52,0.14,1.43,4.27,8.51,17.68,1.42,1.42,1.47,14.56,4.48,5.98,64.43,837940105.35,9.69,1.0,1.34,1.69,3.06,11.45,0,14.68,169106
VGII11,Tecidos Vestuário e Calçados,101.41,699932.0,4.82,5.33,0.0,0.0,9.63,0.0,0.0,0.8,5.33,0.0,5.33,5.33,51343542.97,,,,,,,14,17.46,3
VGIP11,Papéis,75.98,927445.95,0.74,0.93,2.88,8.34,15.35,0.96,1.39,1.28,13.05,-1.19,-0.27,41.39,1045485325.41,88.7,0.86,0.92,-1.92,-1.02,7.6,14,20.55,84310
VGIR11,Papéis,9.49,3271121.1,0.13,1.36,4.19,8.11,16.05,1.4,1.35,1.34,13.35,-1.34,0.0,39.49,1428717468.19,9.78,0.97,1.33,1.45,2.8,-88.68,1,11.98,259612
VGRI11,Misto,7.9,365870.81,0.12,1.46,4.21,8.58,20.8,1.4,1.43,1.73,18.67,-5.31,-3.93,40.16,372284929.75,,,,,,,5,21.29,20129
VIDS11,Fundo de Desenvolvimento,915.64,,16.06,0.0,0.0,0.0,0.0,0.0,0.0,0.0,0.0,0.0,0.0,,76486502.92,,,,,,,14,0.42,199
VIFI11,Fundo de Fundos,6.96,30.26,0.07,1.01,0.0,0.0,4.03,0.0,0.0,0.34,3.0,-7.57,-6.64,5.15,64507809.24,7.97,0.87,0.88,-9.94,-9.15,-72.22,14,20.76,5521
VIGT11,,38.22,306330.71,0.2,0.51,1.29,2.52,4.2,0.43,0.42,0.35,4.2,5.35,5.88,-26.62,,,,,,,,0,57.21,0
VILG11,Imóveis Industriais e Logísticos,89.38,1676865.76,0.72,0.79,2.46,4.99,10.24,0.82,0.83,0.85,9.38,2.93,3.75,39.77,1688506029.67,112.59,0.79,0.64,0.29,0.93,7.17,15,17.78,143121
VINO11,Lajes Corporativas,4.93,348016.71,0.05,1.0,2.97,6.65,13.1,0.99,1.11,1.09,12.0,-2.72,-1.75,24.36,829637912.87,10.02,0.49,0.5,-81.7,-81.61,-80.51,10,23.44,140883
VISC11,Shoppings,105.03,2623715.57,0.81,0.76,2.27,4.64,9.7,0.76,0.77,0.81,8.82,-3.1,-2.36,29.42,3552479893.32,123.23,0.85,0.66,-0.48,0.17,15.1,30,16.78,340069
VIUR11,Misto,5.56,91239.24,0.07,1.2,3.6,7.23,15.12,1.2,1.21,1.26,13.84,-1.76,-0.58,22.42,235499598.74,8.74,0.64,0.77,-5.0,-4.27,-90.02,7,21.31,44672
VJFD11,Papéis,155.02,3889.59,0.82,0.0,0.0,0.0,2.9,0.0,0.0,0.24,2.42,0.0,0.0,,799464292.52,163.95,0.95,0.5,20.49,21.09,28.08,39,4.05,96
VLIQ11,Indefinido,,,5.04,0.0,0.0,0.0,0.0,0.0,0.0,0.0,0.0,0.0,0.0,,118155565.38,,,,,,,14,,8102
VLOL11,Lajes Corporativas,88.0,160238.13,16.3,0.0,0.0,0.0,0.0,0.0,0.0,0.0,1.99,0.0,0.0,,118155565.38,111.06,0.79,0.55,-0.14,0.4,14.11,14,9.89,8102
VOTS11,Papéis,76.02,6597.31,0.62,0.0,1.02,3.54,9.39,0.34,0.59,0.78,8.35,0.0,0.0,,76340139.48,92.21,0.82,0.74,-1.16,-0.43,8.52,14,44.97,557
VPPR11,Lajes Corporativas,15.3,33175.33,0.07,0.53,0.0,0.0,1.01,0.0,0.0,0.08,0.53,-10.74,-10.27,-10.27,290270133.17,,,,,,,2,15.48,35403
VRTA11,Papéis,76.23,852091.14,0.85,1.09,3.28,6.53,13.26,1.09,1.09,1.11,12.16,-1.9,-0.83,20.39,1309134575.31,83.96,0.91,1.01,-7.91,-6.98,1.44,14,15.72,109760
VRTM11,Misto,6.78,159266.33,0.09,1.31,3.91,7.81,16.34,1.3,1.3,1.36,14.96,-1.44,-0.15,22.45,437594292.66,,,,,,,7,15.23,11734
VSEC11,Papéis,0.21,2.5,2.05,0.0,0.0,0.0,0.0,0.0,0.0,0.0,138.0,0.0,0.0,,118155565.38,,,,,,,14,904.16,8102
VSHO11,Shoppings,73.81,115809.29,0.7,0.94,2.4,5.47,11.63,0.8,0.91,0.97,10.52,0.15,1.09,30.26,242772159.44,115.67,0.64,0.41,16.4,16.88,22.29,3,16.83,3045
VSLH11,Papéis,2.52,44789.86,0.03,1.15,3.35,6.6,13.88,1.12,1.1,1.16,12.55,-3.45,-2.34,-5.15,299951487.02,10.04,0.25,0.29,-3.37,-3.09,15.38,14,18.86,66624
VTLT11,Imóveis Industriais e Logísticos,87.01,64374.33,1.03,1.18,3.57,6.99,14.16,1.19,1.17,1.18,13.02,0.83,2.02,22.03,219420230.9,103.74,0.84,0.99,2.99,4.01,11.72,1,15.42,5660
VTPL11,Papéis,65.9,66.0,0.51,0.0,0.0,0.0,0.0,0.0,0.0,0.0,0.0,0.0,0.0,,138808961.2,,,,,,,2,8.87,125
VVCO11,Lajes Corporativas,14.85,2706.25,11.16,0.0,0.0,0.0,0.0,0.0,0.0,0.0,0.0,0.0,0.0,,145964531.15,,,,,,,4,16.38,2582
VVCR11,Papéis,8.85,82726.67,0.06,0.61,2.71,6.04,12.99,0.9,1.01,1.08,10.89,-0.7,-0.1,27.69,76011138.61,,,,,,,14,27.63,2149
VVMR11,Lajes Corporativas,84.99,18302.92,0.2,0.0,0.48,0.93,2.61,0.48,0.93,0.22,1.47,0.0,0.0,,299813568.38,,,,,,,5,27.39,585
VVPR11,Misto,101.5,1249061.55,0.89,0.89,0.0,0.0,0.0,0.0,0.0,0.0,7.45,0.4,1.3,14.44,118155565.38,98.03,1.04,0.74,-0.1,0.64,0.09,14,3.43,8102
VVRI11,Indefinido,90.0,77.14,0.75,0.0,1.55,2.71,8.11,0.52,0.45,0.68,5.54,0.0,0.0,,72671229.34,,,,,,,3,95.56,153
VXXV11,Fundo de Desenvolvimento,683.0,487.86,273.35,0.0,0.0,0.0,0.0,0.0,0.0,0.0,0.0,0.0,0.0,,295901798.51,,,,,,,1,3.85,19
WHGR11,Indefinido,8.84,161870.19,0.1,1.11,3.36,6.09,13.52,1.12,1.02,1.13,13.52,-0.33,0.77,28.22,299129500.9,,,,,,,1,16.0,14323
WPLZ11,Shoppings,45.2,3127.89,0.37,0.75,2.25,6.48,10.44,0.75,1.08,0.87,9.86,0.8,1.55,9.75,78040638.69,66.7,0.68,0.55,-24.03,-23.61,-31.36,1,44.02,1569
WSEC11,Indefinido,1.95,7580.48,4.07,75.95,77.81,145.28,190.55,25.94,24.21,15.88,195.86,-5.63,66.04,747.02,14176356.51,,,,,,,14,243.14,892
WTSP11B,Misto,36.0,3852.0,0.05,0.09,0.81,26.17,27.19,0.81,4.36,2.27,0.81,0.0,0.0,,104295912.94,84.21,0.43,0.06,16.18,16.25,12.98,2,6.67,210
XPCA11,Indefinido,7.86,339695.43,0.11,1.38,4.13,8.38,15.47,1.38,1.4,1.29,14.76,-0.74,0.63,64.81,438387264.28,9.63,0.82,1.14,1.47,2.63,15.42,0,16.48,94725
XPCI11,Papéis,81.96,965149.52,0.9,1.08,3.32,7.0,14.05,1.11,1.17,1.17,12.91,-1.54,-0.47,33.63,768483944.72,88.32,0.93,1.08,-3.82,-2.79,5.81,14,18.53,70645
XPCM11,Lajes Corporativas,8.29,10998.1,0.02,0.2,0.0,0.0,0.0,0.0,0.0,0.0,0.2,-0.87,-0.67,-0.67,69694869.72,29.04,0.29,0.07,-34.13,-34.09,-44.99,1,42.75,2
XPHT11,Hotéis,123.0,230869.59,0.41,0.93,2.91,5.33,10.11,0.97,0.89,0.84,10.11,15.85,16.93,15.37,581976733.73,63.13,1.95,0.65,-33.0,-32.56,-26.69,14,29.85,1268
XPID11,Indefinido,49.56,105081.1,0.5,1.01,2.95,6.11,13.69,0.98,1.02,1.14,12.44,-2.29,-1.3,0.05,,,,,,,,0,24.72,0
XPIE11,Indefinido,54.2,909852.14,0.93,1.63,3.3,5.85,15.17,1.1,0.98,1.26,18.73,-4.55,-2.99,25.34,,,,,,,,0,18.26,0
XPIN11,Imóveis Industriais e Logísticos,74.6,184817.05,0.85,1.14,3.27,6.44,13.52,1.09,1.07,1.13,11.13,-1.71,-0.59,38.82,722665306.63,101.07,0.74,0.77,-2.71,-1.96,-0.53,81,16.32,41994
XPLG11,Imóveis Industriais e Logísticos,100.96,1813282.76,0.82,0.81,2.44,4.95,10.34,0.81,0.83,0.86,9.44,0.67,1.49,28.28,3306774149.11,106.07,0.95,0.77,-6.89,-6.17,4.75,18,14.92,336298
XPML11,Shoppings,106.59,6114114.9,0.92,0.87,2.66,5.35,11.22,0.89,0.89,0.94,9.24,0.0,0.87,28.63,6387056178.54,112.61,0.95,0.82,11.56,12.47,20.53,20,14.75,608916
XPPR11,Lajes Corporativas,12.54,78639.38,0.07,0.53,1.02,2.3,4.38,0.34,0.38,0.37,0.53,-9.03,-8.55,-8.55,443953188.51,60.68,0.21,0.12,-18.41,-18.31,-21.4,2,21.62,42867
XPSF11,Fundo de Fundos,6.31,357353.24,0.07,1.03,3.14,6.2,12.91,1.05,1.03,1.08,11.73,0.64,1.67,20.17,341626119.33,7.89,0.8,0.82,-5.51,-4.73,-90.04,14,17.39,57904
XTED11,Lajes Corporativas,8.82,17641.88,11.16,,,,,,,,,,,,67378204.04,28.02,0.31,0.0,-0.36,-0.36,-3.45,1,29.46,4098
YUFI11,Fundo de Desenvolvimento,59.5,5.17,29.23,0.0,0.0,0.0,2.99,0.0,0.0,0.25,2.8,0.0,0.0,,22570787.07,,,,,,,11,40.38,56
YUFI11B,Indefinido,,,0.63,0.0,0.0,0.0,0.0,0.0,0.0,0.0,,0.0,0.0,0.0,,105.53,,0.6,-0.01,0.59,6.32,0,,0
ZAGH11,Serviços Financeiros Diversos,10.25,856.74,0.06,0.59,1.79,3.74,7.19,0.6,0.62,0.6,6.62,0.6,1.19,-11.58,80155518.98,,,,,,,1,69.01,438
ZAVC11,Indefinido,9.8,5697.76,0.13,0.0,2.68,7.22,15.9,0.89,1.2,1.33,0.0,0.0,0.0,,36098357.49,,,,,,,1,71.88,491
ZAVI11,Indefinido,91.99,18314.43,1.1,1.23,3.74,7.65,15.37,1.25,1.28,1.28,14.14,1.04,2.28,10.8,161732136.91,,,,,,,9,28.2,2410
ZIFI11,Fundo de Desenvolvimento,519.99,250.5,3.31,0.0,0.0,0.0,0.0,0.0,0.0,0.0,0.0,0.0,0.0,,83763503.94,,,,,,,14,53.76,92
